Block ID;Root X;Root Y;Root Z;Foreign block;Cell X;Cell Y;Cell Z;Teleport
bloodborne_blocks:owner_unified_087d77fe3a1aac4ce189;-450;41;-328;minecraft:light;-450;41;-327;/tp @s -450 43 -328
bloodborne_blocks:owner_unified_2aedb83a0de03185d106;-417;84;-331;minecraft:black_concrete;-416;84;-332;/tp @s -417 86 -331
bloodborne_blocks:owner_unified_2aedb83a0de03185d106;-413;84;-331;minecraft:black_concrete;-414;84;-332;/tp @s -413 86 -331
bloodborne_blocks:owner_unified_188c722cb55e5bed6291;-509;4;-313;minecraft:gravel;-510;3;-314;/tp @s -509 6 -313
bloodborne_blocks:owner_unified_188c722cb55e5bed6291;-509;4;-313;minecraft:gravel;-510;3;-313;/tp @s -509 6 -313
bloodborne_blocks:owner_unified_188c722cb55e5bed6291;-509;4;-313;minecraft:dirt;-509;3;-314;/tp @s -509 6 -313
bloodborne_blocks:owner_unified_188c722cb55e5bed6291;-509;4;-313;minecraft:dirt;-509;3;-313;/tp @s -509 6 -313
bloodborne_blocks:owner_unified_188c722cb55e5bed6291;-509;4;-313;minecraft:dirt;-509;3;-312;/tp @s -509 6 -313
bloodborne_blocks:owner_unified_188c722cb55e5bed6291;-509;4;-313;minecraft:dirt;-508;3;-314;/tp @s -509 6 -313
bloodborne_blocks:owner_unified_188c722cb55e5bed6291;-509;4;-313;minecraft:dirt;-508;3;-313;/tp @s -509 6 -313
bloodborne_blocks:owner_unified_087d77fe3a1aac4ce189;-376;41;-315;minecraft:light;-375;41;-315;/tp @s -376 43 -315
bloodborne_blocks:owner_unified_2c32ee12d0841335f15d;-359;74;-312;biomesoplenty:fir_planks;-360;74;-311;/tp @s -359 76 -312
bloodborne_blocks:owner_unified_2c32ee12d0841335f15d;-359;74;-312;biomesoplenty:fir_planks;-359;74;-311;/tp @s -359 76 -312
bloodborne_blocks:owner_unified_2c32ee12d0841335f15d;-359;74;-312;minecraft:smithing_table;-359;75;-311;/tp @s -359 76 -312
bloodborne_blocks:owner_unified_2c32ee12d0841335f15d;-359;74;-312;biomesoplenty:fir_planks;-358;74;-311;/tp @s -359 76 -312
bloodborne_blocks:owner_unified_2c32ee12d0841335f15d;-361;74;-310;biomesoplenty:fir_planks;-360;74;-311;/tp @s -361 76 -310
bloodborne_blocks:owner_unified_2c32ee12d0841335f15d;-361;74;-310;biomesoplenty:fir_planks;-360;74;-310;/tp @s -361 76 -310
bloodborne_blocks:owner_unified_2c32ee12d0841335f15d;-361;74;-310;biomesoplenty:fir_planks;-360;74;-309;/tp @s -361 76 -310
bloodborne_blocks:owner_unified_2c32ee12d0841335f15d;-359;75;-312;minecraft:smithing_table;-359;75;-311;/tp @s -359 77 -312
bloodborne_blocks:owner_unified_2c32ee12d0841335f15d;-352;74;-312;biomesoplenty:fir_planks;-353;74;-311;/tp @s -352 76 -312
bloodborne_blocks:owner_unified_2c32ee12d0841335f15d;-352;74;-312;biomesoplenty:fir_planks;-352;74;-311;/tp @s -352 76 -312
bloodborne_blocks:owner_unified_2c32ee12d0841335f15d;-352;74;-312;biomesoplenty:fir_planks;-351;74;-311;/tp @s -352 76 -312
bloodborne_blocks:owner_unified_2c32ee12d0841335f15d;-352;76;-312;magic_vibe_decorations:bkspruce;-353;77;-311;/tp @s -352 78 -312
bloodborne_blocks:owner_unified_2c32ee12d0841335f15d;-352;77;-312;magic_vibe_decorations:bkspruce;-353;77;-311;/tp @s -352 79 -312
bloodborne_blocks:owner_unified_2c32ee12d0841335f15d;-352;77;-312;handcrafted:oak_corner_trim;-351;78;-311;/tp @s -352 79 -312
bloodborne_blocks:owner_unified_2c32ee12d0841335f15d;-352;78;-312;handcrafted:oak_corner_trim;-351;78;-311;/tp @s -352 80 -312
bloodborne_blocks:owner_unified_188c722cb55e5bed6291;-509;4;-304;minecraft:gravel;-510;3;-305;/tp @s -509 6 -304
bloodborne_blocks:owner_unified_188c722cb55e5bed6291;-509;4;-304;minecraft:dirt;-510;3;-304;/tp @s -509 6 -304
bloodborne_blocks:owner_unified_188c722cb55e5bed6291;-509;4;-304;minecraft:dirt;-510;3;-303;/tp @s -509 6 -304
bloodborne_blocks:owner_unified_188c722cb55e5bed6291;-509;4;-304;minecraft:dirt;-509;3;-305;/tp @s -509 6 -304
bloodborne_blocks:owner_unified_188c722cb55e5bed6291;-509;4;-304;minecraft:gravel;-509;3;-304;/tp @s -509 6 -304
bloodborne_blocks:owner_unified_188c722cb55e5bed6291;-509;4;-304;minecraft:dirt;-509;3;-303;/tp @s -509 6 -304
bloodborne_blocks:owner_unified_188c722cb55e5bed6291;-509;4;-304;minecraft:dirt;-508;3;-305;/tp @s -509 6 -304
bloodborne_blocks:owner_unified_188c722cb55e5bed6291;-509;4;-304;minecraft:dirt;-508;3;-304;/tp @s -509 6 -304
bloodborne_blocks:owner_unified_087d77fe3a1aac4ce189;-441;65;-295;minecraft:light;-441;65;-296;/tp @s -441 67 -295
bloodborne_blocks:owner_unified_087d77fe3a1aac4ce189;-365;73;-299;minecraft:light;-365;73;-300;/tp @s -365 75 -299
bloodborne_blocks:owner_unified_2c32ee12d0841335f15d;-361;74;-303;biomesoplenty:fir_planks;-360;74;-304;/tp @s -361 76 -303
bloodborne_blocks:owner_unified_2c32ee12d0841335f15d;-361;74;-303;biomesoplenty:fir_planks;-360;74;-303;/tp @s -361 76 -303
bloodborne_blocks:owner_unified_2c32ee12d0841335f15d;-361;74;-303;biomesoplenty:fir_planks;-360;74;-302;/tp @s -361 76 -303
bloodborne_blocks:owner_unified_2c32ee12d0841335f15d;-361;74;-303;handcrafted:dark_oak_shelf;-360;75;-302;/tp @s -361 76 -303
bloodborne_blocks:owner_unified_2c32ee12d0841335f15d;-361;75;-303;handcrafted:dark_oak_shelf;-360;75;-302;/tp @s -361 77 -303
bloodborne_blocks:owner_unified_2c32ee12d0841335f15d;-361;75;-303;handcrafted:dark_oak_shelf;-360;76;-302;/tp @s -361 77 -303
bloodborne_blocks:owner_unified_2c32ee12d0841335f15d;-361;76;-303;handcrafted:dark_oak_shelf;-360;76;-302;/tp @s -361 78 -303
bloodborne_blocks:owner_unified_2c32ee12d0841335f15d;-361;76;-303;handcrafted:dark_oak_cupboard;-360;77;-302;/tp @s -361 78 -303
bloodborne_blocks:owner_unified_2c32ee12d0841335f15d;-361;77;-303;handcrafted:dark_oak_cupboard;-360;77;-302;/tp @s -361 79 -303
bloodborne_blocks:owner_unified_2c32ee12d0841335f15d;-359;78;-294;handcrafted:oak_corner_trim;-359;78;-295;/tp @s -359 80 -294
bloodborne_blocks:owner_unified_0908b2043ebba5ad5071;-361;76;-301;handcrafted:dark_oak_shelf;-360;75;-302;/tp @s -361 78 -301
bloodborne_blocks:owner_unified_0908b2043ebba5ad5071;-361;76;-301;handcrafted:dark_oak_shelf;-360;76;-302;/tp @s -361 78 -301
bloodborne_blocks:owner_unified_0908b2043ebba5ad5071;-361;76;-301;handcrafted:dark_oak_cupboard;-360;77;-302;/tp @s -361 78 -301
bloodborne_blocks:owner_unified_06374441292b02b8fc8c;-351;75;-295;minecraft:fire;-350;75;-295;/tp @s -351 77 -295
bloodborne_blocks:owner_unified_06374441292b02b8fc8c;-349;75;-295;minecraft:fire;-350;75;-295;/tp @s -349 77 -295
bloodborne_blocks:owner_unified_2d5df88e23288c28b1c2;-349;77;-295;mcwlights:wall_lantern;-348;77;-295;/tp @s -349 79 -295
bloodborne_blocks:owner_unified_2c32ee12d0841335f15d;-343;74;-296;biomesoplenty:fir_planks;-344;74;-297;/tp @s -343 76 -296
bloodborne_blocks:owner_unified_2c32ee12d0841335f15d;-343;74;-296;biomesoplenty:fir_planks;-344;74;-296;/tp @s -343 76 -296
bloodborne_blocks:owner_unified_2c32ee12d0841335f15d;-343;74;-296;biomesoplenty:fir_planks;-344;74;-295;/tp @s -343 76 -296
bloodborne_blocks:owner_unified_2c32ee12d0841335f15d;-343;74;-296;yuushya:sink;-344;75;-296;/tp @s -343 76 -296
bloodborne_blocks:owner_unified_2c32ee12d0841335f15d;-352;74;-294;biomesoplenty:fir_planks;-353;74;-295;/tp @s -352 76 -294
bloodborne_blocks:owner_unified_2c32ee12d0841335f15d;-352;74;-294;biomesoplenty:fir_planks;-352;74;-295;/tp @s -352 76 -294
bloodborne_blocks:owner_unified_2c32ee12d0841335f15d;-345;74;-294;biomesoplenty:fir_planks;-346;74;-295;/tp @s -345 76 -294
bloodborne_blocks:owner_unified_2c32ee12d0841335f15d;-345;74;-294;biomesoplenty:fir_planks;-345;74;-295;/tp @s -345 76 -294
bloodborne_blocks:owner_unified_2c32ee12d0841335f15d;-345;74;-294;biomesoplenty:fir_planks;-344;74;-295;/tp @s -345 76 -294
bloodborne_blocks:owner_unified_2c32ee12d0841335f15d;-343;75;-296;yuushya:sink;-344;75;-296;/tp @s -343 77 -296
bloodborne_blocks:owner_unified_0908b2043ebba5ad5071;-343;76;-297;handcrafted:spruce_drawer;-344;75;-298;/tp @s -343 78 -297
bloodborne_blocks:owner_unified_0908b2043ebba5ad5071;-343;76;-297;yuushya:sink;-344;75;-296;/tp @s -343 78 -297
bloodborne_blocks:owner_unified_0908b2043ebba5ad5071;-343;76;-297;handcrafted:spruce_cupboard;-344;77;-298;/tp @s -343 78 -297
bloodborne_blocks:owner_unified_0908b2043ebba5ad5071;-343;76;-295;yuushya:sink;-344;75;-296;/tp @s -343 78 -295
bloodborne_blocks:owner_unified_087d77fe3a1aac4ce189;-301;76;-290;minecraft:light;-300;76;-290;/tp @s -301 78 -290
bloodborne_blocks:owner_unified_087d77fe3a1aac4ce189;-453;65;-273;minecraft:light;-454;65;-273;/tp @s -453 67 -273
bloodborne_blocks:owner_unified_087d77fe3a1aac4ce189;-298;76;-282;minecraft:light;-297;76;-281;/tp @s -298 78 -282
bloodborne_blocks:owner_unified_087d77fe3a1aac4ce189;-506;43;-265;minecraft:light;-506;43;-266;/tp @s -506 45 -265
bloodborne_blocks:owner_unified_087d77fe3a1aac4ce189;-463;60;-269;minecraft:light;-462;60;-269;/tp @s -463 62 -269
bloodborne_blocks:owner_unified_087d77fe3a1aac4ce189;-461;65;-272;minecraft:light;-462;65;-272;/tp @s -461 67 -272
bloodborne_blocks:owner_unified_087d77fe3a1aac4ce189;-421;83;-249;minecraft:light;-420;83;-249;/tp @s -421 85 -249
bloodborne_blocks:owner_unified_087d77fe3a1aac4ce189;-393;60;-253;minecraft:light;-393;60;-252;/tp @s -393 62 -253
bloodborne_blocks:owner_unified_246ff24df8e63908d4d5;-424;85;-221;minecraft:redstone_block;-423;84;-221;/tp @s -424 87 -221
bloodborne_blocks:owner_unified_246ff24df8e63908d4d5;-424;85;-221;minecraft:redstone_block;-423;85;-221;/tp @s -424 87 -221
bloodborne_blocks:owner_unified_087d77fe3a1aac4ce189;-403;60;-214;minecraft:light;-403;60;-213;/tp @s -403 62 -214
bloodborne_blocks:owner_unified_4525242dd1ddebe15200;-404;84;-220;minecraft:redstone_block;-404;84;-221;/tp @s -404 86 -220
bloodborne_blocks:owner_unified_4525242dd1ddebe15200;-404;84;-218;minecraft:light;-405;85;-218;/tp @s -404 86 -218
bloodborne_blocks:owner_unified_4525242dd1ddebe15200;-404;84;-215;minecraft:light;-405;85;-215;/tp @s -404 86 -215
bloodborne_blocks:owner_unified_246ff24df8e63908d4d5;-404;85;-221;minecraft:redstone_block;-404;84;-221;/tp @s -404 87 -221
bloodborne_blocks:owner_unified_087d77fe3a1aac4ce189;-395;60;-220;minecraft:light;-394;60;-220;/tp @s -395 62 -220
bloodborne_blocks:owner_unified_087d77fe3a1aac4ce189;-390;60;-219;minecraft:light;-391;60;-219;/tp @s -390 62 -219
bloodborne_blocks:owner_unified_087d77fe3a1aac4ce189;-392;60;-218;minecraft:light;-391;60;-219;/tp @s -392 62 -218
bloodborne_blocks:owner_unified_087d77fe3a1aac4ce189;-374;60;-214;minecraft:light;-373;60;-214;/tp @s -374 62 -214
bloodborne_blocks:owner_unified_087d77fe3a1aac4ce189;-372;60;-214;minecraft:light;-373;60;-214;/tp @s -372 62 -214
bloodborne_blocks:owner_unified_05043a3dd993f1c25bc9;-386;75;-204;biomesoplenty:dead_planks;-387;74;-204;/tp @s -386 77 -204
bloodborne_blocks:owner_unified_05043a3dd993f1c25bc9;-386;75;-204;biomesoplenty:dead_planks;-387;74;-203;/tp @s -386 77 -204
bloodborne_blocks:owner_unified_05043a3dd993f1c25bc9;-386;75;-204;biomesoplenty:dead_planks;-386;74;-204;/tp @s -386 77 -204
bloodborne_blocks:owner_unified_05043a3dd993f1c25bc9;-386;75;-204;biomesoplenty:dead_planks;-386;74;-203;/tp @s -386 77 -204
bloodborne_blocks:owner_unified_05043a3dd993f1c25bc9;-386;75;-204;biomesoplenty:maple_planks;-386;76;-204;/tp @s -386 77 -204
bloodborne_blocks:owner_unified_05043a3dd993f1c25bc9;-386;75;-204;biomesoplenty:maple_planks;-386;76;-203;/tp @s -386 77 -204
bloodborne_blocks:owner_unified_05043a3dd993f1c25bc9;-386;75;-204;biomesoplenty:dead_planks;-385;74;-204;/tp @s -386 77 -204
bloodborne_blocks:owner_unified_05043a3dd993f1c25bc9;-386;75;-204;biomesoplenty:dead_planks;-385;74;-203;/tp @s -386 77 -204
bloodborne_blocks:owner_unified_05043a3dd993f1c25bc9;-386;75;-203;biomesoplenty:dead_planks;-387;74;-204;/tp @s -386 77 -203
bloodborne_blocks:owner_unified_05043a3dd993f1c25bc9;-386;75;-203;biomesoplenty:dead_planks;-387;74;-203;/tp @s -386 77 -203
bloodborne_blocks:owner_unified_05043a3dd993f1c25bc9;-386;75;-203;biomesoplenty:dead_planks;-387;74;-202;/tp @s -386 77 -203
bloodborne_blocks:owner_unified_05043a3dd993f1c25bc9;-386;75;-203;biomesoplenty:dead_planks;-386;74;-204;/tp @s -386 77 -203
bloodborne_blocks:owner_unified_05043a3dd993f1c25bc9;-386;75;-203;biomesoplenty:dead_planks;-386;74;-203;/tp @s -386 77 -203
bloodborne_blocks:owner_unified_05043a3dd993f1c25bc9;-386;75;-203;biomesoplenty:dead_planks;-386;74;-202;/tp @s -386 77 -203
bloodborne_blocks:owner_unified_05043a3dd993f1c25bc9;-386;75;-203;biomesoplenty:maple_planks;-386;76;-204;/tp @s -386 77 -203
bloodborne_blocks:owner_unified_05043a3dd993f1c25bc9;-386;75;-203;biomesoplenty:maple_planks;-386;76;-203;/tp @s -386 77 -203
bloodborne_blocks:owner_unified_05043a3dd993f1c25bc9;-386;75;-203;biomesoplenty:maple_planks;-386;76;-202;/tp @s -386 77 -203
bloodborne_blocks:owner_unified_05043a3dd993f1c25bc9;-386;75;-203;biomesoplenty:dead_planks;-385;74;-204;/tp @s -386 77 -203
bloodborne_blocks:owner_unified_05043a3dd993f1c25bc9;-386;75;-203;biomesoplenty:dead_planks;-385;74;-203;/tp @s -386 77 -203
bloodborne_blocks:owner_unified_05043a3dd993f1c25bc9;-386;75;-203;biomesoplenty:dead_planks;-385;74;-202;/tp @s -386 77 -203
bloodborne_blocks:owner_unified_05043a3dd993f1c25bc9;-386;75;-203;biomesoplenty:dead_planks;-385;75;-202;/tp @s -386 77 -203
bloodborne_blocks:owner_unified_05043a3dd993f1c25bc9;-386;75;-203;biomesoplenty:dead_planks;-385;76;-202;/tp @s -386 77 -203
bloodborne_blocks:owner_unified_05043a3dd993f1c25bc9;-386;75;-202;biomesoplenty:dead_planks;-387;74;-203;/tp @s -386 77 -202
bloodborne_blocks:owner_unified_05043a3dd993f1c25bc9;-386;75;-202;biomesoplenty:dead_planks;-387;74;-202;/tp @s -386 77 -202
bloodborne_blocks:owner_unified_05043a3dd993f1c25bc9;-386;75;-202;biomesoplenty:dead_planks;-387;74;-201;/tp @s -386 77 -202
bloodborne_blocks:owner_unified_05043a3dd993f1c25bc9;-386;75;-202;biomesoplenty:dead_planks;-386;74;-203;/tp @s -386 77 -202
bloodborne_blocks:owner_unified_05043a3dd993f1c25bc9;-386;75;-202;biomesoplenty:dead_planks;-386;74;-202;/tp @s -386 77 -202
bloodborne_blocks:owner_unified_05043a3dd993f1c25bc9;-386;75;-202;biomesoplenty:dead_planks;-386;74;-201;/tp @s -386 77 -202
bloodborne_blocks:owner_unified_05043a3dd993f1c25bc9;-386;75;-202;biomesoplenty:maple_planks;-386;76;-203;/tp @s -386 77 -202
bloodborne_blocks:owner_unified_05043a3dd993f1c25bc9;-386;75;-202;biomesoplenty:maple_planks;-386;76;-202;/tp @s -386 77 -202
bloodborne_blocks:owner_unified_05043a3dd993f1c25bc9;-386;75;-202;biomesoplenty:maple_planks;-386;76;-201;/tp @s -386 77 -202
bloodborne_blocks:owner_unified_05043a3dd993f1c25bc9;-386;75;-202;biomesoplenty:dead_planks;-385;74;-203;/tp @s -386 77 -202
bloodborne_blocks:owner_unified_05043a3dd993f1c25bc9;-386;75;-202;biomesoplenty:dead_planks;-385;74;-202;/tp @s -386 77 -202
bloodborne_blocks:owner_unified_05043a3dd993f1c25bc9;-386;75;-202;biomesoplenty:dead_planks;-385;74;-201;/tp @s -386 77 -202
bloodborne_blocks:owner_unified_05043a3dd993f1c25bc9;-386;75;-202;biomesoplenty:dead_planks;-385;75;-202;/tp @s -386 77 -202
bloodborne_blocks:owner_unified_05043a3dd993f1c25bc9;-386;75;-202;biomesoplenty:dead_planks;-385;76;-202;/tp @s -386 77 -202
bloodborne_blocks:owner_unified_05043a3dd993f1c25bc9;-386;75;-201;biomesoplenty:dead_planks;-387;74;-202;/tp @s -386 77 -201
bloodborne_blocks:owner_unified_05043a3dd993f1c25bc9;-386;75;-201;biomesoplenty:dead_planks;-387;74;-201;/tp @s -386 77 -201
bloodborne_blocks:owner_unified_05043a3dd993f1c25bc9;-386;75;-201;biomesoplenty:dead_planks;-387;74;-200;/tp @s -386 77 -201
bloodborne_blocks:owner_unified_05043a3dd993f1c25bc9;-386;75;-201;biomesoplenty:dead_planks;-386;74;-202;/tp @s -386 77 -201
bloodborne_blocks:owner_unified_05043a3dd993f1c25bc9;-386;75;-201;biomesoplenty:dead_planks;-386;74;-201;/tp @s -386 77 -201
bloodborne_blocks:owner_unified_05043a3dd993f1c25bc9;-386;75;-201;biomesoplenty:dead_planks;-386;74;-200;/tp @s -386 77 -201
bloodborne_blocks:owner_unified_05043a3dd993f1c25bc9;-386;75;-201;biomesoplenty:maple_planks;-386;76;-202;/tp @s -386 77 -201
bloodborne_blocks:owner_unified_05043a3dd993f1c25bc9;-386;75;-201;biomesoplenty:maple_planks;-386;76;-201;/tp @s -386 77 -201
bloodborne_blocks:owner_unified_05043a3dd993f1c25bc9;-386;75;-201;biomesoplenty:dead_planks;-385;74;-202;/tp @s -386 77 -201
bloodborne_blocks:owner_unified_05043a3dd993f1c25bc9;-386;75;-201;biomesoplenty:dead_planks;-385;74;-201;/tp @s -386 77 -201
bloodborne_blocks:owner_unified_05043a3dd993f1c25bc9;-386;75;-201;biomesoplenty:dead_planks;-385;74;-200;/tp @s -386 77 -201
bloodborne_blocks:owner_unified_05043a3dd993f1c25bc9;-386;75;-201;biomesoplenty:dead_planks;-385;75;-202;/tp @s -386 77 -201
bloodborne_blocks:owner_unified_05043a3dd993f1c25bc9;-386;75;-201;biomesoplenty:dead_planks;-385;76;-202;/tp @s -386 77 -201
bloodborne_blocks:owner_unified_05043a3dd993f1c25bc9;-385;75;-201;biomesoplenty:dead_planks;-386;74;-202;/tp @s -385 77 -201
bloodborne_blocks:owner_unified_05043a3dd993f1c25bc9;-385;75;-201;biomesoplenty:dead_planks;-386;74;-201;/tp @s -385 77 -201
bloodborne_blocks:owner_unified_05043a3dd993f1c25bc9;-385;75;-201;biomesoplenty:dead_planks;-386;74;-200;/tp @s -385 77 -201
bloodborne_blocks:owner_unified_05043a3dd993f1c25bc9;-385;75;-201;biomesoplenty:maple_planks;-386;76;-202;/tp @s -385 77 -201
bloodborne_blocks:owner_unified_05043a3dd993f1c25bc9;-385;75;-201;biomesoplenty:maple_planks;-386;76;-201;/tp @s -385 77 -201
bloodborne_blocks:owner_unified_05043a3dd993f1c25bc9;-385;75;-201;biomesoplenty:dead_planks;-385;74;-202;/tp @s -385 77 -201
bloodborne_blocks:owner_unified_05043a3dd993f1c25bc9;-385;75;-201;biomesoplenty:dead_planks;-385;74;-201;/tp @s -385 77 -201
bloodborne_blocks:owner_unified_05043a3dd993f1c25bc9;-385;75;-201;biomesoplenty:dead_planks;-385;74;-200;/tp @s -385 77 -201
bloodborne_blocks:owner_unified_05043a3dd993f1c25bc9;-385;75;-201;biomesoplenty:dead_planks;-385;75;-202;/tp @s -385 77 -201
bloodborne_blocks:owner_unified_05043a3dd993f1c25bc9;-385;75;-201;biomesoplenty:dead_planks;-385;76;-202;/tp @s -385 77 -201
bloodborne_blocks:owner_unified_05043a3dd993f1c25bc9;-385;75;-201;biomesoplenty:dead_planks;-384;74;-202;/tp @s -385 77 -201
bloodborne_blocks:owner_unified_05043a3dd993f1c25bc9;-385;75;-201;biomesoplenty:dead_planks;-384;74;-201;/tp @s -385 77 -201
bloodborne_blocks:owner_unified_05043a3dd993f1c25bc9;-385;75;-201;biomesoplenty:dead_planks;-384;74;-200;/tp @s -385 77 -201
bloodborne_blocks:owner_unified_05043a3dd993f1c25bc9;-385;75;-201;biomesoplenty:dead_planks;-384;75;-202;/tp @s -385 77 -201
bloodborne_blocks:owner_unified_05043a3dd993f1c25bc9;-385;75;-201;biomesoplenty:dead_planks;-384;76;-202;/tp @s -385 77 -201
bloodborne_blocks:owner_unified_05043a3dd993f1c25bc9;-389;75;-194;biomesoplenty:dead_planks;-389;74;-195;/tp @s -389 77 -194
bloodborne_blocks:owner_unified_05043a3dd993f1c25bc9;-389;75;-194;biomesoplenty:dead_planks;-389;74;-194;/tp @s -389 77 -194
bloodborne_blocks:owner_unified_05043a3dd993f1c25bc9;-389;75;-194;biomesoplenty:dead_planks;-389;74;-193;/tp @s -389 77 -194
bloodborne_blocks:owner_unified_05043a3dd993f1c25bc9;-389;75;-194;biomesoplenty:maple_planks;-389;76;-194;/tp @s -389 77 -194
bloodborne_blocks:owner_unified_05043a3dd993f1c25bc9;-389;75;-194;biomesoplenty:dead_planks;-388;74;-195;/tp @s -389 77 -194
bloodborne_blocks:owner_unified_05043a3dd993f1c25bc9;-389;75;-194;biomesoplenty:dead_planks;-388;74;-194;/tp @s -389 77 -194
bloodborne_blocks:owner_unified_05043a3dd993f1c25bc9;-389;75;-194;biomesoplenty:dead_planks;-388;74;-193;/tp @s -389 77 -194
bloodborne_blocks:owner_unified_05043a3dd993f1c25bc9;-389;75;-194;handcrafted:dark_oak_desk;-388;75;-193;/tp @s -389 77 -194
bloodborne_blocks:owner_unified_05043a3dd993f1c25bc9;-389;75;-194;biomesoplenty:maple_planks;-388;76;-194;/tp @s -389 77 -194
bloodborne_blocks:owner_unified_05043a3dd993f1c25bc9;-388;75;-194;biomesoplenty:dead_planks;-389;74;-195;/tp @s -388 77 -194
bloodborne_blocks:owner_unified_05043a3dd993f1c25bc9;-388;75;-194;biomesoplenty:dead_planks;-389;74;-194;/tp @s -388 77 -194
bloodborne_blocks:owner_unified_05043a3dd993f1c25bc9;-388;75;-194;biomesoplenty:dead_planks;-389;74;-193;/tp @s -388 77 -194
bloodborne_blocks:owner_unified_05043a3dd993f1c25bc9;-388;75;-194;biomesoplenty:maple_planks;-389;76;-194;/tp @s -388 77 -194
bloodborne_blocks:owner_unified_05043a3dd993f1c25bc9;-388;75;-194;biomesoplenty:dead_planks;-388;74;-195;/tp @s -388 77 -194
bloodborne_blocks:owner_unified_05043a3dd993f1c25bc9;-388;75;-194;biomesoplenty:dead_planks;-388;74;-194;/tp @s -388 77 -194
bloodborne_blocks:owner_unified_05043a3dd993f1c25bc9;-388;75;-194;biomesoplenty:dead_planks;-388;74;-193;/tp @s -388 77 -194
bloodborne_blocks:owner_unified_05043a3dd993f1c25bc9;-388;75;-194;handcrafted:dark_oak_desk;-388;75;-193;/tp @s -388 77 -194
bloodborne_blocks:owner_unified_05043a3dd993f1c25bc9;-388;75;-194;biomesoplenty:maple_planks;-388;76;-194;/tp @s -388 77 -194
bloodborne_blocks:owner_unified_05043a3dd993f1c25bc9;-388;75;-194;biomesoplenty:dead_planks;-387;74;-195;/tp @s -388 77 -194
bloodborne_blocks:owner_unified_05043a3dd993f1c25bc9;-388;75;-194;biomesoplenty:dead_planks;-387;74;-194;/tp @s -388 77 -194
bloodborne_blocks:owner_unified_05043a3dd993f1c25bc9;-388;75;-194;biomesoplenty:dead_planks;-387;74;-193;/tp @s -388 77 -194
bloodborne_blocks:owner_unified_05043a3dd993f1c25bc9;-388;75;-194;handcrafted:mangrove_fancy_bed;-387;75;-193;/tp @s -388 77 -194
bloodborne_blocks:owner_unified_05043a3dd993f1c25bc9;-388;75;-194;biomesoplenty:maple_planks;-387;76;-194;/tp @s -388 77 -194
bloodborne_blocks:owner_unified_05043a3dd993f1c25bc9;-387;75;-194;biomesoplenty:dead_planks;-388;74;-195;/tp @s -387 77 -194
bloodborne_blocks:owner_unified_05043a3dd993f1c25bc9;-387;75;-194;biomesoplenty:dead_planks;-388;74;-194;/tp @s -387 77 -194
bloodborne_blocks:owner_unified_05043a3dd993f1c25bc9;-387;75;-194;biomesoplenty:dead_planks;-388;74;-193;/tp @s -387 77 -194
bloodborne_blocks:owner_unified_05043a3dd993f1c25bc9;-387;75;-194;handcrafted:dark_oak_desk;-388;75;-193;/tp @s -387 77 -194
bloodborne_blocks:owner_unified_05043a3dd993f1c25bc9;-387;75;-194;biomesoplenty:maple_planks;-388;76;-194;/tp @s -387 77 -194
bloodborne_blocks:owner_unified_05043a3dd993f1c25bc9;-387;75;-194;biomesoplenty:dead_planks;-387;74;-195;/tp @s -387 77 -194
bloodborne_blocks:owner_unified_05043a3dd993f1c25bc9;-387;75;-194;biomesoplenty:dead_planks;-387;74;-194;/tp @s -387 77 -194
bloodborne_blocks:owner_unified_05043a3dd993f1c25bc9;-387;75;-194;biomesoplenty:dead_planks;-387;74;-193;/tp @s -387 77 -194
bloodborne_blocks:owner_unified_05043a3dd993f1c25bc9;-387;75;-194;handcrafted:mangrove_fancy_bed;-387;75;-193;/tp @s -387 77 -194
bloodborne_blocks:owner_unified_05043a3dd993f1c25bc9;-387;75;-194;biomesoplenty:maple_planks;-387;76;-194;/tp @s -387 77 -194
bloodborne_blocks:owner_unified_05043a3dd993f1c25bc9;-387;75;-194;biomesoplenty:dead_planks;-386;74;-195;/tp @s -387 77 -194
bloodborne_blocks:owner_unified_05043a3dd993f1c25bc9;-387;75;-194;biomesoplenty:dead_planks;-386;74;-194;/tp @s -387 77 -194
bloodborne_blocks:owner_unified_05043a3dd993f1c25bc9;-387;75;-194;biomesoplenty:dead_planks;-386;74;-193;/tp @s -387 77 -194
bloodborne_blocks:owner_unified_05043a3dd993f1c25bc9;-387;75;-194;handcrafted:mangrove_fancy_bed;-386;75;-193;/tp @s -387 77 -194
bloodborne_blocks:owner_unified_05043a3dd993f1c25bc9;-386;75;-194;biomesoplenty:dead_planks;-387;74;-195;/tp @s -386 77 -194
bloodborne_blocks:owner_unified_05043a3dd993f1c25bc9;-386;75;-194;biomesoplenty:dead_planks;-387;74;-194;/tp @s -386 77 -194
bloodborne_blocks:owner_unified_05043a3dd993f1c25bc9;-386;75;-194;biomesoplenty:dead_planks;-387;74;-193;/tp @s -386 77 -194
bloodborne_blocks:owner_unified_05043a3dd993f1c25bc9;-386;75;-194;handcrafted:mangrove_fancy_bed;-387;75;-193;/tp @s -386 77 -194
bloodborne_blocks:owner_unified_05043a3dd993f1c25bc9;-386;75;-194;biomesoplenty:maple_planks;-387;76;-194;/tp @s -386 77 -194
bloodborne_blocks:owner_unified_05043a3dd993f1c25bc9;-386;75;-194;biomesoplenty:dead_planks;-386;74;-195;/tp @s -386 77 -194
bloodborne_blocks:owner_unified_05043a3dd993f1c25bc9;-386;75;-194;biomesoplenty:dead_planks;-386;74;-194;/tp @s -386 77 -194
bloodborne_blocks:owner_unified_05043a3dd993f1c25bc9;-386;75;-194;biomesoplenty:dead_planks;-386;74;-193;/tp @s -386 77 -194
bloodborne_blocks:owner_unified_05043a3dd993f1c25bc9;-386;75;-194;handcrafted:mangrove_fancy_bed;-386;75;-193;/tp @s -386 77 -194
bloodborne_blocks:owner_unified_05043a3dd993f1c25bc9;-386;75;-194;biomesoplenty:dead_planks;-385;74;-195;/tp @s -386 77 -194
bloodborne_blocks:owner_unified_05043a3dd993f1c25bc9;-386;75;-194;biomesoplenty:dead_planks;-385;74;-194;/tp @s -386 77 -194
bloodborne_blocks:owner_unified_05043a3dd993f1c25bc9;-386;75;-194;biomesoplenty:dead_planks;-385;74;-193;/tp @s -386 77 -194
bloodborne_blocks:owner_unified_05043a3dd993f1c25bc9;-386;75;-194;handcrafted:dark_oak_desk;-385;75;-193;/tp @s -386 77 -194
bloodborne_blocks:owner_unified_05043a3dd993f1c25bc9;-386;75;-194;biomesoplenty:maple_planks;-385;76;-194;/tp @s -386 77 -194
bloodborne_blocks:owner_unified_05043a3dd993f1c25bc9;-385;75;-194;biomesoplenty:dead_planks;-386;74;-195;/tp @s -385 77 -194
bloodborne_blocks:owner_unified_05043a3dd993f1c25bc9;-385;75;-194;biomesoplenty:dead_planks;-386;74;-194;/tp @s -385 77 -194
bloodborne_blocks:owner_unified_05043a3dd993f1c25bc9;-385;75;-194;biomesoplenty:dead_planks;-386;74;-193;/tp @s -385 77 -194
bloodborne_blocks:owner_unified_05043a3dd993f1c25bc9;-385;75;-194;handcrafted:mangrove_fancy_bed;-386;75;-193;/tp @s -385 77 -194
bloodborne_blocks:owner_unified_05043a3dd993f1c25bc9;-385;75;-194;biomesoplenty:dead_planks;-385;74;-195;/tp @s -385 77 -194
bloodborne_blocks:owner_unified_05043a3dd993f1c25bc9;-385;75;-194;biomesoplenty:dead_planks;-385;74;-194;/tp @s -385 77 -194
bloodborne_blocks:owner_unified_05043a3dd993f1c25bc9;-385;75;-194;biomesoplenty:dead_planks;-385;74;-193;/tp @s -385 77 -194
bloodborne_blocks:owner_unified_05043a3dd993f1c25bc9;-385;75;-194;handcrafted:dark_oak_desk;-385;75;-193;/tp @s -385 77 -194
bloodborne_blocks:owner_unified_05043a3dd993f1c25bc9;-385;75;-194;biomesoplenty:maple_planks;-385;76;-194;/tp @s -385 77 -194
bloodborne_blocks:owner_unified_05043a3dd993f1c25bc9;-385;75;-194;biomesoplenty:dead_planks;-384;74;-195;/tp @s -385 77 -194
bloodborne_blocks:owner_unified_05043a3dd993f1c25bc9;-385;75;-194;biomesoplenty:dead_planks;-384;74;-194;/tp @s -385 77 -194
bloodborne_blocks:owner_unified_05043a3dd993f1c25bc9;-385;75;-194;biomesoplenty:dead_planks;-384;74;-193;/tp @s -385 77 -194
bloodborne_blocks:owner_unified_05043a3dd993f1c25bc9;-385;75;-194;biomesoplenty:maple_planks;-384;76;-194;/tp @s -385 77 -194
bloodborne_blocks:owner_unified_29bf256fd7f53dfd18a3;-386;64;-203;biomesoplenty:dead_planks;-386;65;-204;/tp @s -386 66 -203
bloodborne_blocks:owner_unified_29bf256fd7f53dfd18a3;-386;64;-203;biomesoplenty:dead_planks;-386;65;-203;/tp @s -386 66 -203
bloodborne_blocks:owner_unified_05043a3dd993f1c25bc9;-384;68;-195;amendments:wall_lantern;-385;69;-195;/tp @s -384 70 -195
bloodborne_blocks:owner_unified_05043a3dd993f1c25bc9;-384;68;-195;amendments:wall_lantern;-384;69;-196;/tp @s -384 70 -195
bloodborne_blocks:owner_unified_05043a3dd993f1c25bc9;-384;68;-195;amendments:wall_lantern;-384;69;-194;/tp @s -384 70 -195
bloodborne_blocks:owner_unified_05043a3dd993f1c25bc9;-384;68;-195;amendments:wall_lantern;-383;69;-195;/tp @s -384 70 -195
bloodborne_blocks:owner_unified_05043a3dd993f1c25bc9;-374;68;-195;amendments:wall_lantern;-375;69;-195;/tp @s -374 70 -195
bloodborne_blocks:owner_unified_05043a3dd993f1c25bc9;-374;68;-195;yuushya:red_curtain;-374;67;-196;/tp @s -374 70 -195
bloodborne_blocks:owner_unified_05043a3dd993f1c25bc9;-374;68;-195;yuushya:red_curtain;-374;68;-196;/tp @s -374 70 -195
bloodborne_blocks:owner_unified_05043a3dd993f1c25bc9;-374;68;-195;yuushya:red_curtain;-374;69;-196;/tp @s -374 70 -195
bloodborne_blocks:owner_unified_05043a3dd993f1c25bc9;-374;68;-195;amendments:wall_lantern;-374;69;-194;/tp @s -374 70 -195
bloodborne_blocks:owner_unified_05043a3dd993f1c25bc9;-374;68;-195;amendments:wall_lantern;-373;69;-195;/tp @s -374 70 -195
bloodborne_blocks:owner_unified_05043a3dd993f1c25bc9;-370;69;-207;handcrafted:spruce_cupboard;-371;68;-206;/tp @s -370 71 -207
bloodborne_blocks:owner_unified_05043a3dd993f1c25bc9;-381;69;-200;biomesoplenty:maple_planks;-382;68;-200;/tp @s -381 71 -200
bloodborne_blocks:owner_unified_05043a3dd993f1c25bc9;-381;69;-200;yuushya:vending_machine_blue_v;-382;68;-199;/tp @s -381 71 -200
bloodborne_blocks:owner_unified_05043a3dd993f1c25bc9;-381;69;-200;biomesoplenty:maple_planks;-382;69;-200;/tp @s -381 71 -200
bloodborne_blocks:owner_unified_05043a3dd993f1c25bc9;-381;69;-200;yuushya:vending_machine_blue_v;-382;69;-199;/tp @s -381 71 -200
bloodborne_blocks:owner_unified_05043a3dd993f1c25bc9;-381;69;-200;biomesoplenty:maple_planks;-382;70;-200;/tp @s -381 71 -200
bloodborne_blocks:owner_unified_05043a3dd993f1c25bc9;-381;69;-200;biomesoplenty:maple_planks;-380;68;-200;/tp @s -381 71 -200
bloodborne_blocks:owner_unified_05043a3dd993f1c25bc9;-381;69;-200;biomesoplenty:maple_planks;-380;69;-200;/tp @s -381 71 -200
bloodborne_blocks:owner_unified_05043a3dd993f1c25bc9;-381;69;-200;biomesoplenty:maple_planks;-380;70;-200;/tp @s -381 71 -200
bloodborne_blocks:owner_unified_05043a3dd993f1c25bc9;-377;69;-200;biomesoplenty:maple_planks;-378;68;-200;/tp @s -377 71 -200
bloodborne_blocks:owner_unified_05043a3dd993f1c25bc9;-377;69;-200;biomesoplenty:maple_planks;-378;69;-200;/tp @s -377 71 -200
bloodborne_blocks:owner_unified_05043a3dd993f1c25bc9;-377;69;-200;biomesoplenty:maple_planks;-378;70;-200;/tp @s -377 71 -200
bloodborne_blocks:owner_unified_05043a3dd993f1c25bc9;-377;69;-200;biomesoplenty:maple_planks;-376;68;-200;/tp @s -377 71 -200
bloodborne_blocks:owner_unified_05043a3dd993f1c25bc9;-377;69;-200;biomesoplenty:maple_planks;-376;69;-200;/tp @s -377 71 -200
bloodborne_blocks:owner_unified_05043a3dd993f1c25bc9;-377;69;-200;biomesoplenty:maple_planks;-376;70;-200;/tp @s -377 71 -200
bloodborne_blocks:owner_unified_05043a3dd993f1c25bc9;-381;72;-200;biomesoplenty:maple_planks;-382;71;-200;/tp @s -381 74 -200
bloodborne_blocks:owner_unified_05043a3dd993f1c25bc9;-381;72;-200;biomesoplenty:maple_planks;-382;72;-200;/tp @s -381 74 -200
bloodborne_blocks:owner_unified_05043a3dd993f1c25bc9;-381;72;-200;biomesoplenty:maple_planks;-382;73;-200;/tp @s -381 74 -200
bloodborne_blocks:owner_unified_05043a3dd993f1c25bc9;-381;72;-200;biomesoplenty:maple_planks;-380;71;-200;/tp @s -381 74 -200
bloodborne_blocks:owner_unified_05043a3dd993f1c25bc9;-381;72;-200;biomesoplenty:maple_planks;-380;72;-200;/tp @s -381 74 -200
bloodborne_blocks:owner_unified_05043a3dd993f1c25bc9;-381;72;-200;biomesoplenty:maple_planks;-380;73;-200;/tp @s -381 74 -200
bloodborne_blocks:owner_unified_05043a3dd993f1c25bc9;-377;72;-200;biomesoplenty:maple_planks;-378;71;-200;/tp @s -377 74 -200
bloodborne_blocks:owner_unified_05043a3dd993f1c25bc9;-377;72;-200;biomesoplenty:maple_planks;-378;72;-200;/tp @s -377 74 -200
bloodborne_blocks:owner_unified_05043a3dd993f1c25bc9;-377;72;-200;biomesoplenty:maple_planks;-378;73;-200;/tp @s -377 74 -200
bloodborne_blocks:owner_unified_05043a3dd993f1c25bc9;-377;72;-200;biomesoplenty:maple_planks;-376;71;-200;/tp @s -377 74 -200
bloodborne_blocks:owner_unified_05043a3dd993f1c25bc9;-377;72;-200;biomesoplenty:maple_planks;-376;72;-200;/tp @s -377 74 -200
bloodborne_blocks:owner_unified_05043a3dd993f1c25bc9;-377;72;-200;biomesoplenty:maple_planks;-376;73;-200;/tp @s -377 74 -200
bloodborne_blocks:owner_unified_05043a3dd993f1c25bc9;-381;73;-200;biomesoplenty:maple_planks;-382;72;-200;/tp @s -381 75 -200
bloodborne_blocks:owner_unified_05043a3dd993f1c25bc9;-381;73;-200;biomesoplenty:maple_planks;-382;73;-200;/tp @s -381 75 -200
bloodborne_blocks:owner_unified_05043a3dd993f1c25bc9;-381;73;-200;biomesoplenty:dead_planks;-382;74;-201;/tp @s -381 75 -200
bloodborne_blocks:owner_unified_05043a3dd993f1c25bc9;-381;73;-200;biomesoplenty:dead_planks;-382;74;-200;/tp @s -381 75 -200
bloodborne_blocks:owner_unified_05043a3dd993f1c25bc9;-381;73;-200;biomesoplenty:dead_planks;-382;74;-199;/tp @s -381 75 -200
bloodborne_blocks:owner_unified_05043a3dd993f1c25bc9;-381;73;-200;biomesoplenty:dead_planks;-381;74;-201;/tp @s -381 75 -200
bloodborne_blocks:owner_unified_05043a3dd993f1c25bc9;-381;73;-200;biomesoplenty:dead_planks;-381;74;-200;/tp @s -381 75 -200
bloodborne_blocks:owner_unified_05043a3dd993f1c25bc9;-381;73;-200;biomesoplenty:dead_planks;-381;74;-199;/tp @s -381 75 -200
bloodborne_blocks:owner_unified_05043a3dd993f1c25bc9;-381;73;-200;biomesoplenty:maple_planks;-380;72;-200;/tp @s -381 75 -200
bloodborne_blocks:owner_unified_05043a3dd993f1c25bc9;-381;73;-200;biomesoplenty:maple_planks;-380;73;-200;/tp @s -381 75 -200
bloodborne_blocks:owner_unified_05043a3dd993f1c25bc9;-381;73;-200;biomesoplenty:dead_planks;-380;74;-201;/tp @s -381 75 -200
bloodborne_blocks:owner_unified_05043a3dd993f1c25bc9;-381;73;-200;biomesoplenty:dead_planks;-380;74;-200;/tp @s -381 75 -200
bloodborne_blocks:owner_unified_05043a3dd993f1c25bc9;-381;73;-200;biomesoplenty:dead_planks;-380;74;-199;/tp @s -381 75 -200
bloodborne_blocks:owner_unified_05043a3dd993f1c25bc9;-377;73;-200;biomesoplenty:maple_planks;-378;72;-200;/tp @s -377 75 -200
bloodborne_blocks:owner_unified_05043a3dd993f1c25bc9;-377;73;-200;biomesoplenty:maple_planks;-378;73;-200;/tp @s -377 75 -200
bloodborne_blocks:owner_unified_05043a3dd993f1c25bc9;-377;73;-200;biomesoplenty:dead_planks;-378;74;-201;/tp @s -377 75 -200
bloodborne_blocks:owner_unified_05043a3dd993f1c25bc9;-377;73;-200;biomesoplenty:dead_planks;-378;74;-200;/tp @s -377 75 -200
bloodborne_blocks:owner_unified_05043a3dd993f1c25bc9;-377;73;-200;biomesoplenty:dead_planks;-378;74;-199;/tp @s -377 75 -200
bloodborne_blocks:owner_unified_05043a3dd993f1c25bc9;-377;73;-200;biomesoplenty:dead_planks;-377;74;-201;/tp @s -377 75 -200
bloodborne_blocks:owner_unified_05043a3dd993f1c25bc9;-377;73;-200;biomesoplenty:dead_planks;-377;74;-200;/tp @s -377 75 -200
bloodborne_blocks:owner_unified_05043a3dd993f1c25bc9;-377;73;-200;biomesoplenty:dead_planks;-377;74;-199;/tp @s -377 75 -200
bloodborne_blocks:owner_unified_05043a3dd993f1c25bc9;-377;73;-200;biomesoplenty:maple_planks;-376;72;-200;/tp @s -377 75 -200
bloodborne_blocks:owner_unified_05043a3dd993f1c25bc9;-377;73;-200;biomesoplenty:maple_planks;-376;73;-200;/tp @s -377 75 -200
bloodborne_blocks:owner_unified_05043a3dd993f1c25bc9;-377;73;-200;biomesoplenty:dead_planks;-376;74;-201;/tp @s -377 75 -200
bloodborne_blocks:owner_unified_05043a3dd993f1c25bc9;-377;73;-200;biomesoplenty:dead_planks;-376;74;-200;/tp @s -377 75 -200
bloodborne_blocks:owner_unified_05043a3dd993f1c25bc9;-377;73;-200;biomesoplenty:dead_planks;-376;74;-199;/tp @s -377 75 -200
bloodborne_blocks:owner_unified_05043a3dd993f1c25bc9;-384;73;-195;biomesoplenty:dead_planks;-385;74;-196;/tp @s -384 75 -195
bloodborne_blocks:owner_unified_05043a3dd993f1c25bc9;-384;73;-195;biomesoplenty:dead_planks;-385;74;-195;/tp @s -384 75 -195
bloodborne_blocks:owner_unified_05043a3dd993f1c25bc9;-384;73;-195;biomesoplenty:dead_planks;-385;74;-194;/tp @s -384 75 -195
bloodborne_blocks:owner_unified_05043a3dd993f1c25bc9;-384;73;-195;biomesoplenty:dead_planks;-384;74;-196;/tp @s -384 75 -195
bloodborne_blocks:owner_unified_05043a3dd993f1c25bc9;-384;73;-195;biomesoplenty:dead_planks;-384;74;-195;/tp @s -384 75 -195
bloodborne_blocks:owner_unified_05043a3dd993f1c25bc9;-384;73;-195;biomesoplenty:dead_planks;-384;74;-194;/tp @s -384 75 -195
bloodborne_blocks:owner_unified_05043a3dd993f1c25bc9;-384;73;-195;biomesoplenty:dead_planks;-383;74;-196;/tp @s -384 75 -195
bloodborne_blocks:owner_unified_05043a3dd993f1c25bc9;-384;73;-195;biomesoplenty:dead_planks;-383;74;-195;/tp @s -384 75 -195
bloodborne_blocks:owner_unified_05043a3dd993f1c25bc9;-384;73;-195;biomesoplenty:dead_planks;-383;74;-194;/tp @s -384 75 -195
bloodborne_blocks:owner_unified_05043a3dd993f1c25bc9;-374;73;-195;biomesoplenty:dead_planks;-375;74;-196;/tp @s -374 75 -195
bloodborne_blocks:owner_unified_05043a3dd993f1c25bc9;-374;73;-195;biomesoplenty:dead_planks;-375;74;-195;/tp @s -374 75 -195
bloodborne_blocks:owner_unified_05043a3dd993f1c25bc9;-374;73;-195;biomesoplenty:dead_planks;-375;74;-194;/tp @s -374 75 -195
bloodborne_blocks:owner_unified_05043a3dd993f1c25bc9;-374;73;-195;biomesoplenty:dead_planks;-374;74;-196;/tp @s -374 75 -195
bloodborne_blocks:owner_unified_05043a3dd993f1c25bc9;-374;73;-195;biomesoplenty:dead_planks;-374;74;-195;/tp @s -374 75 -195
bloodborne_blocks:owner_unified_05043a3dd993f1c25bc9;-374;73;-195;biomesoplenty:dead_planks;-374;74;-194;/tp @s -374 75 -195
bloodborne_blocks:owner_unified_05043a3dd993f1c25bc9;-374;73;-195;biomesoplenty:dead_planks;-373;74;-196;/tp @s -374 75 -195
bloodborne_blocks:owner_unified_05043a3dd993f1c25bc9;-374;73;-195;biomesoplenty:dead_planks;-373;74;-195;/tp @s -374 75 -195
bloodborne_blocks:owner_unified_05043a3dd993f1c25bc9;-374;73;-195;biomesoplenty:dead_planks;-373;74;-194;/tp @s -374 75 -195
bloodborne_blocks:owner_unified_05043a3dd993f1c25bc9;-371;75;-205;biomesoplenty:dead_planks;-372;74;-205;/tp @s -371 77 -205
bloodborne_blocks:owner_unified_05043a3dd993f1c25bc9;-371;75;-205;biomesoplenty:dead_planks;-372;74;-204;/tp @s -371 77 -205
bloodborne_blocks:owner_unified_05043a3dd993f1c25bc9;-371;75;-205;biomesoplenty:dead_planks;-371;74;-205;/tp @s -371 77 -205
bloodborne_blocks:owner_unified_05043a3dd993f1c25bc9;-371;75;-205;biomesoplenty:dead_planks;-371;74;-204;/tp @s -371 77 -205
bloodborne_blocks:owner_unified_05043a3dd993f1c25bc9;-371;75;-205;biomesoplenty:maple_planks;-371;76;-205;/tp @s -371 77 -205
bloodborne_blocks:owner_unified_05043a3dd993f1c25bc9;-371;75;-205;biomesoplenty:maple_planks;-371;76;-204;/tp @s -371 77 -205
bloodborne_blocks:owner_unified_05043a3dd993f1c25bc9;-371;75;-205;biomesoplenty:dead_planks;-370;74;-204;/tp @s -371 77 -205
bloodborne_blocks:owner_unified_05043a3dd993f1c25bc9;-371;75;-204;biomesoplenty:dead_planks;-372;74;-205;/tp @s -371 77 -204
bloodborne_blocks:owner_unified_05043a3dd993f1c25bc9;-371;75;-204;biomesoplenty:dead_planks;-372;74;-204;/tp @s -371 77 -204
bloodborne_blocks:owner_unified_05043a3dd993f1c25bc9;-371;75;-204;biomesoplenty:dead_planks;-372;74;-203;/tp @s -371 77 -204
bloodborne_blocks:owner_unified_05043a3dd993f1c25bc9;-371;75;-204;biomesoplenty:dead_planks;-372;75;-203;/tp @s -371 77 -204
bloodborne_blocks:owner_unified_05043a3dd993f1c25bc9;-371;75;-204;biomesoplenty:dead_planks;-371;74;-205;/tp @s -371 77 -204
bloodborne_blocks:owner_unified_05043a3dd993f1c25bc9;-371;75;-204;biomesoplenty:dead_planks;-371;74;-204;/tp @s -371 77 -204
bloodborne_blocks:owner_unified_05043a3dd993f1c25bc9;-371;75;-204;biomesoplenty:dead_planks;-371;74;-203;/tp @s -371 77 -204
bloodborne_blocks:owner_unified_05043a3dd993f1c25bc9;-371;75;-204;biomesoplenty:maple_planks;-371;76;-205;/tp @s -371 77 -204
bloodborne_blocks:owner_unified_05043a3dd993f1c25bc9;-371;75;-204;biomesoplenty:maple_planks;-371;76;-204;/tp @s -371 77 -204
bloodborne_blocks:owner_unified_05043a3dd993f1c25bc9;-371;75;-204;biomesoplenty:maple_planks;-371;76;-203;/tp @s -371 77 -204
bloodborne_blocks:owner_unified_05043a3dd993f1c25bc9;-371;75;-204;biomesoplenty:dead_planks;-370;74;-204;/tp @s -371 77 -204
bloodborne_blocks:owner_unified_05043a3dd993f1c25bc9;-371;75;-204;biomesoplenty:dead_planks;-370;74;-203;/tp @s -371 77 -204
bloodborne_blocks:owner_unified_05043a3dd993f1c25bc9;-371;75;-203;biomesoplenty:dead_planks;-372;74;-204;/tp @s -371 77 -203
bloodborne_blocks:owner_unified_05043a3dd993f1c25bc9;-371;75;-203;biomesoplenty:dead_planks;-372;74;-203;/tp @s -371 77 -203
bloodborne_blocks:owner_unified_05043a3dd993f1c25bc9;-371;75;-203;biomesoplenty:dead_planks;-372;74;-202;/tp @s -371 77 -203
bloodborne_blocks:owner_unified_05043a3dd993f1c25bc9;-371;75;-203;biomesoplenty:dead_planks;-372;75;-203;/tp @s -371 77 -203
bloodborne_blocks:owner_unified_05043a3dd993f1c25bc9;-371;75;-203;biomesoplenty:maple_planks;-372;76;-202;/tp @s -371 77 -203
bloodborne_blocks:owner_unified_05043a3dd993f1c25bc9;-371;75;-203;biomesoplenty:dead_planks;-371;74;-204;/tp @s -371 77 -203
bloodborne_blocks:owner_unified_05043a3dd993f1c25bc9;-371;75;-203;biomesoplenty:dead_planks;-371;74;-203;/tp @s -371 77 -203
bloodborne_blocks:owner_unified_05043a3dd993f1c25bc9;-371;75;-203;biomesoplenty:dead_planks;-371;74;-202;/tp @s -371 77 -203
bloodborne_blocks:owner_unified_05043a3dd993f1c25bc9;-371;75;-203;biomesoplenty:maple_planks;-371;76;-204;/tp @s -371 77 -203
bloodborne_blocks:owner_unified_05043a3dd993f1c25bc9;-371;75;-203;biomesoplenty:maple_planks;-371;76;-203;/tp @s -371 77 -203
bloodborne_blocks:owner_unified_05043a3dd993f1c25bc9;-371;75;-203;biomesoplenty:maple_planks;-371;76;-202;/tp @s -371 77 -203
bloodborne_blocks:owner_unified_05043a3dd993f1c25bc9;-371;75;-203;biomesoplenty:dead_planks;-370;74;-204;/tp @s -371 77 -203
bloodborne_blocks:owner_unified_05043a3dd993f1c25bc9;-371;75;-203;biomesoplenty:dead_planks;-370;74;-203;/tp @s -371 77 -203
bloodborne_blocks:owner_unified_05043a3dd993f1c25bc9;-371;75;-203;biomesoplenty:dead_planks;-370;74;-202;/tp @s -371 77 -203
bloodborne_blocks:owner_unified_05043a3dd993f1c25bc9;-373;75;-202;biomesoplenty:dead_planks;-374;74;-203;/tp @s -373 77 -202
bloodborne_blocks:owner_unified_05043a3dd993f1c25bc9;-373;75;-202;biomesoplenty:dead_planks;-374;74;-202;/tp @s -373 77 -202
bloodborne_blocks:owner_unified_05043a3dd993f1c25bc9;-373;75;-202;biomesoplenty:dead_planks;-374;74;-201;/tp @s -373 77 -202
bloodborne_blocks:owner_unified_05043a3dd993f1c25bc9;-373;75;-202;biomesoplenty:dead_planks;-374;75;-203;/tp @s -373 77 -202
bloodborne_blocks:owner_unified_05043a3dd993f1c25bc9;-373;75;-202;biomesoplenty:dead_planks;-374;75;-202;/tp @s -373 77 -202
bloodborne_blocks:owner_unified_05043a3dd993f1c25bc9;-373;75;-202;biomesoplenty:dead_planks;-374;76;-202;/tp @s -373 77 -202
bloodborne_blocks:owner_unified_05043a3dd993f1c25bc9;-373;75;-202;biomesoplenty:maple_planks;-374;76;-201;/tp @s -373 77 -202
bloodborne_blocks:owner_unified_05043a3dd993f1c25bc9;-373;75;-202;biomesoplenty:dead_planks;-373;74;-203;/tp @s -373 77 -202
bloodborne_blocks:owner_unified_05043a3dd993f1c25bc9;-373;75;-202;biomesoplenty:dead_planks;-373;74;-202;/tp @s -373 77 -202
bloodborne_blocks:owner_unified_05043a3dd993f1c25bc9;-373;75;-202;biomesoplenty:dead_planks;-373;74;-201;/tp @s -373 77 -202
bloodborne_blocks:owner_unified_05043a3dd993f1c25bc9;-373;75;-202;biomesoplenty:dead_planks;-373;75;-203;/tp @s -373 77 -202
bloodborne_blocks:owner_unified_05043a3dd993f1c25bc9;-373;75;-202;biomesoplenty:maple_planks;-373;76;-202;/tp @s -373 77 -202
bloodborne_blocks:owner_unified_05043a3dd993f1c25bc9;-373;75;-202;biomesoplenty:dead_planks;-372;74;-203;/tp @s -373 77 -202
bloodborne_blocks:owner_unified_05043a3dd993f1c25bc9;-373;75;-202;biomesoplenty:dead_planks;-372;74;-202;/tp @s -373 77 -202
bloodborne_blocks:owner_unified_05043a3dd993f1c25bc9;-373;75;-202;biomesoplenty:dead_planks;-372;74;-201;/tp @s -373 77 -202
bloodborne_blocks:owner_unified_05043a3dd993f1c25bc9;-373;75;-202;biomesoplenty:dead_planks;-372;75;-203;/tp @s -373 77 -202
bloodborne_blocks:owner_unified_05043a3dd993f1c25bc9;-373;75;-202;biomesoplenty:maple_planks;-372;76;-202;/tp @s -373 77 -202
bloodborne_blocks:owner_unified_05043a3dd993f1c25bc9;-372;75;-202;biomesoplenty:dead_planks;-373;74;-203;/tp @s -372 77 -202
bloodborne_blocks:owner_unified_05043a3dd993f1c25bc9;-372;75;-202;biomesoplenty:dead_planks;-373;74;-202;/tp @s -372 77 -202
bloodborne_blocks:owner_unified_05043a3dd993f1c25bc9;-372;75;-202;biomesoplenty:dead_planks;-373;74;-201;/tp @s -372 77 -202
bloodborne_blocks:owner_unified_05043a3dd993f1c25bc9;-372;75;-202;biomesoplenty:dead_planks;-373;75;-203;/tp @s -372 77 -202
bloodborne_blocks:owner_unified_05043a3dd993f1c25bc9;-372;75;-202;biomesoplenty:maple_planks;-373;76;-202;/tp @s -372 77 -202
bloodborne_blocks:owner_unified_05043a3dd993f1c25bc9;-372;75;-202;biomesoplenty:dead_planks;-372;74;-203;/tp @s -372 77 -202
bloodborne_blocks:owner_unified_05043a3dd993f1c25bc9;-372;75;-202;biomesoplenty:dead_planks;-372;74;-202;/tp @s -372 77 -202
bloodborne_blocks:owner_unified_05043a3dd993f1c25bc9;-372;75;-202;biomesoplenty:dead_planks;-372;74;-201;/tp @s -372 77 -202
bloodborne_blocks:owner_unified_05043a3dd993f1c25bc9;-372;75;-202;biomesoplenty:dead_planks;-372;75;-203;/tp @s -372 77 -202
bloodborne_blocks:owner_unified_05043a3dd993f1c25bc9;-372;75;-202;biomesoplenty:maple_planks;-372;76;-202;/tp @s -372 77 -202
bloodborne_blocks:owner_unified_05043a3dd993f1c25bc9;-372;75;-202;biomesoplenty:dead_planks;-371;74;-203;/tp @s -372 77 -202
bloodborne_blocks:owner_unified_05043a3dd993f1c25bc9;-372;75;-202;biomesoplenty:dead_planks;-371;74;-202;/tp @s -372 77 -202
bloodborne_blocks:owner_unified_05043a3dd993f1c25bc9;-372;75;-202;biomesoplenty:dead_planks;-371;74;-201;/tp @s -372 77 -202
bloodborne_blocks:owner_unified_05043a3dd993f1c25bc9;-372;75;-202;biomesoplenty:maple_planks;-371;76;-203;/tp @s -372 77 -202
bloodborne_blocks:owner_unified_05043a3dd993f1c25bc9;-372;75;-202;biomesoplenty:maple_planks;-371;76;-202;/tp @s -372 77 -202
bloodborne_blocks:owner_unified_05043a3dd993f1c25bc9;-371;75;-202;biomesoplenty:dead_planks;-372;74;-203;/tp @s -371 77 -202
bloodborne_blocks:owner_unified_05043a3dd993f1c25bc9;-371;75;-202;biomesoplenty:dead_planks;-372;74;-202;/tp @s -371 77 -202
bloodborne_blocks:owner_unified_05043a3dd993f1c25bc9;-371;75;-202;biomesoplenty:dead_planks;-372;74;-201;/tp @s -371 77 -202
bloodborne_blocks:owner_unified_05043a3dd993f1c25bc9;-371;75;-202;biomesoplenty:dead_planks;-372;75;-203;/tp @s -371 77 -202
bloodborne_blocks:owner_unified_05043a3dd993f1c25bc9;-371;75;-202;biomesoplenty:maple_planks;-372;76;-202;/tp @s -371 77 -202
bloodborne_blocks:owner_unified_05043a3dd993f1c25bc9;-371;75;-202;biomesoplenty:dead_planks;-371;74;-203;/tp @s -371 77 -202
bloodborne_blocks:owner_unified_05043a3dd993f1c25bc9;-371;75;-202;biomesoplenty:dead_planks;-371;74;-202;/tp @s -371 77 -202
bloodborne_blocks:owner_unified_05043a3dd993f1c25bc9;-371;75;-202;biomesoplenty:dead_planks;-371;74;-201;/tp @s -371 77 -202
bloodborne_blocks:owner_unified_05043a3dd993f1c25bc9;-371;75;-202;biomesoplenty:maple_planks;-371;76;-203;/tp @s -371 77 -202
bloodborne_blocks:owner_unified_05043a3dd993f1c25bc9;-371;75;-202;biomesoplenty:maple_planks;-371;76;-202;/tp @s -371 77 -202
bloodborne_blocks:owner_unified_05043a3dd993f1c25bc9;-371;75;-202;biomesoplenty:dead_planks;-370;74;-203;/tp @s -371 77 -202
bloodborne_blocks:owner_unified_05043a3dd993f1c25bc9;-371;75;-202;biomesoplenty:dead_planks;-370;74;-202;/tp @s -371 77 -202
bloodborne_blocks:owner_unified_05043a3dd993f1c25bc9;-371;75;-202;biomesoplenty:dead_planks;-370;74;-201;/tp @s -371 77 -202
bloodborne_blocks:owner_unified_05043a3dd993f1c25bc9;-381;75;-201;biomesoplenty:dead_planks;-382;74;-202;/tp @s -381 77 -201
bloodborne_blocks:owner_unified_05043a3dd993f1c25bc9;-381;75;-201;biomesoplenty:dead_planks;-382;74;-201;/tp @s -381 77 -201
bloodborne_blocks:owner_unified_05043a3dd993f1c25bc9;-381;75;-201;biomesoplenty:dead_planks;-382;74;-200;/tp @s -381 77 -201
bloodborne_blocks:owner_unified_05043a3dd993f1c25bc9;-381;75;-201;biomesoplenty:dead_planks;-382;75;-202;/tp @s -381 77 -201
bloodborne_blocks:owner_unified_05043a3dd993f1c25bc9;-381;75;-201;biomesoplenty:dead_planks;-382;76;-202;/tp @s -381 77 -201
bloodborne_blocks:owner_unified_05043a3dd993f1c25bc9;-381;75;-201;biomesoplenty:dead_planks;-381;74;-202;/tp @s -381 77 -201
bloodborne_blocks:owner_unified_05043a3dd993f1c25bc9;-381;75;-201;biomesoplenty:dead_planks;-381;74;-201;/tp @s -381 77 -201
bloodborne_blocks:owner_unified_05043a3dd993f1c25bc9;-381;75;-201;biomesoplenty:dead_planks;-381;74;-200;/tp @s -381 77 -201
bloodborne_blocks:owner_unified_05043a3dd993f1c25bc9;-381;75;-201;biomesoplenty:dead_planks;-381;75;-202;/tp @s -381 77 -201
bloodborne_blocks:owner_unified_05043a3dd993f1c25bc9;-381;75;-201;biomesoplenty:dead_planks;-381;76;-202;/tp @s -381 77 -201
bloodborne_blocks:owner_unified_05043a3dd993f1c25bc9;-381;75;-201;biomesoplenty:dead_planks;-380;74;-202;/tp @s -381 77 -201
bloodborne_blocks:owner_unified_05043a3dd993f1c25bc9;-381;75;-201;biomesoplenty:dead_planks;-380;74;-201;/tp @s -381 77 -201
bloodborne_blocks:owner_unified_05043a3dd993f1c25bc9;-381;75;-201;biomesoplenty:dead_planks;-380;74;-200;/tp @s -381 77 -201
bloodborne_blocks:owner_unified_05043a3dd993f1c25bc9;-381;75;-201;biomesoplenty:dead_planks;-380;75;-202;/tp @s -381 77 -201
bloodborne_blocks:owner_unified_05043a3dd993f1c25bc9;-381;75;-201;biomesoplenty:dead_planks;-380;76;-202;/tp @s -381 77 -201
bloodborne_blocks:owner_unified_05043a3dd993f1c25bc9;-381;75;-201;biomesoplenty:maple_planks;-380;76;-201;/tp @s -381 77 -201
bloodborne_blocks:owner_unified_05043a3dd993f1c25bc9;-380;75;-201;biomesoplenty:dead_planks;-381;74;-202;/tp @s -380 77 -201
bloodborne_blocks:owner_unified_05043a3dd993f1c25bc9;-380;75;-201;biomesoplenty:dead_planks;-381;74;-201;/tp @s -380 77 -201
bloodborne_blocks:owner_unified_05043a3dd993f1c25bc9;-380;75;-201;biomesoplenty:dead_planks;-381;74;-200;/tp @s -380 77 -201
bloodborne_blocks:owner_unified_05043a3dd993f1c25bc9;-380;75;-201;biomesoplenty:dead_planks;-381;75;-202;/tp @s -380 77 -201
bloodborne_blocks:owner_unified_05043a3dd993f1c25bc9;-380;75;-201;biomesoplenty:dead_planks;-381;76;-202;/tp @s -380 77 -201
bloodborne_blocks:owner_unified_05043a3dd993f1c25bc9;-380;75;-201;biomesoplenty:dead_planks;-380;74;-202;/tp @s -380 77 -201
bloodborne_blocks:owner_unified_05043a3dd993f1c25bc9;-380;75;-201;biomesoplenty:dead_planks;-380;74;-201;/tp @s -380 77 -201
bloodborne_blocks:owner_unified_05043a3dd993f1c25bc9;-380;75;-201;biomesoplenty:dead_planks;-380;74;-200;/tp @s -380 77 -201
bloodborne_blocks:owner_unified_05043a3dd993f1c25bc9;-380;75;-201;biomesoplenty:dead_planks;-380;75;-202;/tp @s -380 77 -201
bloodborne_blocks:owner_unified_05043a3dd993f1c25bc9;-380;75;-201;biomesoplenty:dead_planks;-380;76;-202;/tp @s -380 77 -201
bloodborne_blocks:owner_unified_05043a3dd993f1c25bc9;-380;75;-201;biomesoplenty:maple_planks;-380;76;-201;/tp @s -380 77 -201
bloodborne_blocks:owner_unified_05043a3dd993f1c25bc9;-380;75;-201;biomesoplenty:dead_planks;-379;74;-202;/tp @s -380 77 -201
bloodborne_blocks:owner_unified_05043a3dd993f1c25bc9;-380;75;-201;biomesoplenty:dead_planks;-379;74;-201;/tp @s -380 77 -201
bloodborne_blocks:owner_unified_05043a3dd993f1c25bc9;-380;75;-201;biomesoplenty:dead_planks;-379;74;-200;/tp @s -380 77 -201
bloodborne_blocks:owner_unified_05043a3dd993f1c25bc9;-380;75;-201;biomesoplenty:dead_planks;-379;75;-202;/tp @s -380 77 -201
bloodborne_blocks:owner_unified_05043a3dd993f1c25bc9;-380;75;-201;biomesoplenty:dead_planks;-379;76;-202;/tp @s -380 77 -201
bloodborne_blocks:owner_unified_05043a3dd993f1c25bc9;-379;75;-201;biomesoplenty:dead_planks;-380;74;-202;/tp @s -379 77 -201
bloodborne_blocks:owner_unified_05043a3dd993f1c25bc9;-379;75;-201;biomesoplenty:dead_planks;-380;74;-201;/tp @s -379 77 -201
bloodborne_blocks:owner_unified_05043a3dd993f1c25bc9;-379;75;-201;biomesoplenty:dead_planks;-380;74;-200;/tp @s -379 77 -201
bloodborne_blocks:owner_unified_05043a3dd993f1c25bc9;-379;75;-201;biomesoplenty:dead_planks;-380;75;-202;/tp @s -379 77 -201
bloodborne_blocks:owner_unified_05043a3dd993f1c25bc9;-379;75;-201;biomesoplenty:dead_planks;-380;76;-202;/tp @s -379 77 -201
bloodborne_blocks:owner_unified_05043a3dd993f1c25bc9;-379;75;-201;biomesoplenty:maple_planks;-380;76;-201;/tp @s -379 77 -201
bloodborne_blocks:owner_unified_05043a3dd993f1c25bc9;-379;75;-201;biomesoplenty:dead_planks;-379;74;-202;/tp @s -379 77 -201
bloodborne_blocks:owner_unified_05043a3dd993f1c25bc9;-379;75;-201;biomesoplenty:dead_planks;-379;74;-201;/tp @s -379 77 -201
bloodborne_blocks:owner_unified_05043a3dd993f1c25bc9;-379;75;-201;biomesoplenty:dead_planks;-379;74;-200;/tp @s -379 77 -201
bloodborne_blocks:owner_unified_05043a3dd993f1c25bc9;-379;75;-201;biomesoplenty:dead_planks;-379;75;-202;/tp @s -379 77 -201
bloodborne_blocks:owner_unified_05043a3dd993f1c25bc9;-379;75;-201;biomesoplenty:dead_planks;-379;76;-202;/tp @s -379 77 -201
bloodborne_blocks:owner_unified_05043a3dd993f1c25bc9;-379;75;-201;biomesoplenty:dead_planks;-378;74;-202;/tp @s -379 77 -201
bloodborne_blocks:owner_unified_05043a3dd993f1c25bc9;-379;75;-201;biomesoplenty:dead_planks;-378;74;-201;/tp @s -379 77 -201
bloodborne_blocks:owner_unified_05043a3dd993f1c25bc9;-379;75;-201;biomesoplenty:dead_planks;-378;74;-200;/tp @s -379 77 -201
bloodborne_blocks:owner_unified_05043a3dd993f1c25bc9;-379;75;-201;biomesoplenty:dead_planks;-378;75;-202;/tp @s -379 77 -201
bloodborne_blocks:owner_unified_05043a3dd993f1c25bc9;-379;75;-201;biomesoplenty:dead_planks;-378;76;-202;/tp @s -379 77 -201
bloodborne_blocks:owner_unified_05043a3dd993f1c25bc9;-375;75;-201;biomesoplenty:dead_planks;-376;74;-202;/tp @s -375 77 -201
bloodborne_blocks:owner_unified_05043a3dd993f1c25bc9;-375;75;-201;biomesoplenty:dead_planks;-376;74;-201;/tp @s -375 77 -201
bloodborne_blocks:owner_unified_05043a3dd993f1c25bc9;-375;75;-201;biomesoplenty:dead_planks;-376;74;-200;/tp @s -375 77 -201
bloodborne_blocks:owner_unified_05043a3dd993f1c25bc9;-375;75;-201;biomesoplenty:dead_planks;-376;75;-202;/tp @s -375 77 -201
bloodborne_blocks:owner_unified_05043a3dd993f1c25bc9;-375;75;-201;biomesoplenty:dead_planks;-376;76;-202;/tp @s -375 77 -201
bloodborne_blocks:owner_unified_05043a3dd993f1c25bc9;-375;75;-201;biomesoplenty:dead_planks;-375;74;-202;/tp @s -375 77 -201
bloodborne_blocks:owner_unified_05043a3dd993f1c25bc9;-375;75;-201;biomesoplenty:dead_planks;-375;74;-201;/tp @s -375 77 -201
bloodborne_blocks:owner_unified_05043a3dd993f1c25bc9;-375;75;-201;biomesoplenty:dead_planks;-375;74;-200;/tp @s -375 77 -201
bloodborne_blocks:owner_unified_05043a3dd993f1c25bc9;-375;75;-201;biomesoplenty:dead_planks;-375;75;-202;/tp @s -375 77 -201
bloodborne_blocks:owner_unified_05043a3dd993f1c25bc9;-375;75;-201;biomesoplenty:dead_planks;-375;76;-202;/tp @s -375 77 -201
bloodborne_blocks:owner_unified_05043a3dd993f1c25bc9;-375;75;-201;biomesoplenty:dead_planks;-374;74;-202;/tp @s -375 77 -201
bloodborne_blocks:owner_unified_05043a3dd993f1c25bc9;-375;75;-201;biomesoplenty:dead_planks;-374;74;-201;/tp @s -375 77 -201
bloodborne_blocks:owner_unified_05043a3dd993f1c25bc9;-375;75;-201;biomesoplenty:dead_planks;-374;74;-200;/tp @s -375 77 -201
bloodborne_blocks:owner_unified_05043a3dd993f1c25bc9;-375;75;-201;biomesoplenty:dead_planks;-374;75;-202;/tp @s -375 77 -201
bloodborne_blocks:owner_unified_05043a3dd993f1c25bc9;-375;75;-201;biomesoplenty:dead_planks;-374;76;-202;/tp @s -375 77 -201
bloodborne_blocks:owner_unified_05043a3dd993f1c25bc9;-375;75;-201;biomesoplenty:maple_planks;-374;76;-201;/tp @s -375 77 -201
bloodborne_blocks:owner_unified_05043a3dd993f1c25bc9;-374;75;-201;biomesoplenty:dead_planks;-375;74;-202;/tp @s -374 77 -201
bloodborne_blocks:owner_unified_05043a3dd993f1c25bc9;-374;75;-201;biomesoplenty:dead_planks;-375;74;-201;/tp @s -374 77 -201
bloodborne_blocks:owner_unified_05043a3dd993f1c25bc9;-374;75;-201;biomesoplenty:dead_planks;-375;74;-200;/tp @s -374 77 -201
bloodborne_blocks:owner_unified_05043a3dd993f1c25bc9;-374;75;-201;biomesoplenty:dead_planks;-375;75;-202;/tp @s -374 77 -201
bloodborne_blocks:owner_unified_05043a3dd993f1c25bc9;-374;75;-201;biomesoplenty:dead_planks;-375;76;-202;/tp @s -374 77 -201
bloodborne_blocks:owner_unified_05043a3dd993f1c25bc9;-374;75;-201;biomesoplenty:dead_planks;-374;74;-202;/tp @s -374 77 -201
bloodborne_blocks:owner_unified_05043a3dd993f1c25bc9;-374;75;-201;biomesoplenty:dead_planks;-374;74;-201;/tp @s -374 77 -201
bloodborne_blocks:owner_unified_05043a3dd993f1c25bc9;-374;75;-201;biomesoplenty:dead_planks;-374;74;-200;/tp @s -374 77 -201
bloodborne_blocks:owner_unified_05043a3dd993f1c25bc9;-374;75;-201;biomesoplenty:dead_planks;-374;75;-202;/tp @s -374 77 -201
bloodborne_blocks:owner_unified_05043a3dd993f1c25bc9;-374;75;-201;biomesoplenty:dead_planks;-374;76;-202;/tp @s -374 77 -201
bloodborne_blocks:owner_unified_05043a3dd993f1c25bc9;-374;75;-201;biomesoplenty:maple_planks;-374;76;-201;/tp @s -374 77 -201
bloodborne_blocks:owner_unified_05043a3dd993f1c25bc9;-374;75;-201;biomesoplenty:dead_planks;-373;74;-202;/tp @s -374 77 -201
bloodborne_blocks:owner_unified_05043a3dd993f1c25bc9;-374;75;-201;biomesoplenty:dead_planks;-373;74;-201;/tp @s -374 77 -201
bloodborne_blocks:owner_unified_05043a3dd993f1c25bc9;-374;75;-201;biomesoplenty:dead_planks;-373;74;-200;/tp @s -374 77 -201
bloodborne_blocks:owner_unified_05043a3dd993f1c25bc9;-374;75;-201;biomesoplenty:maple_planks;-373;76;-202;/tp @s -374 77 -201
bloodborne_blocks:owner_unified_05043a3dd993f1c25bc9;-371;75;-201;biomesoplenty:dead_planks;-372;74;-202;/tp @s -371 77 -201
bloodborne_blocks:owner_unified_05043a3dd993f1c25bc9;-371;75;-201;biomesoplenty:dead_planks;-372;74;-201;/tp @s -371 77 -201
bloodborne_blocks:owner_unified_05043a3dd993f1c25bc9;-371;75;-201;biomesoplenty:dead_planks;-372;74;-200;/tp @s -371 77 -201
bloodborne_blocks:owner_unified_05043a3dd993f1c25bc9;-371;75;-201;biomesoplenty:maple_planks;-372;76;-202;/tp @s -371 77 -201
bloodborne_blocks:owner_unified_05043a3dd993f1c25bc9;-371;75;-201;biomesoplenty:dead_planks;-371;74;-202;/tp @s -371 77 -201
bloodborne_blocks:owner_unified_05043a3dd993f1c25bc9;-371;75;-201;biomesoplenty:dead_planks;-371;74;-201;/tp @s -371 77 -201
bloodborne_blocks:owner_unified_05043a3dd993f1c25bc9;-371;75;-201;biomesoplenty:dead_planks;-371;74;-200;/tp @s -371 77 -201
bloodborne_blocks:owner_unified_05043a3dd993f1c25bc9;-371;75;-201;biomesoplenty:maple_planks;-371;76;-202;/tp @s -371 77 -201
bloodborne_blocks:owner_unified_05043a3dd993f1c25bc9;-371;75;-201;biomesoplenty:dead_planks;-370;74;-202;/tp @s -371 77 -201
bloodborne_blocks:owner_unified_05043a3dd993f1c25bc9;-371;75;-201;biomesoplenty:dead_planks;-370;74;-201;/tp @s -371 77 -201
bloodborne_blocks:owner_unified_05043a3dd993f1c25bc9;-371;75;-201;biomesoplenty:dead_planks;-370;74;-200;/tp @s -371 77 -201
bloodborne_blocks:owner_unified_05043a3dd993f1c25bc9;-371;75;-197;biomesoplenty:dead_planks;-372;74;-198;/tp @s -371 77 -197
bloodborne_blocks:owner_unified_05043a3dd993f1c25bc9;-371;75;-197;biomesoplenty:dead_planks;-372;74;-197;/tp @s -371 77 -197
bloodborne_blocks:owner_unified_05043a3dd993f1c25bc9;-371;75;-197;biomesoplenty:dead_planks;-372;74;-196;/tp @s -371 77 -197
bloodborne_blocks:owner_unified_05043a3dd993f1c25bc9;-371;75;-197;biomesoplenty:dead_planks;-371;74;-198;/tp @s -371 77 -197
bloodborne_blocks:owner_unified_05043a3dd993f1c25bc9;-371;75;-197;biomesoplenty:dead_planks;-371;74;-197;/tp @s -371 77 -197
bloodborne_blocks:owner_unified_05043a3dd993f1c25bc9;-371;75;-197;biomesoplenty:dead_planks;-371;74;-196;/tp @s -371 77 -197
bloodborne_blocks:owner_unified_05043a3dd993f1c25bc9;-371;75;-197;biomesoplenty:maple_planks;-371;76;-196;/tp @s -371 77 -197
bloodborne_blocks:owner_unified_05043a3dd993f1c25bc9;-371;75;-197;biomesoplenty:dead_planks;-370;74;-198;/tp @s -371 77 -197
bloodborne_blocks:owner_unified_05043a3dd993f1c25bc9;-371;75;-197;biomesoplenty:dead_planks;-370;74;-197;/tp @s -371 77 -197
bloodborne_blocks:owner_unified_05043a3dd993f1c25bc9;-371;75;-197;biomesoplenty:dead_planks;-370;74;-196;/tp @s -371 77 -197
bloodborne_blocks:owner_unified_05043a3dd993f1c25bc9;-371;75;-196;biomesoplenty:dead_planks;-372;74;-197;/tp @s -371 77 -196
bloodborne_blocks:owner_unified_05043a3dd993f1c25bc9;-371;75;-196;biomesoplenty:dead_planks;-372;74;-196;/tp @s -371 77 -196
bloodborne_blocks:owner_unified_05043a3dd993f1c25bc9;-371;75;-196;biomesoplenty:dead_planks;-372;74;-195;/tp @s -371 77 -196
bloodborne_blocks:owner_unified_05043a3dd993f1c25bc9;-371;75;-196;biomesoplenty:dead_planks;-371;74;-197;/tp @s -371 77 -196
bloodborne_blocks:owner_unified_05043a3dd993f1c25bc9;-371;75;-196;biomesoplenty:dead_planks;-371;74;-196;/tp @s -371 77 -196
bloodborne_blocks:owner_unified_05043a3dd993f1c25bc9;-371;75;-196;biomesoplenty:dead_planks;-371;74;-195;/tp @s -371 77 -196
bloodborne_blocks:owner_unified_05043a3dd993f1c25bc9;-371;75;-196;biomesoplenty:maple_planks;-371;76;-196;/tp @s -371 77 -196
bloodborne_blocks:owner_unified_05043a3dd993f1c25bc9;-371;75;-196;biomesoplenty:maple_planks;-371;76;-195;/tp @s -371 77 -196
bloodborne_blocks:owner_unified_05043a3dd993f1c25bc9;-371;75;-196;biomesoplenty:dead_planks;-370;74;-197;/tp @s -371 77 -196
bloodborne_blocks:owner_unified_05043a3dd993f1c25bc9;-371;75;-196;biomesoplenty:dead_planks;-370;74;-196;/tp @s -371 77 -196
bloodborne_blocks:owner_unified_05043a3dd993f1c25bc9;-371;75;-196;biomesoplenty:dead_planks;-370;74;-195;/tp @s -371 77 -196
bloodborne_blocks:owner_unified_05043a3dd993f1c25bc9;-371;75;-195;biomesoplenty:dead_planks;-372;74;-196;/tp @s -371 77 -195
bloodborne_blocks:owner_unified_05043a3dd993f1c25bc9;-371;75;-195;biomesoplenty:dead_planks;-372;74;-195;/tp @s -371 77 -195
bloodborne_blocks:owner_unified_05043a3dd993f1c25bc9;-371;75;-195;biomesoplenty:dead_planks;-372;74;-194;/tp @s -371 77 -195
bloodborne_blocks:owner_unified_05043a3dd993f1c25bc9;-371;75;-195;biomesoplenty:dead_planks;-371;74;-196;/tp @s -371 77 -195
bloodborne_blocks:owner_unified_05043a3dd993f1c25bc9;-371;75;-195;biomesoplenty:dead_planks;-371;74;-195;/tp @s -371 77 -195
bloodborne_blocks:owner_unified_05043a3dd993f1c25bc9;-371;75;-195;biomesoplenty:dead_planks;-371;74;-194;/tp @s -371 77 -195
bloodborne_blocks:owner_unified_05043a3dd993f1c25bc9;-371;75;-195;biomesoplenty:maple_planks;-371;76;-196;/tp @s -371 77 -195
bloodborne_blocks:owner_unified_05043a3dd993f1c25bc9;-371;75;-195;biomesoplenty:maple_planks;-371;76;-195;/tp @s -371 77 -195
bloodborne_blocks:owner_unified_05043a3dd993f1c25bc9;-371;75;-195;biomesoplenty:maple_planks;-371;76;-194;/tp @s -371 77 -195
bloodborne_blocks:owner_unified_05043a3dd993f1c25bc9;-371;75;-195;biomesoplenty:dead_planks;-370;74;-196;/tp @s -371 77 -195
bloodborne_blocks:owner_unified_05043a3dd993f1c25bc9;-371;75;-195;biomesoplenty:dead_planks;-370;74;-195;/tp @s -371 77 -195
bloodborne_blocks:owner_unified_05043a3dd993f1c25bc9;-371;75;-195;biomesoplenty:dead_planks;-370;74;-194;/tp @s -371 77 -195
bloodborne_blocks:owner_unified_05043a3dd993f1c25bc9;-371;75;-195;biomesoplenty:maple_planks;-370;76;-194;/tp @s -371 77 -195
bloodborne_blocks:owner_unified_05043a3dd993f1c25bc9;-384;75;-194;biomesoplenty:dead_planks;-385;74;-195;/tp @s -384 77 -194
bloodborne_blocks:owner_unified_05043a3dd993f1c25bc9;-384;75;-194;biomesoplenty:dead_planks;-385;74;-194;/tp @s -384 77 -194
bloodborne_blocks:owner_unified_05043a3dd993f1c25bc9;-384;75;-194;biomesoplenty:dead_planks;-385;74;-193;/tp @s -384 77 -194
bloodborne_blocks:owner_unified_05043a3dd993f1c25bc9;-384;75;-194;handcrafted:dark_oak_desk;-385;75;-193;/tp @s -384 77 -194
bloodborne_blocks:owner_unified_05043a3dd993f1c25bc9;-384;75;-194;biomesoplenty:maple_planks;-385;76;-194;/tp @s -384 77 -194
bloodborne_blocks:owner_unified_05043a3dd993f1c25bc9;-384;75;-194;biomesoplenty:dead_planks;-384;74;-195;/tp @s -384 77 -194
bloodborne_blocks:owner_unified_05043a3dd993f1c25bc9;-384;75;-194;biomesoplenty:dead_planks;-384;74;-194;/tp @s -384 77 -194
bloodborne_blocks:owner_unified_05043a3dd993f1c25bc9;-384;75;-194;biomesoplenty:dead_planks;-384;74;-193;/tp @s -384 77 -194
bloodborne_blocks:owner_unified_05043a3dd993f1c25bc9;-384;75;-194;biomesoplenty:maple_planks;-384;76;-194;/tp @s -384 77 -194
bloodborne_blocks:owner_unified_05043a3dd993f1c25bc9;-384;75;-194;biomesoplenty:dead_planks;-383;74;-195;/tp @s -384 77 -194
bloodborne_blocks:owner_unified_05043a3dd993f1c25bc9;-384;75;-194;biomesoplenty:dead_planks;-383;74;-194;/tp @s -384 77 -194
bloodborne_blocks:owner_unified_05043a3dd993f1c25bc9;-384;75;-194;biomesoplenty:dead_planks;-383;74;-193;/tp @s -384 77 -194
bloodborne_blocks:owner_unified_05043a3dd993f1c25bc9;-384;75;-194;biomesoplenty:maple_planks;-383;76;-194;/tp @s -384 77 -194
bloodborne_blocks:owner_unified_05043a3dd993f1c25bc9;-384;75;-194;biomesoplenty:maple_planks;-383;76;-193;/tp @s -384 77 -194
bloodborne_blocks:owner_unified_05043a3dd993f1c25bc9;-383;75;-194;biomesoplenty:dead_planks;-384;74;-195;/tp @s -383 77 -194
bloodborne_blocks:owner_unified_05043a3dd993f1c25bc9;-383;75;-194;biomesoplenty:dead_planks;-384;74;-194;/tp @s -383 77 -194
bloodborne_blocks:owner_unified_05043a3dd993f1c25bc9;-383;75;-194;biomesoplenty:dead_planks;-384;74;-193;/tp @s -383 77 -194
bloodborne_blocks:owner_unified_05043a3dd993f1c25bc9;-383;75;-194;biomesoplenty:maple_planks;-384;76;-194;/tp @s -383 77 -194
bloodborne_blocks:owner_unified_05043a3dd993f1c25bc9;-383;75;-194;biomesoplenty:dead_planks;-383;74;-195;/tp @s -383 77 -194
bloodborne_blocks:owner_unified_05043a3dd993f1c25bc9;-383;75;-194;biomesoplenty:dead_planks;-383;74;-194;/tp @s -383 77 -194
bloodborne_blocks:owner_unified_05043a3dd993f1c25bc9;-383;75;-194;biomesoplenty:dead_planks;-383;74;-193;/tp @s -383 77 -194
bloodborne_blocks:owner_unified_05043a3dd993f1c25bc9;-383;75;-194;biomesoplenty:maple_planks;-383;76;-194;/tp @s -383 77 -194
bloodborne_blocks:owner_unified_05043a3dd993f1c25bc9;-383;75;-194;biomesoplenty:maple_planks;-383;76;-193;/tp @s -383 77 -194
bloodborne_blocks:owner_unified_05043a3dd993f1c25bc9;-383;75;-194;biomesoplenty:dead_planks;-382;74;-195;/tp @s -383 77 -194
bloodborne_blocks:owner_unified_05043a3dd993f1c25bc9;-383;75;-194;biomesoplenty:dead_planks;-382;74;-194;/tp @s -383 77 -194
bloodborne_blocks:owner_unified_05043a3dd993f1c25bc9;-383;75;-194;biomesoplenty:dead_planks;-382;74;-193;/tp @s -383 77 -194
bloodborne_blocks:owner_unified_05043a3dd993f1c25bc9;-371;75;-194;biomesoplenty:dead_planks;-372;74;-195;/tp @s -371 77 -194
bloodborne_blocks:owner_unified_05043a3dd993f1c25bc9;-371;75;-194;biomesoplenty:dead_planks;-372;74;-194;/tp @s -371 77 -194
bloodborne_blocks:owner_unified_05043a3dd993f1c25bc9;-371;75;-194;biomesoplenty:dead_planks;-371;74;-195;/tp @s -371 77 -194
bloodborne_blocks:owner_unified_05043a3dd993f1c25bc9;-371;75;-194;biomesoplenty:dead_planks;-371;74;-194;/tp @s -371 77 -194
bloodborne_blocks:owner_unified_05043a3dd993f1c25bc9;-371;75;-194;biomesoplenty:maple_planks;-371;76;-195;/tp @s -371 77 -194
bloodborne_blocks:owner_unified_05043a3dd993f1c25bc9;-371;75;-194;biomesoplenty:maple_planks;-371;76;-194;/tp @s -371 77 -194
bloodborne_blocks:owner_unified_05043a3dd993f1c25bc9;-371;75;-194;biomesoplenty:dead_planks;-370;74;-195;/tp @s -371 77 -194
bloodborne_blocks:owner_unified_05043a3dd993f1c25bc9;-371;75;-194;biomesoplenty:dead_planks;-370;74;-194;/tp @s -371 77 -194
bloodborne_blocks:owner_unified_05043a3dd993f1c25bc9;-371;75;-194;biomesoplenty:maple_planks;-370;76;-194;/tp @s -371 77 -194
bloodborne_blocks:owner_unified_05043a3dd993f1c25bc9;-370;75;-194;biomesoplenty:dead_planks;-371;74;-195;/tp @s -370 77 -194
bloodborne_blocks:owner_unified_05043a3dd993f1c25bc9;-370;75;-194;biomesoplenty:dead_planks;-371;74;-194;/tp @s -370 77 -194
bloodborne_blocks:owner_unified_05043a3dd993f1c25bc9;-370;75;-194;biomesoplenty:maple_planks;-371;76;-195;/tp @s -370 77 -194
bloodborne_blocks:owner_unified_05043a3dd993f1c25bc9;-370;75;-194;biomesoplenty:maple_planks;-371;76;-194;/tp @s -370 77 -194
bloodborne_blocks:owner_unified_05043a3dd993f1c25bc9;-370;75;-194;biomesoplenty:dead_planks;-370;74;-195;/tp @s -370 77 -194
bloodborne_blocks:owner_unified_05043a3dd993f1c25bc9;-370;75;-194;biomesoplenty:dead_planks;-370;74;-194;/tp @s -370 77 -194
bloodborne_blocks:owner_unified_05043a3dd993f1c25bc9;-370;75;-194;biomesoplenty:maple_planks;-370;76;-194;/tp @s -370 77 -194
bloodborne_blocks:owner_unified_05043a3dd993f1c25bc9;-370;75;-194;biomesoplenty:dead_planks;-369;74;-195;/tp @s -370 77 -194
bloodborne_blocks:owner_unified_05043a3dd993f1c25bc9;-370;75;-194;biomesoplenty:dead_planks;-369;74;-194;/tp @s -370 77 -194
bloodborne_blocks:owner_unified_05043a3dd993f1c25bc9;-370;75;-194;handcrafted:dark_oak_desk;-369;75;-195;/tp @s -370 77 -194
bloodborne_blocks:owner_unified_05043a3dd993f1c25bc9;-370;75;-194;biomesoplenty:maple_planks;-369;76;-194;/tp @s -370 77 -194
bloodborne_blocks:owner_unified_05043a3dd993f1c25bc9;-369;75;-194;biomesoplenty:dead_planks;-370;74;-195;/tp @s -369 77 -194
bloodborne_blocks:owner_unified_05043a3dd993f1c25bc9;-369;75;-194;biomesoplenty:dead_planks;-370;74;-194;/tp @s -369 77 -194
bloodborne_blocks:owner_unified_05043a3dd993f1c25bc9;-369;75;-194;biomesoplenty:maple_planks;-370;76;-194;/tp @s -369 77 -194
bloodborne_blocks:owner_unified_05043a3dd993f1c25bc9;-369;75;-194;biomesoplenty:dead_planks;-369;74;-195;/tp @s -369 77 -194
bloodborne_blocks:owner_unified_05043a3dd993f1c25bc9;-369;75;-194;biomesoplenty:dead_planks;-369;74;-194;/tp @s -369 77 -194
bloodborne_blocks:owner_unified_05043a3dd993f1c25bc9;-369;75;-194;handcrafted:dark_oak_desk;-369;75;-195;/tp @s -369 77 -194
bloodborne_blocks:owner_unified_05043a3dd993f1c25bc9;-369;75;-194;biomesoplenty:maple_planks;-369;76;-194;/tp @s -369 77 -194
bloodborne_blocks:owner_unified_05043a3dd993f1c25bc9;-369;75;-194;biomesoplenty:dead_planks;-368;74;-195;/tp @s -369 77 -194
bloodborne_blocks:owner_unified_05043a3dd993f1c25bc9;-369;75;-194;biomesoplenty:dead_planks;-368;74;-194;/tp @s -369 77 -194
bloodborne_blocks:owner_unified_05043a3dd993f1c25bc9;-369;75;-194;handcrafted:mangrove_fancy_bed;-368;75;-195;/tp @s -369 77 -194
bloodborne_blocks:owner_unified_05043a3dd993f1c25bc9;-383;75;-193;biomesoplenty:dead_planks;-384;74;-194;/tp @s -383 77 -193
bloodborne_blocks:owner_unified_05043a3dd993f1c25bc9;-383;75;-193;biomesoplenty:dead_planks;-384;74;-193;/tp @s -383 77 -193
bloodborne_blocks:owner_unified_05043a3dd993f1c25bc9;-383;75;-193;biomesoplenty:dead_planks;-384;74;-192;/tp @s -383 77 -193
bloodborne_blocks:owner_unified_05043a3dd993f1c25bc9;-383;75;-193;biomesoplenty:maple_planks;-384;76;-194;/tp @s -383 77 -193
bloodborne_blocks:owner_unified_05043a3dd993f1c25bc9;-383;75;-193;biomesoplenty:dead_planks;-383;74;-194;/tp @s -383 77 -193
bloodborne_blocks:owner_unified_05043a3dd993f1c25bc9;-383;75;-193;biomesoplenty:dead_planks;-383;74;-193;/tp @s -383 77 -193
bloodborne_blocks:owner_unified_05043a3dd993f1c25bc9;-383;75;-193;biomesoplenty:dead_planks;-383;74;-192;/tp @s -383 77 -193
bloodborne_blocks:owner_unified_05043a3dd993f1c25bc9;-383;75;-193;biomesoplenty:maple_planks;-383;76;-194;/tp @s -383 77 -193
bloodborne_blocks:owner_unified_05043a3dd993f1c25bc9;-383;75;-193;biomesoplenty:maple_planks;-383;76;-193;/tp @s -383 77 -193
bloodborne_blocks:owner_unified_05043a3dd993f1c25bc9;-383;75;-193;biomesoplenty:dead_planks;-382;74;-194;/tp @s -383 77 -193
bloodborne_blocks:owner_unified_05043a3dd993f1c25bc9;-383;75;-193;biomesoplenty:dead_planks;-382;74;-193;/tp @s -383 77 -193
bloodborne_blocks:owner_unified_05043a3dd993f1c25bc9;-383;75;-193;biomesoplenty:dead_planks;-382;74;-192;/tp @s -383 77 -193
bloodborne_blocks:owner_unified_05043a3dd993f1c25bc9;-371;78;-200;amendments:wall_lantern;-372;77;-201;/tp @s -371 80 -200
bloodborne_blocks:owner_unified_05043a3dd993f1c25bc9;-371;78;-198;amendments:wall_lantern;-372;77;-197;/tp @s -371 80 -198
bloodborne_blocks:owner_unified_05043a3dd993f1c25bc9;-371;79;-200;biomesoplenty:dead_planks;-372;80;-201;/tp @s -371 81 -200
bloodborne_blocks:owner_unified_05043a3dd993f1c25bc9;-371;79;-200;biomesoplenty:dead_planks;-372;80;-200;/tp @s -371 81 -200
bloodborne_blocks:owner_unified_05043a3dd993f1c25bc9;-371;79;-200;biomesoplenty:dead_planks;-372;80;-199;/tp @s -371 81 -200
bloodborne_blocks:owner_unified_05043a3dd993f1c25bc9;-371;79;-200;biomesoplenty:dead_planks;-370;80;-201;/tp @s -371 81 -200
bloodborne_blocks:owner_unified_05043a3dd993f1c25bc9;-371;79;-200;biomesoplenty:dead_planks;-370;80;-200;/tp @s -371 81 -200
bloodborne_blocks:owner_unified_05043a3dd993f1c25bc9;-371;79;-200;biomesoplenty:dead_planks;-370;80;-199;/tp @s -371 81 -200
bloodborne_blocks:owner_unified_083cdee4ded376b06571;-384;66;-195;biomesoplenty:dead_planks;-384;66;-196;/tp @s -384 68 -195
bloodborne_blocks:owner_unified_083cdee4ded376b06571;-384;66;-195;biomesoplenty:dead_planks;-383;66;-196;/tp @s -384 68 -195
bloodborne_blocks:owner_unified_083cdee4ded376b06571;-384;66;-195;biomesoplenty:dead_planks;-383;66;-195;/tp @s -384 68 -195
bloodborne_blocks:owner_unified_083cdee4ded376b06571;-374;66;-195;biomesoplenty:dead_planks;-375;66;-196;/tp @s -374 68 -195
bloodborne_blocks:owner_unified_083cdee4ded376b06571;-374;66;-195;biomesoplenty:dead_planks;-375;66;-195;/tp @s -374 68 -195
bloodborne_blocks:owner_unified_083cdee4ded376b06571;-374;66;-195;biomesoplenty:dead_planks;-374;66;-196;/tp @s -374 68 -195
bloodborne_blocks:owner_unified_083cdee4ded376b06571;-374;66;-195;biomesoplenty:dead_planks;-373;66;-196;/tp @s -374 68 -195
bloodborne_blocks:owner_unified_083cdee4ded376b06571;-374;66;-195;biomesoplenty:dead_stairs;-373;66;-195;/tp @s -374 68 -195
bloodborne_blocks:owner_unified_2c32ee12d0841335f15d;-370;66;-195;biomesoplenty:dead_planks;-371;66;-196;/tp @s -370 68 -195
bloodborne_blocks:owner_unified_2c32ee12d0841335f15d;-370;66;-195;biomesoplenty:dead_stairs;-371;66;-195;/tp @s -370 68 -195
bloodborne_blocks:owner_unified_2c32ee12d0841335f15d;-370;66;-195;biomesoplenty:dead_planks;-369;66;-196;/tp @s -370 68 -195
bloodborne_blocks:owner_unified_2aedb83a0de03185d106;-374;67;-195;yuushya:red_curtain;-374;67;-196;/tp @s -374 69 -195
bloodborne_blocks:owner_unified_2aedb83a0de03185d106;-374;67;-195;yuushya:red_curtain;-374;68;-196;/tp @s -374 69 -195
bloodborne_blocks:owner_unified_274c0272b026dbcb6351;-374;73;-194;biomesoplenty:dead_planks;-375;74;-194;/tp @s -374 75 -194
bloodborne_blocks:owner_unified_274c0272b026dbcb6351;-374;73;-194;biomesoplenty:dead_planks;-374;74;-194;/tp @s -374 75 -194
bloodborne_blocks:owner_unified_274c0272b026dbcb6351;-374;73;-193;biomesoplenty:dead_planks;-375;74;-193;/tp @s -374 75 -193
bloodborne_blocks:owner_unified_274c0272b026dbcb6351;-374;73;-193;biomesoplenty:dead_planks;-374;74;-193;/tp @s -374 75 -193
bloodborne_blocks:owner_unified_614e4c808e1fbb8076f5;-372;71;-205;biomesoplenty:maple_planks;-372;72;-205;/tp @s -372 73 -205
bloodborne_blocks:owner_unified_614e4c808e1fbb8076f5;-372;71;-205;biomesoplenty:maple_planks;-371;72;-205;/tp @s -372 73 -205
bloodborne_blocks:owner_unified_614e4c808e1fbb8076f5;-372;71;-204;biomesoplenty:maple_planks;-372;72;-204;/tp @s -372 73 -204
bloodborne_blocks:owner_unified_614e4c808e1fbb8076f5;-372;71;-204;biomesoplenty:maple_planks;-371;72;-204;/tp @s -372 73 -204
bloodborne_blocks:owner_unified_614e4c808e1fbb8076f5;-372;71;-203;biomesoplenty:maple_planks;-372;72;-203;/tp @s -372 73 -203
bloodborne_blocks:owner_unified_614e4c808e1fbb8076f5;-372;71;-203;biomesoplenty:maple_planks;-371;72;-203;/tp @s -372 73 -203
bloodborne_blocks:owner_unified_614e4c808e1fbb8076f5;-372;71;-202;biomesoplenty:maple_planks;-372;72;-202;/tp @s -372 73 -202
bloodborne_blocks:owner_unified_614e4c808e1fbb8076f5;-372;71;-202;biomesoplenty:maple_planks;-371;72;-202;/tp @s -372 73 -202
bloodborne_blocks:owner_unified_614e4c808e1fbb8076f5;-369;71;-200;biomesoplenty:maple_planks;-369;72;-200;/tp @s -369 73 -200
bloodborne_blocks:owner_unified_614e4c808e1fbb8076f5;-369;71;-200;biomesoplenty:maple_planks;-368;72;-200;/tp @s -369 73 -200
bloodborne_blocks:owner_unified_614e4c808e1fbb8076f5;-369;71;-199;biomesoplenty:maple_planks;-369;72;-199;/tp @s -369 73 -199
bloodborne_blocks:owner_unified_614e4c808e1fbb8076f5;-369;71;-199;biomesoplenty:maple_planks;-368;72;-199;/tp @s -369 73 -199
bloodborne_blocks:owner_unified_614e4c808e1fbb8076f5;-369;71;-198;biomesoplenty:maple_planks;-369;72;-198;/tp @s -369 73 -198
bloodborne_blocks:owner_unified_614e4c808e1fbb8076f5;-369;71;-198;biomesoplenty:maple_planks;-368;72;-198;/tp @s -369 73 -198
bloodborne_blocks:owner_unified_614e4c808e1fbb8076f5;-369;71;-197;biomesoplenty:maple_planks;-369;72;-197;/tp @s -369 73 -197
bloodborne_blocks:owner_unified_614e4c808e1fbb8076f5;-369;71;-197;biomesoplenty:maple_planks;-368;72;-197;/tp @s -369 73 -197
bloodborne_blocks:owner_unified_27a1444149a125fb7197;-370;71;-205;biomesoplenty:maple_planks;-370;72;-205;/tp @s -370 73 -205
bloodborne_blocks:owner_unified_27a1444149a125fb7197;-370;71;-205;biomesoplenty:maple_planks;-370;72;-204;/tp @s -370 73 -205
bloodborne_blocks:owner_unified_27a1444149a125fb7197;-369;71;-205;biomesoplenty:maple_planks;-369;72;-205;/tp @s -369 73 -205
bloodborne_blocks:owner_unified_27a1444149a125fb7197;-369;71;-205;biomesoplenty:maple_planks;-369;72;-204;/tp @s -369 73 -205
bloodborne_blocks:owner_unified_29bf256fd7f53dfd18a3;-371;71;-201;biomesoplenty:maple_planks;-371;72;-202;/tp @s -371 73 -201
bloodborne_blocks:owner_unified_29bf256fd7f53dfd18a3;-371;71;-201;biomesoplenty:maple_planks;-371;72;-201;/tp @s -371 73 -201
bloodborne_blocks:owner_unified_29bf256fd7f53dfd18a3;-370;71;-201;biomesoplenty:maple_planks;-370;72;-202;/tp @s -370 73 -201
bloodborne_blocks:owner_unified_29bf256fd7f53dfd18a3;-370;71;-201;biomesoplenty:maple_planks;-370;72;-201;/tp @s -370 73 -201
bloodborne_blocks:owner_unified_6174324c5b20e30362e3;-384;73;-196;yuushya:red_curtain;-384;73;-197;/tp @s -384 75 -196
bloodborne_blocks:owner_unified_6174324c5b20e30362e3;-374;73;-196;yuushya:red_curtain;-374;73;-197;/tp @s -374 75 -196
bloodborne_blocks:owner_unified_29bf256fd7f53dfd18a3;-368;71;-196;biomesoplenty:maple_planks;-368;72;-197;/tp @s -368 73 -196
bloodborne_blocks:owner_unified_29bf256fd7f53dfd18a3;-368;71;-196;biomesoplenty:maple_planks;-368;72;-196;/tp @s -368 73 -196
bloodborne_blocks:owner_unified_29bf256fd7f53dfd18a3;-367;71;-196;biomesoplenty:maple_planks;-367;72;-197;/tp @s -367 73 -196
bloodborne_blocks:owner_unified_29bf256fd7f53dfd18a3;-367;71;-196;biomesoplenty:maple_planks;-367;72;-196;/tp @s -367 73 -196
bloodborne_blocks:owner_unified_29bf256fd7f53dfd18a3;-366;71;-196;biomesoplenty:maple_planks;-366;72;-197;/tp @s -366 73 -196
bloodborne_blocks:owner_unified_29bf256fd7f53dfd18a3;-366;71;-196;biomesoplenty:maple_planks;-366;72;-196;/tp @s -366 73 -196
bloodborne_blocks:owner_unified_274c0272b026dbcb6351;-365;71;-204;biomesoplenty:maple_planks;-366;72;-204;/tp @s -365 73 -204
bloodborne_blocks:owner_unified_274c0272b026dbcb6351;-365;71;-204;biomesoplenty:maple_planks;-365;72;-204;/tp @s -365 73 -204
bloodborne_blocks:owner_unified_274c0272b026dbcb6351;-365;71;-203;biomesoplenty:maple_planks;-366;72;-203;/tp @s -365 73 -203
bloodborne_blocks:owner_unified_274c0272b026dbcb6351;-365;71;-203;biomesoplenty:maple_planks;-365;72;-203;/tp @s -365 73 -203
bloodborne_blocks:owner_unified_274c0272b026dbcb6351;-365;71;-202;biomesoplenty:maple_planks;-366;72;-202;/tp @s -365 73 -202
bloodborne_blocks:owner_unified_274c0272b026dbcb6351;-365;71;-202;biomesoplenty:maple_planks;-365;72;-202;/tp @s -365 73 -202
bloodborne_blocks:owner_unified_274c0272b026dbcb6351;-365;71;-201;biomesoplenty:maple_planks;-366;72;-201;/tp @s -365 73 -201
bloodborne_blocks:owner_unified_274c0272b026dbcb6351;-365;71;-201;biomesoplenty:maple_planks;-365;72;-201;/tp @s -365 73 -201
bloodborne_blocks:owner_unified_274c0272b026dbcb6351;-365;71;-200;biomesoplenty:maple_planks;-366;72;-200;/tp @s -365 73 -200
bloodborne_blocks:owner_unified_274c0272b026dbcb6351;-365;71;-200;biomesoplenty:maple_planks;-365;72;-200;/tp @s -365 73 -200
bloodborne_blocks:owner_unified_274c0272b026dbcb6351;-365;71;-199;biomesoplenty:maple_planks;-366;72;-199;/tp @s -365 73 -199
bloodborne_blocks:owner_unified_274c0272b026dbcb6351;-365;71;-199;biomesoplenty:maple_planks;-365;72;-199;/tp @s -365 73 -199
bloodborne_blocks:owner_unified_274c0272b026dbcb6351;-365;71;-198;biomesoplenty:maple_planks;-366;72;-198;/tp @s -365 73 -198
bloodborne_blocks:owner_unified_274c0272b026dbcb6351;-365;71;-198;biomesoplenty:maple_planks;-365;72;-198;/tp @s -365 73 -198
bloodborne_blocks:owner_unified_274c0272b026dbcb6351;-365;71;-197;biomesoplenty:maple_planks;-366;72;-197;/tp @s -365 73 -197
bloodborne_blocks:owner_unified_274c0272b026dbcb6351;-365;71;-197;biomesoplenty:maple_planks;-365;72;-197;/tp @s -365 73 -197
bloodborne_blocks:owner_unified_27a1444149a125fb7197;-368;71;-205;biomesoplenty:maple_planks;-368;72;-205;/tp @s -368 73 -205
bloodborne_blocks:owner_unified_27a1444149a125fb7197;-368;71;-205;biomesoplenty:maple_planks;-368;72;-204;/tp @s -368 73 -205
bloodborne_blocks:owner_unified_27a1444149a125fb7197;-367;71;-205;biomesoplenty:maple_planks;-367;72;-205;/tp @s -367 73 -205
bloodborne_blocks:owner_unified_27a1444149a125fb7197;-367;71;-205;biomesoplenty:maple_planks;-367;72;-204;/tp @s -367 73 -205
bloodborne_blocks:owner_unified_27a1444149a125fb7197;-366;71;-205;biomesoplenty:maple_planks;-366;72;-205;/tp @s -366 73 -205
bloodborne_blocks:owner_unified_27a1444149a125fb7197;-366;71;-205;biomesoplenty:maple_planks;-366;72;-204;/tp @s -366 73 -205
bloodborne_blocks:owner_unified_05043a3dd993f1c25bc9;-368;75;-194;biomesoplenty:dead_planks;-369;74;-195;/tp @s -368 77 -194
bloodborne_blocks:owner_unified_05043a3dd993f1c25bc9;-368;75;-194;biomesoplenty:dead_planks;-369;74;-194;/tp @s -368 77 -194
bloodborne_blocks:owner_unified_05043a3dd993f1c25bc9;-368;75;-194;handcrafted:dark_oak_desk;-369;75;-195;/tp @s -368 77 -194
bloodborne_blocks:owner_unified_05043a3dd993f1c25bc9;-368;75;-194;biomesoplenty:maple_planks;-369;76;-194;/tp @s -368 77 -194
bloodborne_blocks:owner_unified_05043a3dd993f1c25bc9;-368;75;-194;biomesoplenty:dead_planks;-368;74;-195;/tp @s -368 77 -194
bloodborne_blocks:owner_unified_05043a3dd993f1c25bc9;-368;75;-194;biomesoplenty:dead_planks;-368;74;-194;/tp @s -368 77 -194
bloodborne_blocks:owner_unified_05043a3dd993f1c25bc9;-368;75;-194;handcrafted:mangrove_fancy_bed;-368;75;-195;/tp @s -368 77 -194
bloodborne_blocks:owner_unified_05043a3dd993f1c25bc9;-368;75;-194;biomesoplenty:dead_planks;-367;74;-195;/tp @s -368 77 -194
bloodborne_blocks:owner_unified_05043a3dd993f1c25bc9;-368;75;-194;biomesoplenty:dead_planks;-367;74;-194;/tp @s -368 77 -194
bloodborne_blocks:owner_unified_05043a3dd993f1c25bc9;-368;75;-194;handcrafted:mangrove_fancy_bed;-367;75;-195;/tp @s -368 77 -194
bloodborne_blocks:owner_unified_05043a3dd993f1c25bc9;-368;75;-194;biomesoplenty:maple_planks;-367;76;-194;/tp @s -368 77 -194
bloodborne_blocks:owner_unified_05043a3dd993f1c25bc9;-367;75;-194;biomesoplenty:dead_planks;-368;74;-195;/tp @s -367 77 -194
bloodborne_blocks:owner_unified_05043a3dd993f1c25bc9;-367;75;-194;biomesoplenty:dead_planks;-368;74;-194;/tp @s -367 77 -194
bloodborne_blocks:owner_unified_05043a3dd993f1c25bc9;-367;75;-194;handcrafted:mangrove_fancy_bed;-368;75;-195;/tp @s -367 77 -194
bloodborne_blocks:owner_unified_05043a3dd993f1c25bc9;-367;75;-194;biomesoplenty:dead_planks;-367;74;-195;/tp @s -367 77 -194
bloodborne_blocks:owner_unified_05043a3dd993f1c25bc9;-367;75;-194;biomesoplenty:dead_planks;-367;74;-194;/tp @s -367 77 -194
bloodborne_blocks:owner_unified_05043a3dd993f1c25bc9;-367;75;-194;handcrafted:mangrove_fancy_bed;-367;75;-195;/tp @s -367 77 -194
bloodborne_blocks:owner_unified_05043a3dd993f1c25bc9;-367;75;-194;biomesoplenty:maple_planks;-367;76;-194;/tp @s -367 77 -194
bloodborne_blocks:owner_unified_05043a3dd993f1c25bc9;-367;75;-194;biomesoplenty:dead_planks;-366;74;-195;/tp @s -367 77 -194
bloodborne_blocks:owner_unified_05043a3dd993f1c25bc9;-367;75;-194;biomesoplenty:dead_planks;-366;74;-194;/tp @s -367 77 -194
bloodborne_blocks:owner_unified_05043a3dd993f1c25bc9;-367;75;-194;biomesoplenty:dead_planks;-366;74;-193;/tp @s -367 77 -194
bloodborne_blocks:owner_unified_05043a3dd993f1c25bc9;-367;75;-194;handcrafted:dark_oak_desk;-366;75;-195;/tp @s -367 77 -194
bloodborne_blocks:owner_unified_05043a3dd993f1c25bc9;-367;75;-194;biomesoplenty:maple_planks;-366;76;-194;/tp @s -367 77 -194
bloodborne_blocks:owner_unified_05043a3dd993f1c25bc9;-366;75;-194;biomesoplenty:dead_planks;-367;74;-195;/tp @s -366 77 -194
bloodborne_blocks:owner_unified_05043a3dd993f1c25bc9;-366;75;-194;biomesoplenty:dead_planks;-367;74;-194;/tp @s -366 77 -194
bloodborne_blocks:owner_unified_05043a3dd993f1c25bc9;-366;75;-194;handcrafted:mangrove_fancy_bed;-367;75;-195;/tp @s -366 77 -194
bloodborne_blocks:owner_unified_05043a3dd993f1c25bc9;-366;75;-194;biomesoplenty:maple_planks;-367;76;-194;/tp @s -366 77 -194
bloodborne_blocks:owner_unified_05043a3dd993f1c25bc9;-366;75;-194;biomesoplenty:dead_planks;-366;74;-195;/tp @s -366 77 -194
bloodborne_blocks:owner_unified_05043a3dd993f1c25bc9;-366;75;-194;biomesoplenty:dead_planks;-366;74;-194;/tp @s -366 77 -194
bloodborne_blocks:owner_unified_05043a3dd993f1c25bc9;-366;75;-194;biomesoplenty:dead_planks;-366;74;-193;/tp @s -366 77 -194
bloodborne_blocks:owner_unified_05043a3dd993f1c25bc9;-366;75;-194;handcrafted:dark_oak_desk;-366;75;-195;/tp @s -366 77 -194
bloodborne_blocks:owner_unified_05043a3dd993f1c25bc9;-366;75;-194;biomesoplenty:maple_planks;-366;76;-194;/tp @s -366 77 -194
bloodborne_blocks:owner_unified_05043a3dd993f1c25bc9;-366;75;-194;biomesoplenty:dead_planks;-365;74;-195;/tp @s -366 77 -194
bloodborne_blocks:owner_unified_05043a3dd993f1c25bc9;-366;75;-194;biomesoplenty:dead_planks;-365;74;-194;/tp @s -366 77 -194
bloodborne_blocks:owner_unified_05043a3dd993f1c25bc9;-366;75;-194;biomesoplenty:dead_planks;-365;74;-193;/tp @s -366 77 -194
bloodborne_blocks:owner_unified_05043a3dd993f1c25bc9;-366;75;-194;biomesoplenty:maple_planks;-365;76;-194;/tp @s -366 77 -194
bloodborne_blocks:owner_unified_05043a3dd993f1c25bc9;-365;75;-194;biomesoplenty:dead_planks;-366;74;-195;/tp @s -365 77 -194
bloodborne_blocks:owner_unified_05043a3dd993f1c25bc9;-365;75;-194;biomesoplenty:dead_planks;-366;74;-194;/tp @s -365 77 -194
bloodborne_blocks:owner_unified_05043a3dd993f1c25bc9;-365;75;-194;biomesoplenty:dead_planks;-366;74;-193;/tp @s -365 77 -194
bloodborne_blocks:owner_unified_05043a3dd993f1c25bc9;-365;75;-194;handcrafted:dark_oak_desk;-366;75;-195;/tp @s -365 77 -194
bloodborne_blocks:owner_unified_05043a3dd993f1c25bc9;-365;75;-194;biomesoplenty:maple_planks;-366;76;-194;/tp @s -365 77 -194
bloodborne_blocks:owner_unified_05043a3dd993f1c25bc9;-365;75;-194;biomesoplenty:dead_planks;-365;74;-195;/tp @s -365 77 -194
bloodborne_blocks:owner_unified_05043a3dd993f1c25bc9;-365;75;-194;biomesoplenty:dead_planks;-365;74;-194;/tp @s -365 77 -194
bloodborne_blocks:owner_unified_05043a3dd993f1c25bc9;-365;75;-194;biomesoplenty:dead_planks;-365;74;-193;/tp @s -365 77 -194
bloodborne_blocks:owner_unified_05043a3dd993f1c25bc9;-365;75;-194;biomesoplenty:maple_planks;-365;76;-194;/tp @s -365 77 -194
bloodborne_blocks:owner_unified_083cdee4ded376b06571;-385;66;-183;supplementaries:daub_frame;-386;66;-184;/tp @s -385 68 -183
bloodborne_blocks:owner_unified_083cdee4ded376b06571;-385;66;-183;supplementaries:daub_cross_brace;-386;66;-183;/tp @s -385 68 -183
bloodborne_blocks:owner_unified_05043a3dd993f1c25bc9;-385;68;-183;minecraft:oak_pressure_plate;-386;67;-184;/tp @s -385 70 -183
bloodborne_blocks:owner_unified_05043a3dd993f1c25bc9;-385;68;-183;handcrafted:spruce_shelf;-386;69;-184;/tp @s -385 70 -183
bloodborne_blocks:owner_unified_05043a3dd993f1c25bc9;-385;68;-183;amendments:wall_lantern;-385;69;-184;/tp @s -385 70 -183
bloodborne_blocks:owner_unified_05043a3dd993f1c25bc9;-385;68;-183;amendments:wall_lantern;-385;69;-182;/tp @s -385 70 -183
bloodborne_blocks:owner_unified_05043a3dd993f1c25bc9;-385;73;-183;biomesoplenty:dead_planks;-386;74;-184;/tp @s -385 75 -183
bloodborne_blocks:owner_unified_05043a3dd993f1c25bc9;-385;73;-183;biomesoplenty:dead_planks;-386;74;-183;/tp @s -385 75 -183
bloodborne_blocks:owner_unified_05043a3dd993f1c25bc9;-385;73;-183;biomesoplenty:dead_planks;-386;74;-182;/tp @s -385 75 -183
bloodborne_blocks:owner_unified_05043a3dd993f1c25bc9;-385;73;-183;biomesoplenty:dead_planks;-385;74;-184;/tp @s -385 75 -183
bloodborne_blocks:owner_unified_05043a3dd993f1c25bc9;-385;73;-183;biomesoplenty:dead_planks;-385;74;-183;/tp @s -385 75 -183
bloodborne_blocks:owner_unified_05043a3dd993f1c25bc9;-385;73;-183;biomesoplenty:dead_planks;-385;74;-182;/tp @s -385 75 -183
bloodborne_blocks:owner_unified_05043a3dd993f1c25bc9;-385;73;-183;biomesoplenty:dead_planks;-384;74;-184;/tp @s -385 75 -183
bloodborne_blocks:owner_unified_05043a3dd993f1c25bc9;-385;73;-183;biomesoplenty:dead_planks;-384;74;-183;/tp @s -385 75 -183
bloodborne_blocks:owner_unified_05043a3dd993f1c25bc9;-385;73;-183;biomesoplenty:dead_planks;-384;74;-182;/tp @s -385 75 -183
bloodborne_blocks:owner_unified_05043a3dd993f1c25bc9;-389;75;-185;biomesoplenty:dead_planks;-389;74;-186;/tp @s -389 77 -185
bloodborne_blocks:owner_unified_05043a3dd993f1c25bc9;-389;75;-185;biomesoplenty:dead_planks;-389;74;-185;/tp @s -389 77 -185
bloodborne_blocks:owner_unified_05043a3dd993f1c25bc9;-389;75;-185;biomesoplenty:dead_planks;-389;74;-184;/tp @s -389 77 -185
bloodborne_blocks:owner_unified_05043a3dd993f1c25bc9;-389;75;-185;handcrafted:dark_oak_shelf;-389;75;-184;/tp @s -389 77 -185
bloodborne_blocks:owner_unified_05043a3dd993f1c25bc9;-389;75;-185;biomesoplenty:maple_planks;-389;76;-185;/tp @s -389 77 -185
bloodborne_blocks:owner_unified_05043a3dd993f1c25bc9;-389;75;-185;minecraft:bookshelf;-389;76;-184;/tp @s -389 77 -185
bloodborne_blocks:owner_unified_05043a3dd993f1c25bc9;-389;75;-185;biomesoplenty:dead_planks;-388;74;-186;/tp @s -389 77 -185
bloodborne_blocks:owner_unified_05043a3dd993f1c25bc9;-389;75;-185;biomesoplenty:dead_planks;-388;74;-185;/tp @s -389 77 -185
bloodborne_blocks:owner_unified_05043a3dd993f1c25bc9;-389;75;-185;biomesoplenty:dead_planks;-388;74;-184;/tp @s -389 77 -185
bloodborne_blocks:owner_unified_05043a3dd993f1c25bc9;-389;75;-185;handcrafted:dark_oak_shelf;-388;75;-184;/tp @s -389 77 -185
bloodborne_blocks:owner_unified_05043a3dd993f1c25bc9;-389;75;-185;biomesoplenty:maple_planks;-388;76;-185;/tp @s -389 77 -185
bloodborne_blocks:owner_unified_05043a3dd993f1c25bc9;-389;75;-185;minecraft:bookshelf;-388;76;-184;/tp @s -389 77 -185
bloodborne_blocks:owner_unified_05043a3dd993f1c25bc9;-388;75;-185;biomesoplenty:dead_planks;-389;74;-186;/tp @s -388 77 -185
bloodborne_blocks:owner_unified_05043a3dd993f1c25bc9;-388;75;-185;biomesoplenty:dead_planks;-389;74;-185;/tp @s -388 77 -185
bloodborne_blocks:owner_unified_05043a3dd993f1c25bc9;-388;75;-185;biomesoplenty:dead_planks;-389;74;-184;/tp @s -388 77 -185
bloodborne_blocks:owner_unified_05043a3dd993f1c25bc9;-388;75;-185;handcrafted:dark_oak_shelf;-389;75;-184;/tp @s -388 77 -185
bloodborne_blocks:owner_unified_05043a3dd993f1c25bc9;-388;75;-185;biomesoplenty:maple_planks;-389;76;-185;/tp @s -388 77 -185
bloodborne_blocks:owner_unified_05043a3dd993f1c25bc9;-388;75;-185;minecraft:bookshelf;-389;76;-184;/tp @s -388 77 -185
bloodborne_blocks:owner_unified_05043a3dd993f1c25bc9;-388;75;-185;biomesoplenty:dead_planks;-388;74;-186;/tp @s -388 77 -185
bloodborne_blocks:owner_unified_05043a3dd993f1c25bc9;-388;75;-185;biomesoplenty:dead_planks;-388;74;-185;/tp @s -388 77 -185
bloodborne_blocks:owner_unified_05043a3dd993f1c25bc9;-388;75;-185;biomesoplenty:dead_planks;-388;74;-184;/tp @s -388 77 -185
bloodborne_blocks:owner_unified_05043a3dd993f1c25bc9;-388;75;-185;handcrafted:dark_oak_shelf;-388;75;-184;/tp @s -388 77 -185
bloodborne_blocks:owner_unified_05043a3dd993f1c25bc9;-388;75;-185;biomesoplenty:maple_planks;-388;76;-185;/tp @s -388 77 -185
bloodborne_blocks:owner_unified_05043a3dd993f1c25bc9;-388;75;-185;minecraft:bookshelf;-388;76;-184;/tp @s -388 77 -185
bloodborne_blocks:owner_unified_05043a3dd993f1c25bc9;-388;75;-185;biomesoplenty:dead_planks;-387;74;-186;/tp @s -388 77 -185
bloodborne_blocks:owner_unified_05043a3dd993f1c25bc9;-388;75;-185;biomesoplenty:dead_planks;-387;74;-185;/tp @s -388 77 -185
bloodborne_blocks:owner_unified_05043a3dd993f1c25bc9;-388;75;-185;biomesoplenty:dead_planks;-387;74;-184;/tp @s -388 77 -185
bloodborne_blocks:owner_unified_05043a3dd993f1c25bc9;-388;75;-185;handcrafted:dark_oak_couch;-387;75;-186;/tp @s -388 77 -185
bloodborne_blocks:owner_unified_05043a3dd993f1c25bc9;-388;75;-185;biomesoplenty:maple_planks;-387;76;-185;/tp @s -388 77 -185
bloodborne_blocks:owner_unified_05043a3dd993f1c25bc9;-387;75;-185;biomesoplenty:dead_planks;-388;74;-186;/tp @s -387 77 -185
bloodborne_blocks:owner_unified_05043a3dd993f1c25bc9;-387;75;-185;biomesoplenty:dead_planks;-388;74;-185;/tp @s -387 77 -185
bloodborne_blocks:owner_unified_05043a3dd993f1c25bc9;-387;75;-185;biomesoplenty:dead_planks;-388;74;-184;/tp @s -387 77 -185
bloodborne_blocks:owner_unified_05043a3dd993f1c25bc9;-387;75;-185;handcrafted:dark_oak_shelf;-388;75;-184;/tp @s -387 77 -185
bloodborne_blocks:owner_unified_05043a3dd993f1c25bc9;-387;75;-185;biomesoplenty:maple_planks;-388;76;-185;/tp @s -387 77 -185
bloodborne_blocks:owner_unified_05043a3dd993f1c25bc9;-387;75;-185;minecraft:bookshelf;-388;76;-184;/tp @s -387 77 -185
bloodborne_blocks:owner_unified_05043a3dd993f1c25bc9;-387;75;-185;biomesoplenty:dead_planks;-387;74;-186;/tp @s -387 77 -185
bloodborne_blocks:owner_unified_05043a3dd993f1c25bc9;-387;75;-185;biomesoplenty:dead_planks;-387;74;-185;/tp @s -387 77 -185
bloodborne_blocks:owner_unified_05043a3dd993f1c25bc9;-387;75;-185;biomesoplenty:dead_planks;-387;74;-184;/tp @s -387 77 -185
bloodborne_blocks:owner_unified_05043a3dd993f1c25bc9;-387;75;-185;handcrafted:dark_oak_couch;-387;75;-186;/tp @s -387 77 -185
bloodborne_blocks:owner_unified_05043a3dd993f1c25bc9;-387;75;-185;biomesoplenty:maple_planks;-387;76;-185;/tp @s -387 77 -185
bloodborne_blocks:owner_unified_05043a3dd993f1c25bc9;-387;75;-185;biomesoplenty:dead_planks;-386;74;-186;/tp @s -387 77 -185
bloodborne_blocks:owner_unified_05043a3dd993f1c25bc9;-387;75;-185;biomesoplenty:dead_planks;-386;74;-185;/tp @s -387 77 -185
bloodborne_blocks:owner_unified_05043a3dd993f1c25bc9;-387;75;-185;biomesoplenty:dead_planks;-386;74;-184;/tp @s -387 77 -185
bloodborne_blocks:owner_unified_05043a3dd993f1c25bc9;-387;75;-185;handcrafted:dark_oak_couch;-386;75;-186;/tp @s -387 77 -185
bloodborne_blocks:owner_unified_05043a3dd993f1c25bc9;-386;75;-185;biomesoplenty:dead_planks;-387;74;-186;/tp @s -386 77 -185
bloodborne_blocks:owner_unified_05043a3dd993f1c25bc9;-386;75;-185;biomesoplenty:dead_planks;-387;74;-185;/tp @s -386 77 -185
bloodborne_blocks:owner_unified_05043a3dd993f1c25bc9;-386;75;-185;biomesoplenty:dead_planks;-387;74;-184;/tp @s -386 77 -185
bloodborne_blocks:owner_unified_05043a3dd993f1c25bc9;-386;75;-185;handcrafted:dark_oak_couch;-387;75;-186;/tp @s -386 77 -185
bloodborne_blocks:owner_unified_05043a3dd993f1c25bc9;-386;75;-185;biomesoplenty:maple_planks;-387;76;-185;/tp @s -386 77 -185
bloodborne_blocks:owner_unified_05043a3dd993f1c25bc9;-386;75;-185;biomesoplenty:dead_planks;-386;74;-186;/tp @s -386 77 -185
bloodborne_blocks:owner_unified_05043a3dd993f1c25bc9;-386;75;-185;biomesoplenty:dead_planks;-386;74;-185;/tp @s -386 77 -185
bloodborne_blocks:owner_unified_05043a3dd993f1c25bc9;-386;75;-185;biomesoplenty:dead_planks;-386;74;-184;/tp @s -386 77 -185
bloodborne_blocks:owner_unified_05043a3dd993f1c25bc9;-386;75;-185;handcrafted:dark_oak_couch;-386;75;-186;/tp @s -386 77 -185
bloodborne_blocks:owner_unified_05043a3dd993f1c25bc9;-386;75;-185;biomesoplenty:dead_planks;-385;74;-186;/tp @s -386 77 -185
bloodborne_blocks:owner_unified_05043a3dd993f1c25bc9;-386;75;-185;biomesoplenty:dead_planks;-385;74;-185;/tp @s -386 77 -185
bloodborne_blocks:owner_unified_05043a3dd993f1c25bc9;-386;75;-185;biomesoplenty:dead_planks;-385;74;-184;/tp @s -386 77 -185
bloodborne_blocks:owner_unified_05043a3dd993f1c25bc9;-386;75;-185;handcrafted:dark_oak_couch;-385;75;-186;/tp @s -386 77 -185
bloodborne_blocks:owner_unified_05043a3dd993f1c25bc9;-386;75;-185;biomesoplenty:maple_planks;-385;76;-185;/tp @s -386 77 -185
bloodborne_blocks:owner_unified_05043a3dd993f1c25bc9;-385;75;-185;biomesoplenty:dead_planks;-386;74;-186;/tp @s -385 77 -185
bloodborne_blocks:owner_unified_05043a3dd993f1c25bc9;-385;75;-185;biomesoplenty:dead_planks;-386;74;-185;/tp @s -385 77 -185
bloodborne_blocks:owner_unified_05043a3dd993f1c25bc9;-385;75;-185;biomesoplenty:dead_planks;-386;74;-184;/tp @s -385 77 -185
bloodborne_blocks:owner_unified_05043a3dd993f1c25bc9;-385;75;-185;handcrafted:dark_oak_couch;-386;75;-186;/tp @s -385 77 -185
bloodborne_blocks:owner_unified_05043a3dd993f1c25bc9;-385;75;-185;biomesoplenty:dead_planks;-385;74;-186;/tp @s -385 77 -185
bloodborne_blocks:owner_unified_05043a3dd993f1c25bc9;-385;75;-185;biomesoplenty:dead_planks;-385;74;-185;/tp @s -385 77 -185
bloodborne_blocks:owner_unified_05043a3dd993f1c25bc9;-385;75;-185;biomesoplenty:dead_planks;-385;74;-184;/tp @s -385 77 -185
bloodborne_blocks:owner_unified_05043a3dd993f1c25bc9;-385;75;-185;handcrafted:dark_oak_couch;-385;75;-186;/tp @s -385 77 -185
bloodborne_blocks:owner_unified_05043a3dd993f1c25bc9;-385;75;-185;biomesoplenty:maple_planks;-385;76;-185;/tp @s -385 77 -185
bloodborne_blocks:owner_unified_05043a3dd993f1c25bc9;-385;75;-185;biomesoplenty:dead_planks;-384;74;-186;/tp @s -385 77 -185
bloodborne_blocks:owner_unified_05043a3dd993f1c25bc9;-385;75;-185;biomesoplenty:dead_planks;-384;74;-185;/tp @s -385 77 -185
bloodborne_blocks:owner_unified_05043a3dd993f1c25bc9;-385;75;-185;biomesoplenty:dead_planks;-384;74;-184;/tp @s -385 77 -185
bloodborne_blocks:owner_unified_05043a3dd993f1c25bc9;-385;75;-185;biomesoplenty:maple_planks;-384;76;-185;/tp @s -385 77 -185
bloodborne_blocks:owner_unified_2aedb83a0de03185d106;-385;67;-183;minecraft:oak_pressure_plate;-386;67;-184;/tp @s -385 69 -183
bloodborne_blocks:owner_unified_2c32ee12d0841335f15d;-370;66;-192;yuushya:red_curtain;-371;66;-192;/tp @s -370 68 -192
bloodborne_blocks:owner_unified_2c32ee12d0841335f15d;-370;66;-192;yuushya:red_curtain;-371;66;-191;/tp @s -370 68 -192
bloodborne_blocks:owner_unified_2c32ee12d0841335f15d;-370;66;-192;yuushya:red_curtain;-371;67;-192;/tp @s -370 68 -192
bloodborne_blocks:owner_unified_2c32ee12d0841335f15d;-370;66;-192;yuushya:red_curtain;-371;67;-191;/tp @s -370 68 -192
bloodborne_blocks:owner_unified_2c32ee12d0841335f15d;-370;66;-192;handcrafted:dark_oak_bench;-369;66;-191;/tp @s -370 68 -192
bloodborne_blocks:owner_unified_8eec12f2551198402d83;-371;66;-185;yuushya:jungle_framed_planks;-370;66;-185;/tp @s -371 68 -185
bloodborne_blocks:owner_unified_8eec12f2551198402d83;-371;66;-184;minecraft:mangrove_stairs;-371;66;-183;/tp @s -371 68 -184
bloodborne_blocks:owner_unified_8eec12f2551198402d83;-371;66;-184;yuushya:jungle_framed_planks;-370;66;-184;/tp @s -371 68 -184
bloodborne_blocks:owner_unified_8eec12f2551198402d83;-371;67;-186;yuushya:red_curtain;-371;67;-187;/tp @s -371 69 -186
bloodborne_blocks:owner_unified_8eec12f2551198402d83;-371;67;-185;minecraft:mangrove_stairs;-371;67;-184;/tp @s -371 69 -185
bloodborne_blocks:owner_unified_8eec12f2551198402d83;-371;67;-185;yuushya:jungle_framed_planks;-370;67;-185;/tp @s -371 69 -185
bloodborne_blocks:owner_unified_8eec12f2551198402d83;-371;68;-187;yuushya:red_curtain;-371;68;-188;/tp @s -371 70 -187
bloodborne_blocks:owner_unified_8eec12f2551198402d83;-371;68;-187;amendments:wall_lantern;-370;68;-187;/tp @s -371 70 -187
bloodborne_blocks:owner_unified_8eec12f2551198402d83;-371;68;-186;minecraft:mangrove_stairs;-371;68;-185;/tp @s -371 70 -186
bloodborne_blocks:owner_unified_8eec12f2551198402d83;-371;69;-187;minecraft:mangrove_stairs;-371;69;-186;/tp @s -371 71 -187
bloodborne_blocks:owner_unified_8eec12f2551198402d83;-371;69;-187;biomesoplenty:dead_planks;-370;69;-187;/tp @s -371 71 -187
bloodborne_blocks:owner_unified_8eec12f2551198402d83;-371;70;-188;minecraft:mangrove_stairs;-371;70;-187;/tp @s -371 72 -188
bloodborne_blocks:owner_unified_8eec12f2551198402d83;-371;70;-188;biomesoplenty:dead_planks;-370;70;-188;/tp @s -371 72 -188
bloodborne_blocks:owner_unified_8eec12f2551198402d83;-372;71;-192;minecraft:mangrove_stairs;-371;71;-192;/tp @s -372 73 -192
bloodborne_blocks:owner_unified_8eec12f2551198402d83;-372;71;-188;minecraft:mangrove_stairs;-371;71;-188;/tp @s -372 73 -188
bloodborne_blocks:owner_unified_8eec12f2551198402d83;-373;72;-192;minecraft:mangrove_stairs;-372;72;-192;/tp @s -373 74 -192
bloodborne_blocks:owner_unified_8eec12f2551198402d83;-373;72;-188;minecraft:mangrove_stairs;-372;72;-188;/tp @s -373 74 -188
bloodborne_blocks:owner_unified_8eec12f2551198402d83;-374;73;-192;minecraft:mangrove_stairs;-373;73;-192;/tp @s -374 75 -192
bloodborne_blocks:owner_unified_8eec12f2551198402d83;-374;73;-188;minecraft:mangrove_stairs;-373;73;-188;/tp @s -374 75 -188
bloodborne_blocks:owner_unified_05043a3dd993f1c25bc9;-373;68;-183;amendments:wall_lantern;-374;69;-183;/tp @s -373 70 -183
bloodborne_blocks:owner_unified_05043a3dd993f1c25bc9;-373;68;-183;amendments:wall_lantern;-373;69;-184;/tp @s -373 70 -183
bloodborne_blocks:owner_unified_05043a3dd993f1c25bc9;-373;68;-183;amendments:wall_lantern;-373;69;-182;/tp @s -373 70 -183
bloodborne_blocks:owner_unified_05043a3dd993f1c25bc9;-373;68;-183;amendments:wall_lantern;-372;69;-183;/tp @s -373 70 -183
bloodborne_blocks:owner_unified_05043a3dd993f1c25bc9;-373;73;-183;biomesoplenty:dead_planks;-374;74;-184;/tp @s -373 75 -183
bloodborne_blocks:owner_unified_05043a3dd993f1c25bc9;-373;73;-183;biomesoplenty:dead_planks;-374;74;-183;/tp @s -373 75 -183
bloodborne_blocks:owner_unified_05043a3dd993f1c25bc9;-373;73;-183;biomesoplenty:dead_planks;-374;74;-182;/tp @s -373 75 -183
bloodborne_blocks:owner_unified_05043a3dd993f1c25bc9;-373;73;-183;biomesoplenty:dead_planks;-373;74;-182;/tp @s -373 75 -183
bloodborne_blocks:owner_unified_05043a3dd993f1c25bc9;-373;73;-183;biomesoplenty:dead_planks;-372;74;-182;/tp @s -373 75 -183
bloodborne_blocks:owner_unified_05043a3dd993f1c25bc9;-383;75;-192;biomesoplenty:dead_planks;-384;74;-193;/tp @s -383 77 -192
bloodborne_blocks:owner_unified_05043a3dd993f1c25bc9;-383;75;-192;biomesoplenty:dead_planks;-384;74;-192;/tp @s -383 77 -192
bloodborne_blocks:owner_unified_05043a3dd993f1c25bc9;-383;75;-192;biomesoplenty:dead_planks;-384;74;-191;/tp @s -383 77 -192
bloodborne_blocks:owner_unified_05043a3dd993f1c25bc9;-383;75;-192;biomesoplenty:dead_planks;-383;74;-193;/tp @s -383 77 -192
bloodborne_blocks:owner_unified_05043a3dd993f1c25bc9;-383;75;-192;biomesoplenty:dead_planks;-383;74;-192;/tp @s -383 77 -192
bloodborne_blocks:owner_unified_05043a3dd993f1c25bc9;-383;75;-192;biomesoplenty:dead_planks;-383;74;-191;/tp @s -383 77 -192
bloodborne_blocks:owner_unified_05043a3dd993f1c25bc9;-383;75;-192;biomesoplenty:maple_planks;-383;76;-193;/tp @s -383 77 -192
bloodborne_blocks:owner_unified_05043a3dd993f1c25bc9;-383;75;-192;biomesoplenty:maple_planks;-383;76;-191;/tp @s -383 77 -192
bloodborne_blocks:owner_unified_05043a3dd993f1c25bc9;-383;75;-192;biomesoplenty:dead_planks;-382;74;-193;/tp @s -383 77 -192
bloodborne_blocks:owner_unified_05043a3dd993f1c25bc9;-383;75;-192;biomesoplenty:dead_planks;-382;74;-192;/tp @s -383 77 -192
bloodborne_blocks:owner_unified_05043a3dd993f1c25bc9;-383;75;-192;biomesoplenty:dead_planks;-382;74;-191;/tp @s -383 77 -192
bloodborne_blocks:owner_unified_05043a3dd993f1c25bc9;-383;75;-191;biomesoplenty:dead_planks;-384;74;-192;/tp @s -383 77 -191
bloodborne_blocks:owner_unified_05043a3dd993f1c25bc9;-383;75;-191;biomesoplenty:dead_planks;-384;74;-191;/tp @s -383 77 -191
bloodborne_blocks:owner_unified_05043a3dd993f1c25bc9;-383;75;-191;biomesoplenty:dead_planks;-384;74;-190;/tp @s -383 77 -191
bloodborne_blocks:owner_unified_05043a3dd993f1c25bc9;-383;75;-191;biomesoplenty:dead_planks;-383;74;-192;/tp @s -383 77 -191
bloodborne_blocks:owner_unified_05043a3dd993f1c25bc9;-383;75;-191;biomesoplenty:dead_planks;-383;74;-191;/tp @s -383 77 -191
bloodborne_blocks:owner_unified_05043a3dd993f1c25bc9;-383;75;-191;biomesoplenty:dead_planks;-383;74;-190;/tp @s -383 77 -191
bloodborne_blocks:owner_unified_05043a3dd993f1c25bc9;-383;75;-191;minecraft:spruce_door;-383;75;-190;/tp @s -383 77 -191
bloodborne_blocks:owner_unified_05043a3dd993f1c25bc9;-383;75;-191;biomesoplenty:maple_planks;-383;76;-191;/tp @s -383 77 -191
bloodborne_blocks:owner_unified_05043a3dd993f1c25bc9;-383;75;-191;minecraft:spruce_door;-383;76;-190;/tp @s -383 77 -191
bloodborne_blocks:owner_unified_05043a3dd993f1c25bc9;-383;75;-191;biomesoplenty:dead_planks;-382;74;-192;/tp @s -383 77 -191
bloodborne_blocks:owner_unified_05043a3dd993f1c25bc9;-383;75;-191;biomesoplenty:dead_planks;-382;74;-191;/tp @s -383 77 -191
bloodborne_blocks:owner_unified_05043a3dd993f1c25bc9;-383;75;-191;biomesoplenty:dead_planks;-382;74;-190;/tp @s -383 77 -191
bloodborne_blocks:owner_unified_05043a3dd993f1c25bc9;-383;75;-188;biomesoplenty:dead_planks;-384;74;-189;/tp @s -383 77 -188
bloodborne_blocks:owner_unified_05043a3dd993f1c25bc9;-383;75;-188;biomesoplenty:dead_planks;-384;74;-188;/tp @s -383 77 -188
bloodborne_blocks:owner_unified_05043a3dd993f1c25bc9;-383;75;-188;biomesoplenty:dead_planks;-384;74;-187;/tp @s -383 77 -188
bloodborne_blocks:owner_unified_05043a3dd993f1c25bc9;-383;75;-188;biomesoplenty:dead_planks;-383;74;-189;/tp @s -383 77 -188
bloodborne_blocks:owner_unified_05043a3dd993f1c25bc9;-383;75;-188;biomesoplenty:dead_planks;-383;74;-188;/tp @s -383 77 -188
bloodborne_blocks:owner_unified_05043a3dd993f1c25bc9;-383;75;-188;biomesoplenty:dead_planks;-383;74;-187;/tp @s -383 77 -188
bloodborne_blocks:owner_unified_05043a3dd993f1c25bc9;-383;75;-188;minecraft:spruce_door;-383;75;-189;/tp @s -383 77 -188
bloodborne_blocks:owner_unified_05043a3dd993f1c25bc9;-383;75;-188;minecraft:spruce_door;-383;76;-189;/tp @s -383 77 -188
bloodborne_blocks:owner_unified_05043a3dd993f1c25bc9;-383;75;-188;biomesoplenty:maple_planks;-383;76;-188;/tp @s -383 77 -188
bloodborne_blocks:owner_unified_05043a3dd993f1c25bc9;-383;75;-188;biomesoplenty:dead_planks;-382;74;-189;/tp @s -383 77 -188
bloodborne_blocks:owner_unified_05043a3dd993f1c25bc9;-383;75;-188;biomesoplenty:dead_planks;-382;74;-188;/tp @s -383 77 -188
bloodborne_blocks:owner_unified_05043a3dd993f1c25bc9;-383;75;-188;biomesoplenty:dead_planks;-382;74;-187;/tp @s -383 77 -188
bloodborne_blocks:owner_unified_05043a3dd993f1c25bc9;-383;75;-188;handcrafted:dark_oak_couch;-382;75;-187;/tp @s -383 77 -188
bloodborne_blocks:owner_unified_05043a3dd993f1c25bc9;-383;75;-187;biomesoplenty:dead_planks;-384;74;-188;/tp @s -383 77 -187
bloodborne_blocks:owner_unified_05043a3dd993f1c25bc9;-383;75;-187;biomesoplenty:dead_planks;-384;74;-187;/tp @s -383 77 -187
bloodborne_blocks:owner_unified_05043a3dd993f1c25bc9;-383;75;-187;biomesoplenty:dead_planks;-384;74;-186;/tp @s -383 77 -187
bloodborne_blocks:owner_unified_05043a3dd993f1c25bc9;-383;75;-187;biomesoplenty:dead_planks;-383;74;-188;/tp @s -383 77 -187
bloodborne_blocks:owner_unified_05043a3dd993f1c25bc9;-383;75;-187;biomesoplenty:dead_planks;-383;74;-187;/tp @s -383 77 -187
bloodborne_blocks:owner_unified_05043a3dd993f1c25bc9;-383;75;-187;biomesoplenty:dead_planks;-383;74;-186;/tp @s -383 77 -187
bloodborne_blocks:owner_unified_05043a3dd993f1c25bc9;-383;75;-187;biomesoplenty:maple_planks;-383;76;-188;/tp @s -383 77 -187
bloodborne_blocks:owner_unified_05043a3dd993f1c25bc9;-383;75;-187;biomesoplenty:maple_planks;-383;76;-186;/tp @s -383 77 -187
bloodborne_blocks:owner_unified_05043a3dd993f1c25bc9;-383;75;-187;biomesoplenty:dead_planks;-382;74;-188;/tp @s -383 77 -187
bloodborne_blocks:owner_unified_05043a3dd993f1c25bc9;-383;75;-187;biomesoplenty:dead_planks;-382;74;-187;/tp @s -383 77 -187
bloodborne_blocks:owner_unified_05043a3dd993f1c25bc9;-383;75;-187;biomesoplenty:dead_planks;-382;74;-186;/tp @s -383 77 -187
bloodborne_blocks:owner_unified_05043a3dd993f1c25bc9;-383;75;-187;handcrafted:dark_oak_couch;-382;75;-187;/tp @s -383 77 -187
bloodborne_blocks:owner_unified_05043a3dd993f1c25bc9;-383;75;-187;handcrafted:dark_oak_couch;-382;75;-186;/tp @s -383 77 -187
bloodborne_blocks:owner_unified_05043a3dd993f1c25bc9;-383;75;-186;biomesoplenty:dead_planks;-384;74;-187;/tp @s -383 77 -186
bloodborne_blocks:owner_unified_05043a3dd993f1c25bc9;-383;75;-186;biomesoplenty:dead_planks;-384;74;-186;/tp @s -383 77 -186
bloodborne_blocks:owner_unified_05043a3dd993f1c25bc9;-383;75;-186;biomesoplenty:dead_planks;-384;74;-185;/tp @s -383 77 -186
bloodborne_blocks:owner_unified_05043a3dd993f1c25bc9;-383;75;-186;biomesoplenty:maple_planks;-384;76;-185;/tp @s -383 77 -186
bloodborne_blocks:owner_unified_05043a3dd993f1c25bc9;-383;75;-186;biomesoplenty:dead_planks;-383;74;-187;/tp @s -383 77 -186
bloodborne_blocks:owner_unified_05043a3dd993f1c25bc9;-383;75;-186;biomesoplenty:dead_planks;-383;74;-186;/tp @s -383 77 -186
bloodborne_blocks:owner_unified_05043a3dd993f1c25bc9;-383;75;-186;biomesoplenty:dead_planks;-383;74;-185;/tp @s -383 77 -186
bloodborne_blocks:owner_unified_05043a3dd993f1c25bc9;-383;75;-186;biomesoplenty:maple_planks;-383;76;-186;/tp @s -383 77 -186
bloodborne_blocks:owner_unified_05043a3dd993f1c25bc9;-383;75;-186;biomesoplenty:maple_planks;-383;76;-185;/tp @s -383 77 -186
bloodborne_blocks:owner_unified_05043a3dd993f1c25bc9;-383;75;-186;biomesoplenty:dead_planks;-382;74;-187;/tp @s -383 77 -186
bloodborne_blocks:owner_unified_05043a3dd993f1c25bc9;-383;75;-186;biomesoplenty:dead_planks;-382;74;-186;/tp @s -383 77 -186
bloodborne_blocks:owner_unified_05043a3dd993f1c25bc9;-383;75;-186;biomesoplenty:dead_planks;-382;74;-185;/tp @s -383 77 -186
bloodborne_blocks:owner_unified_05043a3dd993f1c25bc9;-383;75;-186;handcrafted:dark_oak_couch;-382;75;-187;/tp @s -383 77 -186
bloodborne_blocks:owner_unified_05043a3dd993f1c25bc9;-383;75;-186;handcrafted:dark_oak_couch;-382;75;-186;/tp @s -383 77 -186
bloodborne_blocks:owner_unified_05043a3dd993f1c25bc9;-384;75;-185;biomesoplenty:dead_planks;-385;74;-186;/tp @s -384 77 -185
bloodborne_blocks:owner_unified_05043a3dd993f1c25bc9;-384;75;-185;biomesoplenty:dead_planks;-385;74;-185;/tp @s -384 77 -185
bloodborne_blocks:owner_unified_05043a3dd993f1c25bc9;-384;75;-185;biomesoplenty:dead_planks;-385;74;-184;/tp @s -384 77 -185
bloodborne_blocks:owner_unified_05043a3dd993f1c25bc9;-384;75;-185;handcrafted:dark_oak_couch;-385;75;-186;/tp @s -384 77 -185
bloodborne_blocks:owner_unified_05043a3dd993f1c25bc9;-384;75;-185;biomesoplenty:maple_planks;-385;76;-185;/tp @s -384 77 -185
bloodborne_blocks:owner_unified_05043a3dd993f1c25bc9;-384;75;-185;biomesoplenty:dead_planks;-384;74;-186;/tp @s -384 77 -185
bloodborne_blocks:owner_unified_05043a3dd993f1c25bc9;-384;75;-185;biomesoplenty:dead_planks;-384;74;-185;/tp @s -384 77 -185
bloodborne_blocks:owner_unified_05043a3dd993f1c25bc9;-384;75;-185;biomesoplenty:dead_planks;-384;74;-184;/tp @s -384 77 -185
bloodborne_blocks:owner_unified_05043a3dd993f1c25bc9;-384;75;-185;biomesoplenty:maple_planks;-384;76;-185;/tp @s -384 77 -185
bloodborne_blocks:owner_unified_05043a3dd993f1c25bc9;-384;75;-185;biomesoplenty:dead_planks;-383;74;-186;/tp @s -384 77 -185
bloodborne_blocks:owner_unified_05043a3dd993f1c25bc9;-384;75;-185;biomesoplenty:dead_planks;-383;74;-185;/tp @s -384 77 -185
bloodborne_blocks:owner_unified_05043a3dd993f1c25bc9;-384;75;-185;biomesoplenty:dead_planks;-383;74;-184;/tp @s -384 77 -185
bloodborne_blocks:owner_unified_05043a3dd993f1c25bc9;-384;75;-185;biomesoplenty:maple_planks;-383;76;-186;/tp @s -384 77 -185
bloodborne_blocks:owner_unified_05043a3dd993f1c25bc9;-384;75;-185;biomesoplenty:maple_planks;-383;76;-185;/tp @s -384 77 -185
bloodborne_blocks:owner_unified_05043a3dd993f1c25bc9;-383;75;-185;biomesoplenty:dead_planks;-384;74;-186;/tp @s -383 77 -185
bloodborne_blocks:owner_unified_05043a3dd993f1c25bc9;-383;75;-185;biomesoplenty:dead_planks;-384;74;-185;/tp @s -383 77 -185
bloodborne_blocks:owner_unified_05043a3dd993f1c25bc9;-383;75;-185;biomesoplenty:dead_planks;-384;74;-184;/tp @s -383 77 -185
bloodborne_blocks:owner_unified_05043a3dd993f1c25bc9;-383;75;-185;biomesoplenty:maple_planks;-384;76;-185;/tp @s -383 77 -185
bloodborne_blocks:owner_unified_05043a3dd993f1c25bc9;-383;75;-185;biomesoplenty:dead_planks;-383;74;-186;/tp @s -383 77 -185
bloodborne_blocks:owner_unified_05043a3dd993f1c25bc9;-383;75;-185;biomesoplenty:dead_planks;-383;74;-185;/tp @s -383 77 -185
bloodborne_blocks:owner_unified_05043a3dd993f1c25bc9;-383;75;-185;biomesoplenty:dead_planks;-383;74;-184;/tp @s -383 77 -185
bloodborne_blocks:owner_unified_05043a3dd993f1c25bc9;-383;75;-185;biomesoplenty:maple_planks;-383;76;-186;/tp @s -383 77 -185
bloodborne_blocks:owner_unified_05043a3dd993f1c25bc9;-383;75;-185;biomesoplenty:maple_planks;-383;76;-185;/tp @s -383 77 -185
bloodborne_blocks:owner_unified_05043a3dd993f1c25bc9;-383;75;-185;biomesoplenty:dead_planks;-382;74;-186;/tp @s -383 77 -185
bloodborne_blocks:owner_unified_05043a3dd993f1c25bc9;-383;75;-185;biomesoplenty:dead_planks;-382;74;-185;/tp @s -383 77 -185
bloodborne_blocks:owner_unified_05043a3dd993f1c25bc9;-383;75;-185;biomesoplenty:dead_planks;-382;74;-184;/tp @s -383 77 -185
bloodborne_blocks:owner_unified_05043a3dd993f1c25bc9;-383;75;-185;handcrafted:dark_oak_couch;-382;75;-186;/tp @s -383 77 -185
bloodborne_blocks:owner_unified_05043a3dd993f1c25bc9;-373;75;-179;biomesoplenty:maple_planks;-373;76;-179;/tp @s -373 77 -179
bloodborne_blocks:owner_unified_05043a3dd993f1c25bc9;-373;75;-179;biomesoplenty:maple_planks;-373;76;-178;/tp @s -373 77 -179
bloodborne_blocks:owner_unified_05043a3dd993f1c25bc9;-373;75;-179;biomesoplenty:dead_planks;-372;74;-180;/tp @s -373 77 -179
bloodborne_blocks:owner_unified_05043a3dd993f1c25bc9;-373;75;-179;biomesoplenty:dead_planks;-372;74;-179;/tp @s -373 77 -179
bloodborne_blocks:owner_unified_05043a3dd993f1c25bc9;-373;75;-179;biomesoplenty:dead_planks;-372;74;-178;/tp @s -373 77 -179
bloodborne_blocks:owner_unified_05043a3dd993f1c25bc9;-373;75;-179;biomesoplenty:maple_planks;-372;76;-179;/tp @s -373 77 -179
bloodborne_blocks:owner_unified_05043a3dd993f1c25bc9;-372;75;-179;biomesoplenty:maple_planks;-373;76;-179;/tp @s -372 77 -179
bloodborne_blocks:owner_unified_05043a3dd993f1c25bc9;-372;75;-179;biomesoplenty:maple_planks;-373;76;-178;/tp @s -372 77 -179
bloodborne_blocks:owner_unified_05043a3dd993f1c25bc9;-372;75;-179;biomesoplenty:dead_planks;-372;74;-180;/tp @s -372 77 -179
bloodborne_blocks:owner_unified_05043a3dd993f1c25bc9;-372;75;-179;biomesoplenty:dead_planks;-372;74;-179;/tp @s -372 77 -179
bloodborne_blocks:owner_unified_05043a3dd993f1c25bc9;-372;75;-179;biomesoplenty:dead_planks;-372;74;-178;/tp @s -372 77 -179
bloodborne_blocks:owner_unified_05043a3dd993f1c25bc9;-372;75;-179;biomesoplenty:maple_planks;-372;76;-179;/tp @s -372 77 -179
bloodborne_blocks:owner_unified_05043a3dd993f1c25bc9;-372;75;-179;biomesoplenty:dead_planks;-371;74;-180;/tp @s -372 77 -179
bloodborne_blocks:owner_unified_05043a3dd993f1c25bc9;-372;75;-179;biomesoplenty:dead_planks;-371;74;-179;/tp @s -372 77 -179
bloodborne_blocks:owner_unified_05043a3dd993f1c25bc9;-372;75;-179;biomesoplenty:dead_planks;-371;74;-178;/tp @s -372 77 -179
bloodborne_blocks:owner_unified_05043a3dd993f1c25bc9;-371;75;-179;biomesoplenty:dead_planks;-372;74;-180;/tp @s -371 77 -179
bloodborne_blocks:owner_unified_05043a3dd993f1c25bc9;-371;75;-179;biomesoplenty:dead_planks;-372;74;-179;/tp @s -371 77 -179
bloodborne_blocks:owner_unified_05043a3dd993f1c25bc9;-371;75;-179;biomesoplenty:dead_planks;-372;74;-178;/tp @s -371 77 -179
bloodborne_blocks:owner_unified_05043a3dd993f1c25bc9;-371;75;-179;biomesoplenty:maple_planks;-372;76;-179;/tp @s -371 77 -179
bloodborne_blocks:owner_unified_05043a3dd993f1c25bc9;-371;75;-179;biomesoplenty:dead_planks;-371;74;-180;/tp @s -371 77 -179
bloodborne_blocks:owner_unified_05043a3dd993f1c25bc9;-371;75;-179;biomesoplenty:dead_planks;-371;74;-179;/tp @s -371 77 -179
bloodborne_blocks:owner_unified_05043a3dd993f1c25bc9;-371;75;-179;biomesoplenty:dead_planks;-371;74;-178;/tp @s -371 77 -179
bloodborne_blocks:owner_unified_05043a3dd993f1c25bc9;-371;75;-179;biomesoplenty:dead_planks;-370;74;-180;/tp @s -371 77 -179
bloodborne_blocks:owner_unified_05043a3dd993f1c25bc9;-371;75;-179;biomesoplenty:dead_planks;-370;74;-179;/tp @s -371 77 -179
bloodborne_blocks:owner_unified_05043a3dd993f1c25bc9;-371;75;-179;biomesoplenty:dead_planks;-370;74;-178;/tp @s -371 77 -179
bloodborne_blocks:owner_unified_05043a3dd993f1c25bc9;-371;75;-179;biomesoplenty:maple_planks;-370;76;-179;/tp @s -371 77 -179
bloodborne_blocks:owner_unified_05043a3dd993f1c25bc9;-370;75;-179;biomesoplenty:dead_planks;-371;74;-180;/tp @s -370 77 -179
bloodborne_blocks:owner_unified_05043a3dd993f1c25bc9;-370;75;-179;biomesoplenty:dead_planks;-371;74;-179;/tp @s -370 77 -179
bloodborne_blocks:owner_unified_05043a3dd993f1c25bc9;-370;75;-179;biomesoplenty:dead_planks;-371;74;-178;/tp @s -370 77 -179
bloodborne_blocks:owner_unified_05043a3dd993f1c25bc9;-370;75;-179;biomesoplenty:dead_planks;-370;74;-180;/tp @s -370 77 -179
bloodborne_blocks:owner_unified_05043a3dd993f1c25bc9;-370;75;-179;biomesoplenty:dead_planks;-370;74;-179;/tp @s -370 77 -179
bloodborne_blocks:owner_unified_05043a3dd993f1c25bc9;-370;75;-179;biomesoplenty:dead_planks;-370;74;-178;/tp @s -370 77 -179
bloodborne_blocks:owner_unified_05043a3dd993f1c25bc9;-370;75;-179;biomesoplenty:maple_planks;-370;76;-179;/tp @s -370 77 -179
bloodborne_blocks:owner_unified_05043a3dd993f1c25bc9;-370;75;-179;biomesoplenty:dead_planks;-369;74;-180;/tp @s -370 77 -179
bloodborne_blocks:owner_unified_05043a3dd993f1c25bc9;-370;75;-179;biomesoplenty:dead_planks;-369;74;-179;/tp @s -370 77 -179
bloodborne_blocks:owner_unified_05043a3dd993f1c25bc9;-370;75;-179;biomesoplenty:dead_planks;-369;74;-178;/tp @s -370 77 -179
bloodborne_blocks:owner_unified_05043a3dd993f1c25bc9;-370;75;-179;minecraft:spruce_door;-369;75;-179;/tp @s -370 77 -179
bloodborne_blocks:owner_unified_05043a3dd993f1c25bc9;-370;75;-179;minecraft:spruce_door;-369;76;-179;/tp @s -370 77 -179
bloodborne_blocks:owner_unified_05043a3dd993f1c25bc9;-373;75;-178;biomesoplenty:maple_planks;-373;76;-179;/tp @s -373 77 -178
bloodborne_blocks:owner_unified_05043a3dd993f1c25bc9;-373;75;-178;biomesoplenty:maple_planks;-373;76;-178;/tp @s -373 77 -178
bloodborne_blocks:owner_unified_05043a3dd993f1c25bc9;-373;75;-178;biomesoplenty:maple_planks;-373;76;-177;/tp @s -373 77 -178
bloodborne_blocks:owner_unified_05043a3dd993f1c25bc9;-373;75;-178;biomesoplenty:dead_planks;-372;74;-179;/tp @s -373 77 -178
bloodborne_blocks:owner_unified_05043a3dd993f1c25bc9;-373;75;-178;biomesoplenty:dead_planks;-372;74;-178;/tp @s -373 77 -178
bloodborne_blocks:owner_unified_05043a3dd993f1c25bc9;-373;75;-178;biomesoplenty:dead_planks;-372;74;-177;/tp @s -373 77 -178
bloodborne_blocks:owner_unified_05043a3dd993f1c25bc9;-373;75;-178;handcrafted:dark_oak_desk;-372;75;-177;/tp @s -373 77 -178
bloodborne_blocks:owner_unified_05043a3dd993f1c25bc9;-373;75;-178;biomesoplenty:maple_planks;-372;76;-179;/tp @s -373 77 -178
bloodborne_blocks:owner_unified_05043a3dd993f1c25bc9;-373;75;-177;biomesoplenty:maple_planks;-373;76;-178;/tp @s -373 77 -177
bloodborne_blocks:owner_unified_05043a3dd993f1c25bc9;-373;75;-177;biomesoplenty:maple_planks;-373;76;-177;/tp @s -373 77 -177
bloodborne_blocks:owner_unified_05043a3dd993f1c25bc9;-373;75;-177;biomesoplenty:maple_planks;-373;76;-176;/tp @s -373 77 -177
bloodborne_blocks:owner_unified_05043a3dd993f1c25bc9;-373;75;-177;biomesoplenty:dead_planks;-372;74;-178;/tp @s -373 77 -177
bloodborne_blocks:owner_unified_05043a3dd993f1c25bc9;-373;75;-177;biomesoplenty:dead_planks;-372;74;-177;/tp @s -373 77 -177
bloodborne_blocks:owner_unified_05043a3dd993f1c25bc9;-373;75;-177;biomesoplenty:dead_planks;-372;74;-176;/tp @s -373 77 -177
bloodborne_blocks:owner_unified_05043a3dd993f1c25bc9;-373;75;-177;handcrafted:dark_oak_desk;-372;75;-177;/tp @s -373 77 -177
bloodborne_blocks:owner_unified_05043a3dd993f1c25bc9;-373;75;-177;handcrafted:mangrove_fancy_bed;-372;75;-176;/tp @s -373 77 -177
bloodborne_blocks:owner_unified_05043a3dd993f1c25bc9;-383;78;-190;amendments:wall_lantern;-384;77;-191;/tp @s -383 80 -190
bloodborne_blocks:owner_unified_05043a3dd993f1c25bc9;-383;78;-190;biomesoplenty:maple_planks;-383;77;-191;/tp @s -383 80 -190
bloodborne_blocks:owner_unified_05043a3dd993f1c25bc9;-383;78;-190;biomesoplenty:maple_planks;-383;78;-191;/tp @s -383 80 -190
bloodborne_blocks:owner_unified_05043a3dd993f1c25bc9;-383;78;-190;biomesoplenty:maple_planks;-383;79;-191;/tp @s -383 80 -190
bloodborne_blocks:owner_unified_05043a3dd993f1c25bc9;-383;78;-189;amendments:wall_lantern;-384;77;-188;/tp @s -383 80 -189
bloodborne_blocks:owner_unified_05043a3dd993f1c25bc9;-383;78;-189;biomesoplenty:maple_planks;-383;77;-188;/tp @s -383 80 -189
bloodborne_blocks:owner_unified_05043a3dd993f1c25bc9;-383;78;-189;biomesoplenty:maple_planks;-383;78;-188;/tp @s -383 80 -189
bloodborne_blocks:owner_unified_05043a3dd993f1c25bc9;-383;78;-189;biomesoplenty:maple_planks;-383;79;-188;/tp @s -383 80 -189
bloodborne_blocks:owner_unified_05043a3dd993f1c25bc9;-369;78;-179;biomesoplenty:maple_planks;-370;77;-179;/tp @s -369 80 -179
bloodborne_blocks:owner_unified_05043a3dd993f1c25bc9;-369;78;-179;amendments:wall_lantern;-370;77;-178;/tp @s -369 80 -179
bloodborne_blocks:owner_unified_05043a3dd993f1c25bc9;-369;78;-179;biomesoplenty:maple_planks;-370;78;-179;/tp @s -369 80 -179
bloodborne_blocks:owner_unified_05043a3dd993f1c25bc9;-369;78;-179;biomesoplenty:maple_planks;-370;79;-179;/tp @s -369 80 -179
bloodborne_blocks:owner_unified_274c0272b026dbcb6351;-370;69;-192;minecraft:mangrove_planks;-370;70;-192;/tp @s -370 71 -192
bloodborne_blocks:owner_unified_274c0272b026dbcb6351;-370;69;-191;amendments:wall_lantern;-370;68;-191;/tp @s -370 71 -191
bloodborne_blocks:owner_unified_274c0272b026dbcb6351;-370;69;-191;biomesoplenty:dead_planks;-370;70;-191;/tp @s -370 71 -191
bloodborne_blocks:owner_unified_274c0272b026dbcb6351;-370;69;-190;biomesoplenty:dead_planks;-370;70;-190;/tp @s -370 71 -190
bloodborne_blocks:owner_unified_274c0272b026dbcb6351;-370;69;-189;biomesoplenty:dead_planks;-370;70;-189;/tp @s -370 71 -189
bloodborne_blocks:owner_unified_274c0272b026dbcb6351;-370;69;-188;biomesoplenty:dead_planks;-370;70;-188;/tp @s -370 71 -188
bloodborne_blocks:owner_unified_274c0272b026dbcb6351;-374;73;-191;biomesoplenty:dead_planks;-375;74;-191;/tp @s -374 75 -191
bloodborne_blocks:owner_unified_274c0272b026dbcb6351;-374;73;-191;biomesoplenty:dead_stairs;-374;74;-191;/tp @s -374 75 -191
bloodborne_blocks:owner_unified_274c0272b026dbcb6351;-374;73;-190;biomesoplenty:dead_planks;-375;74;-190;/tp @s -374 75 -190
bloodborne_blocks:owner_unified_274c0272b026dbcb6351;-374;73;-190;biomesoplenty:dead_stairs;-374;74;-190;/tp @s -374 75 -190
bloodborne_blocks:owner_unified_274c0272b026dbcb6351;-374;73;-189;biomesoplenty:dead_planks;-375;74;-189;/tp @s -374 75 -189
bloodborne_blocks:owner_unified_274c0272b026dbcb6351;-374;73;-189;biomesoplenty:dead_stairs;-374;74;-189;/tp @s -374 75 -189
bloodborne_blocks:owner_unified_274c0272b026dbcb6351;-374;73;-187;biomesoplenty:dead_planks;-375;74;-187;/tp @s -374 75 -187
bloodborne_blocks:owner_unified_274c0272b026dbcb6351;-374;73;-187;biomesoplenty:dead_planks;-374;74;-187;/tp @s -374 75 -187
bloodborne_blocks:owner_unified_274c0272b026dbcb6351;-374;73;-186;biomesoplenty:dead_planks;-375;74;-186;/tp @s -374 75 -186
bloodborne_blocks:owner_unified_274c0272b026dbcb6351;-374;73;-186;biomesoplenty:dead_planks;-374;74;-186;/tp @s -374 75 -186
bloodborne_blocks:owner_unified_274c0272b026dbcb6351;-374;73;-185;biomesoplenty:dead_planks;-375;74;-185;/tp @s -374 75 -185
bloodborne_blocks:owner_unified_274c0272b026dbcb6351;-374;73;-185;biomesoplenty:dead_planks;-374;74;-185;/tp @s -374 75 -185
bloodborne_blocks:owner_unified_274c0272b026dbcb6351;-374;73;-184;biomesoplenty:dead_planks;-375;74;-184;/tp @s -374 75 -184
bloodborne_blocks:owner_unified_274c0272b026dbcb6351;-374;73;-184;biomesoplenty:dead_planks;-374;74;-184;/tp @s -374 75 -184
bloodborne_blocks:owner_unified_29bf256fd7f53dfd18a3;-369;69;-192;amendments:wall_lantern;-369;68;-192;/tp @s -369 71 -192
bloodborne_blocks:owner_unified_29bf256fd7f53dfd18a3;-369;69;-192;minecraft:mangrove_planks;-369;70;-192;/tp @s -369 71 -192
bloodborne_blocks:owner_unified_614e4c808e1fbb8076f5;-384;73;-192;biomesoplenty:dead_planks;-384;74;-192;/tp @s -384 75 -192
bloodborne_blocks:owner_unified_614e4c808e1fbb8076f5;-384;73;-192;biomesoplenty:dead_planks;-383;74;-192;/tp @s -384 75 -192
bloodborne_blocks:owner_unified_614e4c808e1fbb8076f5;-384;73;-191;biomesoplenty:dead_planks;-384;74;-191;/tp @s -384 75 -191
bloodborne_blocks:owner_unified_614e4c808e1fbb8076f5;-384;73;-191;biomesoplenty:dead_planks;-383;74;-191;/tp @s -384 75 -191
bloodborne_blocks:owner_unified_614e4c808e1fbb8076f5;-384;73;-190;biomesoplenty:dead_planks;-384;74;-190;/tp @s -384 75 -190
bloodborne_blocks:owner_unified_614e4c808e1fbb8076f5;-384;73;-190;biomesoplenty:dead_planks;-383;74;-190;/tp @s -384 75 -190
bloodborne_blocks:owner_unified_614e4c808e1fbb8076f5;-384;73;-189;biomesoplenty:dead_planks;-384;74;-189;/tp @s -384 75 -189
bloodborne_blocks:owner_unified_614e4c808e1fbb8076f5;-384;73;-189;biomesoplenty:dead_planks;-383;74;-189;/tp @s -384 75 -189
bloodborne_blocks:owner_unified_614e4c808e1fbb8076f5;-384;73;-188;biomesoplenty:dead_planks;-384;74;-188;/tp @s -384 75 -188
bloodborne_blocks:owner_unified_614e4c808e1fbb8076f5;-384;73;-188;biomesoplenty:dead_planks;-383;74;-188;/tp @s -384 75 -188
bloodborne_blocks:owner_unified_614e4c808e1fbb8076f5;-384;73;-187;biomesoplenty:dead_planks;-384;74;-187;/tp @s -384 75 -187
bloodborne_blocks:owner_unified_614e4c808e1fbb8076f5;-384;73;-187;biomesoplenty:dead_planks;-383;74;-187;/tp @s -384 75 -187
bloodborne_blocks:owner_unified_614e4c808e1fbb8076f5;-384;73;-186;biomesoplenty:dead_planks;-384;74;-186;/tp @s -384 75 -186
bloodborne_blocks:owner_unified_614e4c808e1fbb8076f5;-384;73;-186;biomesoplenty:dead_planks;-383;74;-186;/tp @s -384 75 -186
bloodborne_blocks:owner_unified_614e4c808e1fbb8076f5;-384;73;-185;biomesoplenty:dead_planks;-384;74;-185;/tp @s -384 75 -185
bloodborne_blocks:owner_unified_614e4c808e1fbb8076f5;-384;73;-185;biomesoplenty:dead_planks;-383;74;-185;/tp @s -384 75 -185
bloodborne_blocks:owner_unified_614e4c808e1fbb8076f5;-384;73;-184;biomesoplenty:dead_planks;-384;74;-184;/tp @s -384 75 -184
bloodborne_blocks:owner_unified_614e4c808e1fbb8076f5;-384;73;-184;biomesoplenty:dead_planks;-383;74;-184;/tp @s -384 75 -184
bloodborne_blocks:owner_unified_2d5df88e23288c28b1c2;-379;73;-188;biomesoplenty:dead_planks;-380;74;-189;/tp @s -379 75 -188
bloodborne_blocks:owner_unified_2d5df88e23288c28b1c2;-379;73;-188;biomesoplenty:dead_planks;-380;74;-188;/tp @s -379 75 -188
bloodborne_blocks:owner_unified_2d5df88e23288c28b1c2;-379;73;-188;biomesoplenty:dead_planks;-380;74;-187;/tp @s -379 75 -188
bloodborne_blocks:owner_unified_2d5df88e23288c28b1c2;-379;73;-188;biomesoplenty:dead_planks;-379;74;-189;/tp @s -379 75 -188
bloodborne_blocks:owner_unified_2d5df88e23288c28b1c2;-379;73;-188;biomesoplenty:dead_planks;-379;74;-188;/tp @s -379 75 -188
bloodborne_blocks:owner_unified_2d5df88e23288c28b1c2;-379;73;-188;biomesoplenty:dead_planks;-379;74;-187;/tp @s -379 75 -188
bloodborne_blocks:owner_unified_2d5df88e23288c28b1c2;-379;73;-188;biomesoplenty:dead_planks;-378;74;-189;/tp @s -379 75 -188
bloodborne_blocks:owner_unified_2d5df88e23288c28b1c2;-379;73;-188;biomesoplenty:dead_planks;-378;74;-188;/tp @s -379 75 -188
bloodborne_blocks:owner_unified_2d5df88e23288c28b1c2;-379;73;-188;biomesoplenty:dead_planks;-378;74;-187;/tp @s -379 75 -188
bloodborne_blocks:owner_unified_2c32ee12d0841335f15d;-367;66;-192;handcrafted:dark_oak_bench;-368;66;-191;/tp @s -367 68 -192
bloodborne_blocks:owner_unified_2c32ee12d0841335f15d;-367;66;-192;handcrafted:dark_oak_bench;-367;66;-191;/tp @s -367 68 -192
bloodborne_blocks:owner_unified_2c32ee12d0841335f15d;-367;66;-192;handcrafted:dark_oak_bench;-366;66;-191;/tp @s -367 68 -192
bloodborne_blocks:owner_unified_083cdee4ded376b06571;-365;66;-183;yuushya:jungle_framed_planks;-365;66;-184;/tp @s -365 68 -183
bloodborne_blocks:owner_unified_083cdee4ded376b06571;-365;66;-183;yuushya:jungle_framed_planks;-365;66;-182;/tp @s -365 68 -183
bloodborne_blocks:owner_unified_083cdee4ded376b06571;-363;66;-180;mcwpaths:mud_brick_diamond_paving;-364;66;-179;/tp @s -363 68 -180
bloodborne_blocks:owner_unified_8eec12f2551198402d83;-367;66;-185;yuushya:jungle_framed_planks;-368;66;-185;/tp @s -367 68 -185
bloodborne_blocks:owner_unified_8eec12f2551198402d83;-367;66;-185;yuushya:jungle_framed_planks;-366;66;-185;/tp @s -367 68 -185
bloodborne_blocks:owner_unified_8eec12f2551198402d83;-367;66;-184;yuushya:jungle_framed_planks;-368;66;-184;/tp @s -367 68 -184
bloodborne_blocks:owner_unified_8eec12f2551198402d83;-367;66;-184;minecraft:mangrove_stairs;-367;66;-183;/tp @s -367 68 -184
bloodborne_blocks:owner_unified_8eec12f2551198402d83;-367;67;-185;yuushya:jungle_framed_planks;-368;67;-185;/tp @s -367 69 -185
bloodborne_blocks:owner_unified_8eec12f2551198402d83;-367;67;-185;minecraft:mangrove_stairs;-367;67;-184;/tp @s -367 69 -185
bloodborne_blocks:owner_unified_8eec12f2551198402d83;-367;67;-185;biomesoplenty:maple_planks;-366;67;-185;/tp @s -367 69 -185
bloodborne_blocks:owner_unified_8eec12f2551198402d83;-367;68;-186;minecraft:mangrove_stairs;-367;68;-185;/tp @s -367 70 -186
bloodborne_blocks:owner_unified_8eec12f2551198402d83;-367;69;-187;biomesoplenty:dead_planks;-368;69;-187;/tp @s -367 71 -187
bloodborne_blocks:owner_unified_8eec12f2551198402d83;-367;69;-187;minecraft:mangrove_stairs;-367;69;-186;/tp @s -367 71 -187
bloodborne_blocks:owner_unified_2aedb83a0de03185d106;-365;67;-183;biomesoplenty:maple_planks;-365;67;-184;/tp @s -365 69 -183
bloodborne_blocks:owner_unified_2aedb83a0de03185d106;-365;67;-183;biomesoplenty:maple_planks;-365;67;-182;/tp @s -365 69 -183
bloodborne_blocks:owner_unified_2aedb83a0de03185d106;-365;67;-183;biomesoplenty:maple_planks;-365;68;-184;/tp @s -365 69 -183
bloodborne_blocks:owner_unified_2aedb83a0de03185d106;-365;67;-183;biomesoplenty:maple_planks;-365;68;-182;/tp @s -365 69 -183
bloodborne_blocks:owner_unified_614e4c808e1fbb8076f5;-367;69;-191;minecraft:mangrove_planks;-367;70;-191;/tp @s -367 71 -191
bloodborne_blocks:owner_unified_614e4c808e1fbb8076f5;-367;69;-190;minecraft:mangrove_planks;-367;70;-190;/tp @s -367 71 -190
bloodborne_blocks:owner_unified_614e4c808e1fbb8076f5;-367;69;-189;minecraft:mangrove_planks;-367;70;-189;/tp @s -367 71 -189
bloodborne_blocks:owner_unified_05043a3dd993f1c25bc9;-365;68;-183;amendments:wall_lantern;-366;69;-183;/tp @s -365 70 -183
bloodborne_blocks:owner_unified_05043a3dd993f1c25bc9;-365;68;-183;biomesoplenty:maple_planks;-365;67;-184;/tp @s -365 70 -183
bloodborne_blocks:owner_unified_05043a3dd993f1c25bc9;-365;68;-183;biomesoplenty:maple_planks;-365;67;-182;/tp @s -365 70 -183
bloodborne_blocks:owner_unified_05043a3dd993f1c25bc9;-365;68;-183;biomesoplenty:maple_planks;-365;68;-184;/tp @s -365 70 -183
bloodborne_blocks:owner_unified_05043a3dd993f1c25bc9;-365;68;-183;biomesoplenty:maple_planks;-365;68;-182;/tp @s -365 70 -183
bloodborne_blocks:owner_unified_05043a3dd993f1c25bc9;-365;68;-183;biomesoplenty:maple_planks;-365;69;-184;/tp @s -365 70 -183
bloodborne_blocks:owner_unified_05043a3dd993f1c25bc9;-365;68;-183;biomesoplenty:maple_planks;-365;69;-182;/tp @s -365 70 -183
bloodborne_blocks:owner_unified_05043a3dd993f1c25bc9;-365;68;-181;biomesoplenty:maple_planks;-365;67;-182;/tp @s -365 70 -181
bloodborne_blocks:owner_unified_05043a3dd993f1c25bc9;-365;68;-181;biomesoplenty:maple_planks;-365;68;-182;/tp @s -365 70 -181
bloodborne_blocks:owner_unified_05043a3dd993f1c25bc9;-365;68;-181;biomesoplenty:maple_planks;-365;69;-182;/tp @s -365 70 -181
bloodborne_blocks:owner_unified_05043a3dd993f1c25bc9;-365;71;-181;biomesoplenty:maple_planks;-365;70;-182;/tp @s -365 73 -181
bloodborne_blocks:owner_unified_05043a3dd993f1c25bc9;-365;71;-181;biomesoplenty:maple_planks;-365;72;-182;/tp @s -365 73 -181
bloodborne_blocks:owner_unified_05043a3dd993f1c25bc9;-365;73;-183;biomesoplenty:dead_planks;-366;74;-182;/tp @s -365 75 -183
bloodborne_blocks:owner_unified_05043a3dd993f1c25bc9;-365;73;-183;biomesoplenty:maple_planks;-365;72;-184;/tp @s -365 75 -183
bloodborne_blocks:owner_unified_05043a3dd993f1c25bc9;-365;73;-183;biomesoplenty:maple_planks;-365;72;-182;/tp @s -365 75 -183
bloodborne_blocks:owner_unified_05043a3dd993f1c25bc9;-365;73;-183;biomesoplenty:maple_planks;-365;73;-184;/tp @s -365 75 -183
bloodborne_blocks:owner_unified_05043a3dd993f1c25bc9;-365;73;-183;biomesoplenty:maple_planks;-365;73;-182;/tp @s -365 75 -183
bloodborne_blocks:owner_unified_05043a3dd993f1c25bc9;-365;73;-183;biomesoplenty:dead_planks;-365;74;-182;/tp @s -365 75 -183
bloodborne_blocks:owner_unified_05043a3dd993f1c25bc9;-367;75;-179;biomesoplenty:dead_planks;-368;74;-180;/tp @s -367 77 -179
bloodborne_blocks:owner_unified_05043a3dd993f1c25bc9;-367;75;-179;biomesoplenty:dead_planks;-368;74;-179;/tp @s -367 77 -179
bloodborne_blocks:owner_unified_05043a3dd993f1c25bc9;-367;75;-179;biomesoplenty:dead_planks;-368;74;-178;/tp @s -367 77 -179
bloodborne_blocks:owner_unified_05043a3dd993f1c25bc9;-367;75;-179;minecraft:spruce_door;-368;75;-179;/tp @s -367 77 -179
bloodborne_blocks:owner_unified_05043a3dd993f1c25bc9;-367;75;-179;minecraft:spruce_door;-368;76;-179;/tp @s -367 77 -179
bloodborne_blocks:owner_unified_05043a3dd993f1c25bc9;-367;75;-179;biomesoplenty:dead_planks;-367;74;-180;/tp @s -367 77 -179
bloodborne_blocks:owner_unified_05043a3dd993f1c25bc9;-367;75;-179;biomesoplenty:dead_planks;-367;74;-179;/tp @s -367 77 -179
bloodborne_blocks:owner_unified_05043a3dd993f1c25bc9;-367;75;-179;biomesoplenty:dead_planks;-367;74;-178;/tp @s -367 77 -179
bloodborne_blocks:owner_unified_05043a3dd993f1c25bc9;-367;75;-179;biomesoplenty:maple_planks;-367;76;-179;/tp @s -367 77 -179
bloodborne_blocks:owner_unified_05043a3dd993f1c25bc9;-367;75;-179;biomesoplenty:dead_planks;-366;74;-180;/tp @s -367 77 -179
bloodborne_blocks:owner_unified_05043a3dd993f1c25bc9;-367;75;-179;biomesoplenty:dead_planks;-366;74;-179;/tp @s -367 77 -179
bloodborne_blocks:owner_unified_05043a3dd993f1c25bc9;-367;75;-179;biomesoplenty:dead_planks;-366;74;-178;/tp @s -367 77 -179
bloodborne_blocks:owner_unified_05043a3dd993f1c25bc9;-366;75;-179;biomesoplenty:dead_planks;-367;74;-180;/tp @s -366 77 -179
bloodborne_blocks:owner_unified_05043a3dd993f1c25bc9;-366;75;-179;biomesoplenty:dead_planks;-367;74;-179;/tp @s -366 77 -179
bloodborne_blocks:owner_unified_05043a3dd993f1c25bc9;-366;75;-179;biomesoplenty:dead_planks;-367;74;-178;/tp @s -366 77 -179
bloodborne_blocks:owner_unified_05043a3dd993f1c25bc9;-366;75;-179;biomesoplenty:maple_planks;-367;76;-179;/tp @s -366 77 -179
bloodborne_blocks:owner_unified_05043a3dd993f1c25bc9;-366;75;-179;biomesoplenty:dead_planks;-366;74;-180;/tp @s -366 77 -179
bloodborne_blocks:owner_unified_05043a3dd993f1c25bc9;-366;75;-179;biomesoplenty:dead_planks;-366;74;-179;/tp @s -366 77 -179
bloodborne_blocks:owner_unified_05043a3dd993f1c25bc9;-366;75;-179;biomesoplenty:dead_planks;-366;74;-178;/tp @s -366 77 -179
bloodborne_blocks:owner_unified_05043a3dd993f1c25bc9;-366;75;-179;biomesoplenty:dead_planks;-365;74;-180;/tp @s -366 77 -179
bloodborne_blocks:owner_unified_05043a3dd993f1c25bc9;-366;75;-179;biomesoplenty:dead_planks;-365;74;-179;/tp @s -366 77 -179
bloodborne_blocks:owner_unified_05043a3dd993f1c25bc9;-366;75;-179;biomesoplenty:dead_planks;-365;74;-178;/tp @s -366 77 -179
bloodborne_blocks:owner_unified_05043a3dd993f1c25bc9;-366;75;-179;biomesoplenty:maple_planks;-365;76;-179;/tp @s -366 77 -179
bloodborne_blocks:owner_unified_05043a3dd993f1c25bc9;-365;75;-179;biomesoplenty:dead_planks;-366;74;-180;/tp @s -365 77 -179
bloodborne_blocks:owner_unified_05043a3dd993f1c25bc9;-365;75;-179;biomesoplenty:dead_planks;-366;74;-179;/tp @s -365 77 -179
bloodborne_blocks:owner_unified_05043a3dd993f1c25bc9;-365;75;-179;biomesoplenty:dead_planks;-366;74;-178;/tp @s -365 77 -179
bloodborne_blocks:owner_unified_05043a3dd993f1c25bc9;-365;75;-179;biomesoplenty:dead_planks;-365;74;-180;/tp @s -365 77 -179
bloodborne_blocks:owner_unified_05043a3dd993f1c25bc9;-365;75;-179;biomesoplenty:dead_planks;-365;74;-179;/tp @s -365 77 -179
bloodborne_blocks:owner_unified_05043a3dd993f1c25bc9;-365;75;-179;biomesoplenty:dead_planks;-365;74;-178;/tp @s -365 77 -179
bloodborne_blocks:owner_unified_05043a3dd993f1c25bc9;-365;75;-179;biomesoplenty:maple_planks;-365;76;-179;/tp @s -365 77 -179
bloodborne_blocks:owner_unified_05043a3dd993f1c25bc9;-368;78;-179;biomesoplenty:maple_planks;-367;77;-179;/tp @s -368 80 -179
bloodborne_blocks:owner_unified_05043a3dd993f1c25bc9;-368;78;-179;amendments:wall_lantern;-367;77;-178;/tp @s -368 80 -179
bloodborne_blocks:owner_unified_05043a3dd993f1c25bc9;-368;78;-179;biomesoplenty:maple_planks;-367;78;-179;/tp @s -368 80 -179
bloodborne_blocks:owner_unified_05043a3dd993f1c25bc9;-368;78;-179;biomesoplenty:maple_planks;-367;79;-179;/tp @s -368 80 -179
bloodborne_blocks:owner_unified_29bf256fd7f53dfd18a3;-368;69;-192;minecraft:mangrove_planks;-368;70;-192;/tp @s -368 71 -192
bloodborne_blocks:owner_unified_05043a3dd993f1c25bc9;-386;68;-172;biomesoplenty:maple_planks;-387;67;-172;/tp @s -386 70 -172
bloodborne_blocks:owner_unified_05043a3dd993f1c25bc9;-386;68;-172;biomesoplenty:maple_planks;-387;68;-172;/tp @s -386 70 -172
bloodborne_blocks:owner_unified_05043a3dd993f1c25bc9;-386;68;-172;biomesoplenty:maple_planks;-387;69;-172;/tp @s -386 70 -172
bloodborne_blocks:owner_unified_05043a3dd993f1c25bc9;-386;68;-172;biomesoplenty:maple_planks;-385;67;-172;/tp @s -386 70 -172
bloodborne_blocks:owner_unified_05043a3dd993f1c25bc9;-386;68;-172;biomesoplenty:maple_planks;-385;68;-172;/tp @s -386 70 -172
bloodborne_blocks:owner_unified_05043a3dd993f1c25bc9;-386;68;-172;biomesoplenty:maple_planks;-385;69;-172;/tp @s -386 70 -172
bloodborne_blocks:owner_unified_05043a3dd993f1c25bc9;-386;71;-172;biomesoplenty:maple_planks;-387;70;-172;/tp @s -386 73 -172
bloodborne_blocks:owner_unified_05043a3dd993f1c25bc9;-386;71;-172;biomesoplenty:maple_planks;-387;72;-172;/tp @s -386 73 -172
bloodborne_blocks:owner_unified_05043a3dd993f1c25bc9;-386;71;-172;biomesoplenty:maple_planks;-386;72;-172;/tp @s -386 73 -172
bloodborne_blocks:owner_unified_05043a3dd993f1c25bc9;-386;71;-172;amendments:wall_lantern;-385;70;-173;/tp @s -386 73 -172
bloodborne_blocks:owner_unified_05043a3dd993f1c25bc9;-386;71;-172;biomesoplenty:maple_planks;-385;70;-172;/tp @s -386 73 -172
bloodborne_blocks:owner_unified_05043a3dd993f1c25bc9;-386;71;-172;biomesoplenty:maple_planks;-385;72;-172;/tp @s -386 73 -172
bloodborne_blocks:owner_unified_29bf256fd7f53dfd18a3;-387;73;-173;biomesoplenty:dead_planks;-387;74;-174;/tp @s -387 75 -173
bloodborne_blocks:owner_unified_29bf256fd7f53dfd18a3;-387;73;-173;biomesoplenty:dead_planks;-387;74;-173;/tp @s -387 75 -173
bloodborne_blocks:owner_unified_29bf256fd7f53dfd18a3;-386;73;-173;biomesoplenty:dead_planks;-386;74;-174;/tp @s -386 75 -173
bloodborne_blocks:owner_unified_29bf256fd7f53dfd18a3;-386;73;-173;biomesoplenty:dead_planks;-386;74;-173;/tp @s -386 75 -173
bloodborne_blocks:owner_unified_29bf256fd7f53dfd18a3;-385;73;-173;biomesoplenty:dead_planks;-385;74;-174;/tp @s -385 75 -173
bloodborne_blocks:owner_unified_29bf256fd7f53dfd18a3;-385;73;-173;biomesoplenty:dead_planks;-385;74;-173;/tp @s -385 75 -173
bloodborne_blocks:owner_unified_29bf256fd7f53dfd18a3;-388;79;-172;biomesoplenty:dead_planks;-388;80;-173;/tp @s -388 81 -172
bloodborne_blocks:owner_unified_29bf256fd7f53dfd18a3;-388;79;-172;biomesoplenty:dead_planks;-388;80;-172;/tp @s -388 81 -172
bloodborne_blocks:owner_unified_29bf256fd7f53dfd18a3;-387;79;-172;biomesoplenty:dead_planks;-387;80;-173;/tp @s -387 81 -172
bloodborne_blocks:owner_unified_29bf256fd7f53dfd18a3;-387;79;-172;biomesoplenty:dead_planks;-387;80;-172;/tp @s -387 81 -172
bloodborne_blocks:owner_unified_29bf256fd7f53dfd18a3;-386;79;-172;biomesoplenty:dead_planks;-386;80;-173;/tp @s -386 81 -172
bloodborne_blocks:owner_unified_29bf256fd7f53dfd18a3;-386;79;-172;biomesoplenty:dead_planks;-386;80;-172;/tp @s -386 81 -172
bloodborne_blocks:owner_unified_29bf256fd7f53dfd18a3;-385;79;-172;biomesoplenty:dead_planks;-385;80;-173;/tp @s -385 81 -172
bloodborne_blocks:owner_unified_29bf256fd7f53dfd18a3;-385;79;-172;biomesoplenty:dead_planks;-385;80;-172;/tp @s -385 81 -172
bloodborne_blocks:owner_unified_05043a3dd993f1c25bc9;-371;68;-173;biomesoplenty:maple_planks;-372;67;-173;/tp @s -371 70 -173
bloodborne_blocks:owner_unified_05043a3dd993f1c25bc9;-371;68;-173;biomesoplenty:maple_planks;-372;68;-173;/tp @s -371 70 -173
bloodborne_blocks:owner_unified_05043a3dd993f1c25bc9;-371;68;-173;amendments:wall_lantern;-372;69;-174;/tp @s -371 70 -173
bloodborne_blocks:owner_unified_05043a3dd993f1c25bc9;-371;68;-173;biomesoplenty:maple_planks;-372;69;-173;/tp @s -371 70 -173
bloodborne_blocks:owner_unified_05043a3dd993f1c25bc9;-371;68;-173;minecraft:mangrove_leaves;-370;67;-174;/tp @s -371 70 -173
bloodborne_blocks:owner_unified_05043a3dd993f1c25bc9;-371;68;-173;biomesoplenty:maple_planks;-370;67;-173;/tp @s -371 70 -173
bloodborne_blocks:owner_unified_05043a3dd993f1c25bc9;-371;68;-173;biomesoplenty:maple_planks;-370;68;-173;/tp @s -371 70 -173
bloodborne_blocks:owner_unified_05043a3dd993f1c25bc9;-371;68;-173;biomesoplenty:maple_planks;-370;69;-173;/tp @s -371 70 -173
bloodborne_blocks:owner_unified_05043a3dd993f1c25bc9;-371;71;-173;biomesoplenty:maple_planks;-372;70;-173;/tp @s -371 73 -173
bloodborne_blocks:owner_unified_05043a3dd993f1c25bc9;-371;71;-173;biomesoplenty:maple_planks;-372;72;-173;/tp @s -371 73 -173
bloodborne_blocks:owner_unified_05043a3dd993f1c25bc9;-371;71;-173;biomesoplenty:maple_planks;-370;70;-173;/tp @s -371 73 -173
bloodborne_blocks:owner_unified_05043a3dd993f1c25bc9;-371;71;-173;biomesoplenty:maple_planks;-370;72;-173;/tp @s -371 73 -173
bloodborne_blocks:owner_unified_05043a3dd993f1c25bc9;-380;71;-172;biomesoplenty:maple_planks;-380;70;-172;/tp @s -380 73 -172
bloodborne_blocks:owner_unified_05043a3dd993f1c25bc9;-380;71;-172;biomesoplenty:maple_planks;-380;72;-172;/tp @s -380 73 -172
bloodborne_blocks:owner_unified_05043a3dd993f1c25bc9;-380;71;-172;amendments:wall_lantern;-379;70;-173;/tp @s -380 73 -172
bloodborne_blocks:owner_unified_05043a3dd993f1c25bc9;-380;71;-172;biomesoplenty:maple_planks;-379;70;-172;/tp @s -380 73 -172
bloodborne_blocks:owner_unified_05043a3dd993f1c25bc9;-380;71;-172;biomesoplenty:maple_planks;-379;72;-172;/tp @s -380 73 -172
bloodborne_blocks:owner_unified_05043a3dd993f1c25bc9;-378;71;-172;amendments:wall_lantern;-379;70;-173;/tp @s -378 73 -172
bloodborne_blocks:owner_unified_05043a3dd993f1c25bc9;-378;71;-172;biomesoplenty:maple_planks;-379;70;-172;/tp @s -378 73 -172
bloodborne_blocks:owner_unified_05043a3dd993f1c25bc9;-378;71;-172;biomesoplenty:maple_planks;-379;72;-172;/tp @s -378 73 -172
bloodborne_blocks:owner_unified_05043a3dd993f1c25bc9;-378;71;-172;biomesoplenty:maple_planks;-378;70;-172;/tp @s -378 73 -172
bloodborne_blocks:owner_unified_05043a3dd993f1c25bc9;-378;71;-172;biomesoplenty:maple_planks;-378;72;-172;/tp @s -378 73 -172
bloodborne_blocks:owner_unified_05043a3dd993f1c25bc9;-373;75;-176;biomesoplenty:maple_planks;-373;76;-177;/tp @s -373 77 -176
bloodborne_blocks:owner_unified_05043a3dd993f1c25bc9;-373;75;-176;biomesoplenty:maple_planks;-373;76;-176;/tp @s -373 77 -176
bloodborne_blocks:owner_unified_05043a3dd993f1c25bc9;-373;75;-176;biomesoplenty:dead_planks;-372;74;-177;/tp @s -373 77 -176
bloodborne_blocks:owner_unified_05043a3dd993f1c25bc9;-373;75;-176;biomesoplenty:dead_planks;-372;74;-176;/tp @s -373 77 -176
bloodborne_blocks:owner_unified_05043a3dd993f1c25bc9;-373;75;-176;biomesoplenty:dead_planks;-372;74;-175;/tp @s -373 77 -176
bloodborne_blocks:owner_unified_05043a3dd993f1c25bc9;-373;75;-176;handcrafted:dark_oak_desk;-372;75;-177;/tp @s -373 77 -176
bloodborne_blocks:owner_unified_05043a3dd993f1c25bc9;-373;75;-176;handcrafted:mangrove_fancy_bed;-372;75;-176;/tp @s -373 77 -176
bloodborne_blocks:owner_unified_05043a3dd993f1c25bc9;-373;75;-176;handcrafted:mangrove_fancy_bed;-372;75;-175;/tp @s -373 77 -176
bloodborne_blocks:owner_unified_05043a3dd993f1c25bc9;-373;75;-175;biomesoplenty:maple_planks;-373;76;-176;/tp @s -373 77 -175
bloodborne_blocks:owner_unified_05043a3dd993f1c25bc9;-373;75;-175;biomesoplenty:maple_planks;-373;76;-174;/tp @s -373 77 -175
bloodborne_blocks:owner_unified_05043a3dd993f1c25bc9;-373;75;-175;biomesoplenty:dead_planks;-372;74;-176;/tp @s -373 77 -175
bloodborne_blocks:owner_unified_05043a3dd993f1c25bc9;-373;75;-175;biomesoplenty:dead_planks;-372;74;-175;/tp @s -373 77 -175
bloodborne_blocks:owner_unified_05043a3dd993f1c25bc9;-373;75;-175;biomesoplenty:dead_planks;-372;74;-174;/tp @s -373 77 -175
bloodborne_blocks:owner_unified_05043a3dd993f1c25bc9;-373;75;-175;handcrafted:mangrove_fancy_bed;-372;75;-176;/tp @s -373 77 -175
bloodborne_blocks:owner_unified_05043a3dd993f1c25bc9;-373;75;-175;handcrafted:mangrove_fancy_bed;-372;75;-175;/tp @s -373 77 -175
bloodborne_blocks:owner_unified_05043a3dd993f1c25bc9;-373;75;-175;handcrafted:dark_oak_desk;-372;75;-174;/tp @s -373 77 -175
bloodborne_blocks:owner_unified_05043a3dd993f1c25bc9;-373;75;-174;biomesoplenty:maple_planks;-373;76;-174;/tp @s -373 77 -174
bloodborne_blocks:owner_unified_05043a3dd993f1c25bc9;-373;75;-174;biomesoplenty:maple_planks;-373;76;-173;/tp @s -373 77 -174
bloodborne_blocks:owner_unified_05043a3dd993f1c25bc9;-373;75;-174;biomesoplenty:dead_planks;-372;74;-175;/tp @s -373 77 -174
bloodborne_blocks:owner_unified_05043a3dd993f1c25bc9;-373;75;-174;biomesoplenty:dead_planks;-372;74;-174;/tp @s -373 77 -174
bloodborne_blocks:owner_unified_05043a3dd993f1c25bc9;-373;75;-174;biomesoplenty:dead_planks;-372;74;-173;/tp @s -373 77 -174
bloodborne_blocks:owner_unified_05043a3dd993f1c25bc9;-373;75;-174;handcrafted:mangrove_fancy_bed;-372;75;-175;/tp @s -373 77 -174
bloodborne_blocks:owner_unified_05043a3dd993f1c25bc9;-373;75;-174;handcrafted:dark_oak_desk;-372;75;-174;/tp @s -373 77 -174
bloodborne_blocks:owner_unified_05043a3dd993f1c25bc9;-373;75;-173;biomesoplenty:maple_planks;-374;74;-172;/tp @s -373 77 -173
bloodborne_blocks:owner_unified_05043a3dd993f1c25bc9;-373;75;-173;biomesoplenty:maple_planks;-373;76;-174;/tp @s -373 77 -173
bloodborne_blocks:owner_unified_05043a3dd993f1c25bc9;-373;75;-173;biomesoplenty:maple_planks;-373;76;-173;/tp @s -373 77 -173
bloodborne_blocks:owner_unified_05043a3dd993f1c25bc9;-373;75;-173;biomesoplenty:dead_planks;-372;74;-174;/tp @s -373 77 -173
bloodborne_blocks:owner_unified_05043a3dd993f1c25bc9;-373;75;-173;biomesoplenty:dead_planks;-372;74;-173;/tp @s -373 77 -173
bloodborne_blocks:owner_unified_05043a3dd993f1c25bc9;-373;75;-173;handcrafted:dark_oak_desk;-372;75;-174;/tp @s -373 77 -173
bloodborne_blocks:owner_unified_05043a3dd993f1c25bc9;-384;75;-172;biomesoplenty:dead_planks;-385;74;-173;/tp @s -384 77 -172
bloodborne_blocks:owner_unified_05043a3dd993f1c25bc9;-384;75;-172;biomesoplenty:dead_planks;-385;74;-172;/tp @s -384 77 -172
bloodborne_blocks:owner_unified_05043a3dd993f1c25bc9;-384;75;-172;handcrafted:dark_oak_couch;-385;75;-173;/tp @s -384 77 -172
bloodborne_blocks:owner_unified_05043a3dd993f1c25bc9;-384;75;-172;handcrafted:dark_oak_couch;-385;75;-172;/tp @s -384 77 -172
bloodborne_blocks:owner_unified_05043a3dd993f1c25bc9;-384;76;-172;handcrafted:dark_oak_couch;-385;75;-173;/tp @s -384 78 -172
bloodborne_blocks:owner_unified_05043a3dd993f1c25bc9;-384;76;-172;handcrafted:dark_oak_couch;-385;75;-172;/tp @s -384 78 -172
bloodborne_blocks:owner_unified_05043a3dd993f1c25bc9;-384;79;-172;biomesoplenty:dead_planks;-385;80;-173;/tp @s -384 81 -172
bloodborne_blocks:owner_unified_05043a3dd993f1c25bc9;-384;79;-172;biomesoplenty:dead_planks;-385;80;-172;/tp @s -384 81 -172
bloodborne_blocks:owner_unified_05043a3dd993f1c25bc9;-384;79;-172;biomesoplenty:dead_planks;-384;80;-173;/tp @s -384 81 -172
bloodborne_blocks:owner_unified_05043a3dd993f1c25bc9;-384;79;-172;biomesoplenty:dead_planks;-384;80;-172;/tp @s -384 81 -172
bloodborne_blocks:owner_unified_05043a3dd993f1c25bc9;-384;79;-172;biomesoplenty:dead_planks;-383;80;-173;/tp @s -384 81 -172
bloodborne_blocks:owner_unified_05043a3dd993f1c25bc9;-384;79;-172;biomesoplenty:dead_planks;-383;80;-172;/tp @s -384 81 -172
bloodborne_blocks:owner_unified_29bf256fd7f53dfd18a3;-372;73;-174;biomesoplenty:dead_planks;-372;74;-175;/tp @s -372 75 -174
bloodborne_blocks:owner_unified_29bf256fd7f53dfd18a3;-372;73;-174;biomesoplenty:dead_planks;-372;74;-174;/tp @s -372 75 -174
bloodborne_blocks:owner_unified_29bf256fd7f53dfd18a3;-371;73;-174;biomesoplenty:dead_planks;-371;74;-175;/tp @s -371 75 -174
bloodborne_blocks:owner_unified_29bf256fd7f53dfd18a3;-371;73;-174;biomesoplenty:dead_planks;-371;74;-174;/tp @s -371 75 -174
bloodborne_blocks:owner_unified_29bf256fd7f53dfd18a3;-370;73;-174;biomesoplenty:dead_planks;-370;74;-175;/tp @s -370 75 -174
bloodborne_blocks:owner_unified_29bf256fd7f53dfd18a3;-370;73;-174;biomesoplenty:dead_planks;-370;74;-174;/tp @s -370 75 -174
bloodborne_blocks:owner_unified_29bf256fd7f53dfd18a3;-369;73;-174;biomesoplenty:dead_planks;-369;74;-175;/tp @s -369 75 -174
bloodborne_blocks:owner_unified_29bf256fd7f53dfd18a3;-369;73;-174;biomesoplenty:dead_planks;-369;74;-174;/tp @s -369 75 -174
bloodborne_blocks:owner_unified_29bf256fd7f53dfd18a3;-383;79;-172;biomesoplenty:dead_planks;-383;80;-173;/tp @s -383 81 -172
bloodborne_blocks:owner_unified_29bf256fd7f53dfd18a3;-383;79;-172;biomesoplenty:dead_planks;-383;80;-172;/tp @s -383 81 -172
bloodborne_blocks:owner_unified_29bf256fd7f53dfd18a3;-382;79;-172;biomesoplenty:dead_planks;-382;80;-173;/tp @s -382 81 -172
bloodborne_blocks:owner_unified_29bf256fd7f53dfd18a3;-382;79;-172;biomesoplenty:dead_planks;-382;80;-172;/tp @s -382 81 -172
bloodborne_blocks:owner_unified_29bf256fd7f53dfd18a3;-381;79;-172;biomesoplenty:dead_planks;-381;80;-173;/tp @s -381 81 -172
bloodborne_blocks:owner_unified_29bf256fd7f53dfd18a3;-381;79;-172;biomesoplenty:dead_planks;-381;80;-172;/tp @s -381 81 -172
bloodborne_blocks:owner_unified_29bf256fd7f53dfd18a3;-380;79;-172;biomesoplenty:dead_planks;-380;80;-173;/tp @s -380 81 -172
bloodborne_blocks:owner_unified_29bf256fd7f53dfd18a3;-380;79;-172;biomesoplenty:dead_planks;-380;80;-172;/tp @s -380 81 -172
bloodborne_blocks:owner_unified_29bf256fd7f53dfd18a3;-379;79;-172;biomesoplenty:dead_planks;-379;80;-173;/tp @s -379 81 -172
bloodborne_blocks:owner_unified_29bf256fd7f53dfd18a3;-379;79;-172;biomesoplenty:dead_planks;-379;80;-172;/tp @s -379 81 -172
bloodborne_blocks:owner_unified_29bf256fd7f53dfd18a3;-378;79;-172;biomesoplenty:dead_planks;-378;80;-173;/tp @s -378 81 -172
bloodborne_blocks:owner_unified_29bf256fd7f53dfd18a3;-378;79;-172;biomesoplenty:dead_planks;-378;80;-172;/tp @s -378 81 -172
bloodborne_blocks:owner_unified_29bf256fd7f53dfd18a3;-377;79;-172;biomesoplenty:dead_planks;-377;80;-173;/tp @s -377 81 -172
bloodborne_blocks:owner_unified_29bf256fd7f53dfd18a3;-377;79;-172;biomesoplenty:dead_planks;-377;80;-172;/tp @s -377 81 -172
bloodborne_blocks:owner_unified_29bf256fd7f53dfd18a3;-376;79;-172;biomesoplenty:dead_planks;-376;80;-173;/tp @s -376 81 -172
bloodborne_blocks:owner_unified_29bf256fd7f53dfd18a3;-376;79;-172;biomesoplenty:dead_planks;-376;80;-172;/tp @s -376 81 -172
bloodborne_blocks:owner_unified_29bf256fd7f53dfd18a3;-375;79;-172;biomesoplenty:dead_planks;-375;80;-173;/tp @s -375 81 -172
bloodborne_blocks:owner_unified_29bf256fd7f53dfd18a3;-375;79;-172;biomesoplenty:dead_planks;-375;80;-172;/tp @s -375 81 -172
bloodborne_blocks:owner_unified_29bf256fd7f53dfd18a3;-374;79;-172;biomesoplenty:dead_planks;-374;80;-173;/tp @s -374 81 -172
bloodborne_blocks:owner_unified_29bf256fd7f53dfd18a3;-374;79;-172;biomesoplenty:dead_planks;-374;80;-172;/tp @s -374 81 -172
bloodborne_blocks:owner_unified_083cdee4ded376b06571;-363;66;-176;mcwpaths:mud_brick_diamond_paving;-364;66;-177;/tp @s -363 68 -176
bloodborne_blocks:owner_unified_087d77fe3a1aac4ce189;-357;66;-167;hwg:gun_table;-356;66;-168;/tp @s -357 68 -167
bloodborne_blocks:owner_unified_05043a3dd993f1c25bc9;-365;68;-175;biomesoplenty:maple_planks;-365;67;-174;/tp @s -365 70 -175
bloodborne_blocks:owner_unified_05043a3dd993f1c25bc9;-365;68;-175;biomesoplenty:maple_planks;-365;68;-174;/tp @s -365 70 -175
bloodborne_blocks:owner_unified_05043a3dd993f1c25bc9;-365;68;-175;biomesoplenty:maple_planks;-365;69;-174;/tp @s -365 70 -175
bloodborne_blocks:owner_unified_05043a3dd993f1c25bc9;-368;68;-173;biomesoplenty:maple_planks;-369;67;-173;/tp @s -368 70 -173
bloodborne_blocks:owner_unified_05043a3dd993f1c25bc9;-368;68;-173;biomesoplenty:maple_planks;-369;68;-173;/tp @s -368 70 -173
bloodborne_blocks:owner_unified_05043a3dd993f1c25bc9;-368;68;-173;biomesoplenty:maple_planks;-369;69;-173;/tp @s -368 70 -173
bloodborne_blocks:owner_unified_05043a3dd993f1c25bc9;-368;68;-173;biomesoplenty:maple_planks;-367;67;-173;/tp @s -368 70 -173
bloodborne_blocks:owner_unified_05043a3dd993f1c25bc9;-368;68;-173;biomesoplenty:maple_planks;-367;68;-173;/tp @s -368 70 -173
bloodborne_blocks:owner_unified_05043a3dd993f1c25bc9;-368;68;-173;biomesoplenty:maple_planks;-367;69;-173;/tp @s -368 70 -173
bloodborne_blocks:owner_unified_05043a3dd993f1c25bc9;-365;71;-175;biomesoplenty:maple_planks;-365;70;-174;/tp @s -365 73 -175
bloodborne_blocks:owner_unified_05043a3dd993f1c25bc9;-365;71;-175;biomesoplenty:maple_planks;-365;72;-174;/tp @s -365 73 -175
bloodborne_blocks:owner_unified_05043a3dd993f1c25bc9;-368;71;-173;biomesoplenty:maple_planks;-369;70;-173;/tp @s -368 73 -173
bloodborne_blocks:owner_unified_05043a3dd993f1c25bc9;-368;71;-173;biomesoplenty:maple_planks;-369;72;-173;/tp @s -368 73 -173
bloodborne_blocks:owner_unified_05043a3dd993f1c25bc9;-368;71;-173;biomesoplenty:maple_planks;-367;70;-173;/tp @s -368 73 -173
bloodborne_blocks:owner_unified_05043a3dd993f1c25bc9;-368;71;-173;biomesoplenty:maple_planks;-367;72;-173;/tp @s -368 73 -173
bloodborne_blocks:owner_unified_29bf256fd7f53dfd18a3;-368;73;-174;biomesoplenty:dead_planks;-368;74;-175;/tp @s -368 75 -174
bloodborne_blocks:owner_unified_29bf256fd7f53dfd18a3;-368;73;-174;biomesoplenty:dead_planks;-368;74;-174;/tp @s -368 75 -174
bloodborne_blocks:owner_unified_29bf256fd7f53dfd18a3;-367;73;-174;biomesoplenty:dead_planks;-367;74;-175;/tp @s -367 75 -174
bloodborne_blocks:owner_unified_29bf256fd7f53dfd18a3;-367;73;-174;biomesoplenty:dead_planks;-367;74;-174;/tp @s -367 75 -174
bloodborne_blocks:owner_unified_29bf256fd7f53dfd18a3;-366;73;-174;biomesoplenty:dead_planks;-366;74;-175;/tp @s -366 75 -174
bloodborne_blocks:owner_unified_29bf256fd7f53dfd18a3;-366;73;-174;biomesoplenty:dead_planks;-366;74;-174;/tp @s -366 75 -174
bloodborne_blocks:owner_unified_087d77fe3a1aac4ce189;-339;70;-173;minecraft:light;-340;70;-173;/tp @s -339 72 -173
bloodborne_blocks:owner_unified_087d77fe3a1aac4ce189;-304;73;-168;minecraft:light;-304;73;-169;/tp @s -304 75 -168
bloodborne_blocks:owner_unified_2aedb83a0de03185d106;-493;53;-150;minecraft:redstone_block;-493;53;-149;/tp @s -493 55 -150
bloodborne_blocks:owner_unified_087d77fe3a1aac4ce189;-444;55;-149;minecraft:redstone_block;-444;55;-148;/tp @s -444 57 -149
bloodborne_blocks:owner_unified_087d77fe3a1aac4ce189;-444;55;-149;minecraft:redstone_block;-443;55;-148;/tp @s -444 57 -149
bloodborne_blocks:owner_unified_087d77fe3a1aac4ce189;-440;55;-147;minecraft:redstone_block;-440;55;-148;/tp @s -440 57 -147
bloodborne_blocks:owner_unified_188c722cb55e5bed6291;-283;56;-157;minecraft:light;-283;56;-156;/tp @s -283 58 -157
bloodborne_blocks:owner_unified_188c722cb55e5bed6291;-282;56;-155;minecraft:light;-283;56;-156;/tp @s -282 58 -155
bloodborne_blocks:owner_unified_2c32ee12d0841335f15d;-259;72;-151;minecraft:redstone_block;-258;73;-152;/tp @s -259 74 -151
bloodborne_blocks:owner_unified_087d77fe3a1aac4ce189;-258;73;-153;minecraft:redstone_block;-258;73;-152;/tp @s -258 75 -153
bloodborne_blocks:owner_unified_2c32ee12d0841335f15d;-255;72;-151;minecraft:redstone_block;-256;73;-152;/tp @s -255 74 -151
bloodborne_blocks:owner_unified_2aedb83a0de03185d106;-493;53;-143;minecraft:redstone_block;-493;53;-144;/tp @s -493 55 -143
bloodborne_blocks:owner_unified_087d77fe3a1aac4ce189;-327;77;-144;minecraft:light;-326;77;-144;/tp @s -327 79 -144
bloodborne_blocks:owner_unified_2c32ee12d0841335f15d;-411;148;57;minecraft:oxidized_cut_copper;-411;149;57;/tp @s -411 150 57
bloodborne_blocks:owner_unified_2c32ee12d0841335f15d;-409;148;59;minecraft:oxidized_cut_copper;-409;149;59;/tp @s -409 150 59
bloodborne_blocks:owner_unified_087d77fe3a1aac4ce189;-574;23;-316;minecraft:light;-573;23;-316;/tp @s -574 25 -316
bloodborne_blocks:owner_unified_087d77fe3a1aac4ce189;-571;23;-315;minecraft:light;-572;23;-315;/tp @s -571 25 -315
bloodborne_blocks:owner_unified_087d77fe3a1aac4ce189;-564;23;-313;minecraft:light;-564;23;-314;/tp @s -564 25 -313
bloodborne_blocks:owner_unified_188c722cb55e5bed6291;-541;4;-305;minecraft:dirt;-542;3;-306;/tp @s -541 6 -305
bloodborne_blocks:owner_unified_188c722cb55e5bed6291;-541;4;-305;minecraft:dirt;-542;3;-305;/tp @s -541 6 -305
bloodborne_blocks:owner_unified_188c722cb55e5bed6291;-541;4;-305;minecraft:dirt;-542;3;-304;/tp @s -541 6 -305
bloodborne_blocks:owner_unified_188c722cb55e5bed6291;-541;4;-305;minecraft:gravel;-541;3;-306;/tp @s -541 6 -305
bloodborne_blocks:owner_unified_188c722cb55e5bed6291;-541;4;-305;minecraft:dirt;-541;3;-305;/tp @s -541 6 -305
bloodborne_blocks:owner_unified_188c722cb55e5bed6291;-541;4;-305;minecraft:gravel;-541;3;-304;/tp @s -541 6 -305
bloodborne_blocks:owner_unified_188c722cb55e5bed6291;-541;4;-305;minecraft:dirt;-540;3;-305;/tp @s -541 6 -305
bloodborne_blocks:owner_unified_188c722cb55e5bed6291;-541;4;-305;minecraft:large_fern;-539;4;-306;/tp @s -541 6 -305
bloodborne_blocks:owner_unified_188c722cb55e5bed6291;-529;4;-305;minecraft:dirt;-530;3;-306;/tp @s -529 6 -305
bloodborne_blocks:owner_unified_188c722cb55e5bed6291;-529;4;-305;minecraft:dirt;-530;3;-305;/tp @s -529 6 -305
bloodborne_blocks:owner_unified_188c722cb55e5bed6291;-529;4;-305;minecraft:gravel;-530;3;-304;/tp @s -529 6 -305
bloodborne_blocks:owner_unified_188c722cb55e5bed6291;-529;4;-305;minecraft:dirt;-529;3;-306;/tp @s -529 6 -305
bloodborne_blocks:owner_unified_188c722cb55e5bed6291;-529;4;-305;minecraft:gravel;-529;3;-305;/tp @s -529 6 -305
bloodborne_blocks:owner_unified_188c722cb55e5bed6291;-529;4;-305;minecraft:dirt;-529;3;-304;/tp @s -529 6 -305
bloodborne_blocks:owner_unified_188c722cb55e5bed6291;-529;4;-305;minecraft:gravel;-528;3;-306;/tp @s -529 6 -305
bloodborne_blocks:owner_unified_188c722cb55e5bed6291;-529;4;-305;minecraft:dirt;-528;3;-305;/tp @s -529 6 -305
bloodborne_blocks:owner_unified_188c722cb55e5bed6291;-529;4;-305;mcwpaths:spruce_planks_path;-527;4;-305;/tp @s -529 6 -305
bloodborne_blocks:owner_unified_188c722cb55e5bed6291;-529;4;-305;mcwpaths:spruce_planks_path;-527;4;-304;/tp @s -529 6 -305
bloodborne_blocks:owner_unified_07c4ef62ef5b0fdbf666;-534;9;-310;minecraft:oak_leaves;-534;9;-309;/tp @s -534 11 -310
bloodborne_blocks:owner_unified_07c4ef62ef5b0fdbf666;-534;9;-310;minecraft:oak_leaves;-534;10;-311;/tp @s -534 11 -310
bloodborne_blocks:owner_unified_07c4ef62ef5b0fdbf666;-534;9;-310;minecraft:oak_leaves;-534;10;-309;/tp @s -534 11 -310
bloodborne_blocks:owner_unified_07c4ef62ef5b0fdbf666;-534;10;-310;minecraft:oak_leaves;-534;10;-309;/tp @s -534 12 -310
bloodborne_blocks:owner_unified_07c4ef62ef5b0fdbf666;-534;10;-310;minecraft:oak_leaves;-534;11;-311;/tp @s -534 12 -310
bloodborne_blocks:owner_unified_07c4ef62ef5b0fdbf666;-534;10;-310;minecraft:oak_leaves;-534;11;-310;/tp @s -534 12 -310
bloodborne_blocks:owner_unified_07c4ef62ef5b0fdbf666;-534;10;-310;minecraft:oak_leaves;-534;11;-309;/tp @s -534 12 -310
bloodborne_blocks:owner_unified_087d77fe3a1aac4ce189;-568;23;-291;minecraft:light;-567;23;-291;/tp @s -568 25 -291
bloodborne_blocks:owner_unified_087d77fe3a1aac4ce189;-565;23;-290;minecraft:light;-564;23;-289;/tp @s -565 25 -290
bloodborne_blocks:owner_unified_087d77fe3a1aac4ce189;-561;23;-290;minecraft:light;-560;23;-289;/tp @s -561 25 -290
bloodborne_blocks:owner_unified_188c722cb55e5bed6291;-521;4;-303;minecraft:dirt;-522;3;-304;/tp @s -521 6 -303
bloodborne_blocks:owner_unified_188c722cb55e5bed6291;-521;4;-303;minecraft:gravel;-522;3;-303;/tp @s -521 6 -303
bloodborne_blocks:owner_unified_188c722cb55e5bed6291;-521;4;-303;minecraft:gravel;-522;3;-302;/tp @s -521 6 -303
bloodborne_blocks:owner_unified_188c722cb55e5bed6291;-521;4;-303;minecraft:large_fern;-523;4;-303;/tp @s -521 6 -303
bloodborne_blocks:owner_unified_188c722cb55e5bed6291;-521;4;-303;minecraft:gravel;-521;3;-304;/tp @s -521 6 -303
bloodborne_blocks:owner_unified_188c722cb55e5bed6291;-521;4;-303;minecraft:gravel;-521;3;-303;/tp @s -521 6 -303
bloodborne_blocks:owner_unified_188c722cb55e5bed6291;-521;4;-303;minecraft:dirt;-521;3;-302;/tp @s -521 6 -303
bloodborne_blocks:owner_unified_188c722cb55e5bed6291;-521;4;-303;minecraft:dirt;-520;3;-304;/tp @s -521 6 -303
bloodborne_blocks:owner_unified_188c722cb55e5bed6291;-521;4;-303;minecraft:dirt;-520;3;-303;/tp @s -521 6 -303
bloodborne_blocks:owner_unified_188c722cb55e5bed6291;-521;4;-303;minecraft:grass;-520;4;-301;/tp @s -521 6 -303
bloodborne_blocks:owner_unified_188c722cb55e5bed6291;-521;4;-303;minecraft:tall_grass;-519;4;-303;/tp @s -521 6 -303
bloodborne_blocks:owner_unified_07c4ef62ef5b0fdbf666;-515;10;-304;minecraft:oak_leaves;-515;10;-303;/tp @s -515 12 -304
bloodborne_blocks:owner_unified_07c4ef62ef5b0fdbf666;-515;10;-304;minecraft:oak_leaves;-515;11;-305;/tp @s -515 12 -304
bloodborne_blocks:owner_unified_07c4ef62ef5b0fdbf666;-515;10;-304;minecraft:oak_leaves;-515;11;-304;/tp @s -515 12 -304
bloodborne_blocks:owner_unified_07c4ef62ef5b0fdbf666;-515;10;-304;minecraft:oak_leaves;-515;11;-303;/tp @s -515 12 -304
bloodborne_blocks:owner_unified_087d77fe3a1aac4ce189;-594;23;-281;minecraft:redstone_block;-594;23;-280;/tp @s -594 25 -281
bloodborne_blocks:owner_unified_087d77fe3a1aac4ce189;-594;23;-281;minecraft:redstone_block;-593;23;-280;/tp @s -594 25 -281
bloodborne_blocks:owner_unified_087d77fe3a1aac4ce189;-539;43;-256;minecraft:light;-540;43;-257;/tp @s -539 45 -256
bloodborne_blocks:owner_unified_07c4ef62ef5b0fdbf666;-750;-20;-212;minecraft:oak_leaves;-750;-20;-211;/tp @s -750 -18 -212
bloodborne_blocks:owner_unified_07c4ef62ef5b0fdbf666;-750;-20;-212;minecraft:oak_leaves;-750;-19;-213;/tp @s -750 -18 -212
bloodborne_blocks:owner_unified_07c4ef62ef5b0fdbf666;-750;-20;-212;minecraft:oak_leaves;-750;-19;-211;/tp @s -750 -18 -212
bloodborne_blocks:owner_unified_07c4ef62ef5b0fdbf666;-750;-19;-212;minecraft:oak_leaves;-750;-19;-211;/tp @s -750 -17 -212
bloodborne_blocks:owner_unified_07c4ef62ef5b0fdbf666;-750;-19;-212;minecraft:oak_leaves;-750;-18;-213;/tp @s -750 -17 -212
bloodborne_blocks:owner_unified_07c4ef62ef5b0fdbf666;-750;-19;-212;minecraft:oak_leaves;-750;-18;-211;/tp @s -750 -17 -212
bloodborne_blocks:owner_unified_07c4ef62ef5b0fdbf666;-750;-18;-212;minecraft:oak_leaves;-750;-18;-211;/tp @s -750 -16 -212
bloodborne_blocks:owner_unified_07c4ef62ef5b0fdbf666;-750;-18;-212;minecraft:oak_leaves;-750;-17;-213;/tp @s -750 -16 -212
bloodborne_blocks:owner_unified_07c4ef62ef5b0fdbf666;-750;-18;-212;minecraft:oak_leaves;-750;-17;-211;/tp @s -750 -16 -212
bloodborne_blocks:owner_unified_07c4ef62ef5b0fdbf666;-750;-17;-212;minecraft:oak_leaves;-750;-17;-211;/tp @s -750 -15 -212
bloodborne_blocks:owner_unified_07c4ef62ef5b0fdbf666;-750;-17;-212;minecraft:oak_leaves;-750;-16;-213;/tp @s -750 -15 -212
bloodborne_blocks:owner_unified_07c4ef62ef5b0fdbf666;-750;-17;-212;minecraft:oak_leaves;-750;-16;-211;/tp @s -750 -15 -212
bloodborne_blocks:owner_unified_07c4ef62ef5b0fdbf666;-750;-16;-212;minecraft:oak_leaves;-750;-16;-211;/tp @s -750 -14 -212
bloodborne_blocks:owner_unified_07c4ef62ef5b0fdbf666;-750;-16;-212;minecraft:oak_leaves;-750;-15;-213;/tp @s -750 -14 -212
bloodborne_blocks:owner_unified_07c4ef62ef5b0fdbf666;-750;-16;-212;minecraft:oak_leaves;-750;-15;-211;/tp @s -750 -14 -212
bloodborne_blocks:owner_unified_07c4ef62ef5b0fdbf666;-750;-15;-212;minecraft:oak_leaves;-750;-15;-211;/tp @s -750 -13 -212
bloodborne_blocks:owner_unified_07c4ef62ef5b0fdbf666;-750;-15;-212;minecraft:oak_leaves;-750;-14;-213;/tp @s -750 -13 -212
bloodborne_blocks:owner_unified_07c4ef62ef5b0fdbf666;-750;-15;-212;minecraft:oak_leaves;-750;-14;-211;/tp @s -750 -13 -212
bloodborne_blocks:owner_unified_07c4ef62ef5b0fdbf666;-750;-14;-212;minecraft:oak_leaves;-750;-14;-211;/tp @s -750 -12 -212
bloodborne_blocks:owner_unified_07c4ef62ef5b0fdbf666;-750;-14;-212;minecraft:oak_leaves;-750;-13;-213;/tp @s -750 -12 -212
bloodborne_blocks:owner_unified_07c4ef62ef5b0fdbf666;-750;-14;-212;minecraft:oak_leaves;-750;-13;-211;/tp @s -750 -12 -212
bloodborne_blocks:owner_unified_07c4ef62ef5b0fdbf666;-750;-13;-212;minecraft:oak_leaves;-750;-13;-211;/tp @s -750 -11 -212
bloodborne_blocks:owner_unified_07c4ef62ef5b0fdbf666;-750;-13;-212;minecraft:oak_leaves;-750;-12;-213;/tp @s -750 -11 -212
bloodborne_blocks:owner_unified_07c4ef62ef5b0fdbf666;-750;-13;-212;minecraft:oak_leaves;-750;-12;-211;/tp @s -750 -11 -212
bloodborne_blocks:owner_unified_07c4ef62ef5b0fdbf666;-750;-12;-212;minecraft:oak_leaves;-750;-12;-211;/tp @s -750 -10 -212
bloodborne_blocks:owner_unified_07c4ef62ef5b0fdbf666;-750;-12;-212;minecraft:oak_leaves;-750;-11;-213;/tp @s -750 -10 -212
bloodborne_blocks:owner_unified_07c4ef62ef5b0fdbf666;-750;-12;-212;minecraft:oak_leaves;-750;-11;-211;/tp @s -750 -10 -212
bloodborne_blocks:owner_unified_07c4ef62ef5b0fdbf666;-750;-11;-212;minecraft:oak_leaves;-750;-11;-211;/tp @s -750 -9 -212
bloodborne_blocks:owner_unified_07c4ef62ef5b0fdbf666;-750;-11;-212;minecraft:oak_leaves;-750;-10;-212;/tp @s -750 -9 -212
bloodborne_blocks:owner_unified_07c4ef62ef5b0fdbf666;-764;-7;-195;minecraft:oak_leaves;-764;-7;-194;/tp @s -764 -5 -195
bloodborne_blocks:owner_unified_07c4ef62ef5b0fdbf666;-764;-7;-195;minecraft:oak_leaves;-764;-6;-196;/tp @s -764 -5 -195
bloodborne_blocks:owner_unified_07c4ef62ef5b0fdbf666;-764;-7;-195;minecraft:oak_leaves;-764;-6;-194;/tp @s -764 -5 -195
bloodborne_blocks:owner_unified_07c4ef62ef5b0fdbf666;-764;-6;-195;minecraft:oak_leaves;-764;-6;-194;/tp @s -764 -4 -195
bloodborne_blocks:owner_unified_07c4ef62ef5b0fdbf666;-764;-6;-195;minecraft:oak_leaves;-764;-5;-196;/tp @s -764 -4 -195
bloodborne_blocks:owner_unified_07c4ef62ef5b0fdbf666;-764;-6;-195;minecraft:oak_leaves;-764;-5;-194;/tp @s -764 -4 -195
bloodborne_blocks:owner_unified_07c4ef62ef5b0fdbf666;-764;-5;-195;minecraft:oak_leaves;-764;-5;-194;/tp @s -764 -3 -195
bloodborne_blocks:owner_unified_07c4ef62ef5b0fdbf666;-764;-5;-195;minecraft:oak_leaves;-764;-4;-196;/tp @s -764 -3 -195
bloodborne_blocks:owner_unified_07c4ef62ef5b0fdbf666;-764;-5;-195;minecraft:oak_leaves;-764;-4;-194;/tp @s -764 -3 -195
bloodborne_blocks:owner_unified_07c4ef62ef5b0fdbf666;-764;-4;-195;minecraft:oak_leaves;-764;-4;-194;/tp @s -764 -2 -195
bloodborne_blocks:owner_unified_07c4ef62ef5b0fdbf666;-764;-4;-195;minecraft:oak_leaves;-764;-3;-196;/tp @s -764 -2 -195
bloodborne_blocks:owner_unified_07c4ef62ef5b0fdbf666;-764;-4;-195;minecraft:oak_leaves;-764;-3;-194;/tp @s -764 -2 -195
bloodborne_blocks:owner_unified_07c4ef62ef5b0fdbf666;-764;-3;-195;minecraft:oak_leaves;-764;-3;-194;/tp @s -764 -1 -195
bloodborne_blocks:owner_unified_07c4ef62ef5b0fdbf666;-764;-3;-195;minecraft:oak_leaves;-764;-2;-196;/tp @s -764 -1 -195
bloodborne_blocks:owner_unified_07c4ef62ef5b0fdbf666;-764;-3;-195;minecraft:oak_leaves;-764;-2;-194;/tp @s -764 -1 -195
bloodborne_blocks:owner_unified_07c4ef62ef5b0fdbf666;-764;-2;-195;minecraft:oak_leaves;-764;-2;-194;/tp @s -764 0 -195
bloodborne_blocks:owner_unified_07c4ef62ef5b0fdbf666;-764;-2;-195;minecraft:oak_leaves;-764;-1;-196;/tp @s -764 0 -195
bloodborne_blocks:owner_unified_07c4ef62ef5b0fdbf666;-764;-2;-195;minecraft:oak_leaves;-764;-1;-194;/tp @s -764 0 -195
bloodborne_blocks:owner_unified_07c4ef62ef5b0fdbf666;-764;-1;-195;minecraft:oak_leaves;-764;-1;-194;/tp @s -764 1 -195
bloodborne_blocks:owner_unified_07c4ef62ef5b0fdbf666;-764;-1;-195;minecraft:oak_leaves;-764;0;-196;/tp @s -764 1 -195
bloodborne_blocks:owner_unified_07c4ef62ef5b0fdbf666;-764;-1;-195;minecraft:oak_leaves;-764;0;-194;/tp @s -764 1 -195
bloodborne_blocks:owner_unified_07c4ef62ef5b0fdbf666;-764;0;-195;minecraft:oak_leaves;-764;0;-194;/tp @s -764 2 -195
bloodborne_blocks:owner_unified_07c4ef62ef5b0fdbf666;-764;0;-195;minecraft:oak_leaves;-764;1;-196;/tp @s -764 2 -195
bloodborne_blocks:owner_unified_07c4ef62ef5b0fdbf666;-764;0;-195;minecraft:oak_leaves;-764;1;-194;/tp @s -764 2 -195
bloodborne_blocks:owner_unified_07c4ef62ef5b0fdbf666;-764;1;-195;minecraft:oak_leaves;-764;1;-194;/tp @s -764 3 -195
bloodborne_blocks:owner_unified_07c4ef62ef5b0fdbf666;-764;1;-195;minecraft:oak_leaves;-764;2;-196;/tp @s -764 3 -195
bloodborne_blocks:owner_unified_07c4ef62ef5b0fdbf666;-764;1;-195;minecraft:oak_leaves;-764;2;-194;/tp @s -764 3 -195
bloodborne_blocks:owner_unified_07c4ef62ef5b0fdbf666;-764;2;-195;minecraft:oak_leaves;-764;2;-194;/tp @s -764 4 -195
bloodborne_blocks:owner_unified_07c4ef62ef5b0fdbf666;-736;-20;-187;minecraft:oak_leaves;-736;-20;-186;/tp @s -736 -18 -187
bloodborne_blocks:owner_unified_07c4ef62ef5b0fdbf666;-736;-20;-187;minecraft:oak_leaves;-736;-19;-188;/tp @s -736 -18 -187
bloodborne_blocks:owner_unified_07c4ef62ef5b0fdbf666;-736;-20;-187;minecraft:oak_leaves;-736;-19;-186;/tp @s -736 -18 -187
bloodborne_blocks:owner_unified_07c4ef62ef5b0fdbf666;-736;-19;-187;minecraft:oak_leaves;-736;-19;-186;/tp @s -736 -17 -187
bloodborne_blocks:owner_unified_07c4ef62ef5b0fdbf666;-736;-19;-187;minecraft:oak_leaves;-736;-18;-188;/tp @s -736 -17 -187
bloodborne_blocks:owner_unified_07c4ef62ef5b0fdbf666;-736;-19;-187;minecraft:oak_leaves;-736;-18;-186;/tp @s -736 -17 -187
bloodborne_blocks:owner_unified_07c4ef62ef5b0fdbf666;-736;-18;-187;minecraft:oak_leaves;-736;-18;-186;/tp @s -736 -16 -187
bloodborne_blocks:owner_unified_07c4ef62ef5b0fdbf666;-736;-18;-187;minecraft:oak_leaves;-736;-17;-188;/tp @s -736 -16 -187
bloodborne_blocks:owner_unified_07c4ef62ef5b0fdbf666;-736;-18;-187;minecraft:oak_leaves;-736;-17;-186;/tp @s -736 -16 -187
bloodborne_blocks:owner_unified_07c4ef62ef5b0fdbf666;-736;-17;-187;minecraft:oak_leaves;-736;-17;-186;/tp @s -736 -15 -187
bloodborne_blocks:owner_unified_07c4ef62ef5b0fdbf666;-736;-17;-187;minecraft:oak_leaves;-736;-16;-188;/tp @s -736 -15 -187
bloodborne_blocks:owner_unified_07c4ef62ef5b0fdbf666;-736;-17;-187;minecraft:oak_leaves;-736;-16;-186;/tp @s -736 -15 -187
bloodborne_blocks:owner_unified_07c4ef62ef5b0fdbf666;-736;-16;-187;minecraft:oak_leaves;-736;-16;-186;/tp @s -736 -14 -187
bloodborne_blocks:owner_unified_07c4ef62ef5b0fdbf666;-736;-16;-187;minecraft:oak_leaves;-736;-15;-188;/tp @s -736 -14 -187
bloodborne_blocks:owner_unified_07c4ef62ef5b0fdbf666;-736;-16;-187;minecraft:oak_leaves;-736;-15;-186;/tp @s -736 -14 -187
bloodborne_blocks:owner_unified_07c4ef62ef5b0fdbf666;-736;-15;-187;minecraft:oak_leaves;-736;-15;-186;/tp @s -736 -13 -187
bloodborne_blocks:owner_unified_07c4ef62ef5b0fdbf666;-736;-15;-187;minecraft:oak_leaves;-736;-14;-188;/tp @s -736 -13 -187
bloodborne_blocks:owner_unified_07c4ef62ef5b0fdbf666;-736;-15;-187;minecraft:oak_leaves;-736;-14;-186;/tp @s -736 -13 -187
bloodborne_blocks:owner_unified_07c4ef62ef5b0fdbf666;-736;-14;-187;minecraft:oak_leaves;-736;-14;-186;/tp @s -736 -12 -187
bloodborne_blocks:owner_unified_07c4ef62ef5b0fdbf666;-736;-14;-187;minecraft:oak_leaves;-736;-13;-188;/tp @s -736 -12 -187
bloodborne_blocks:owner_unified_07c4ef62ef5b0fdbf666;-736;-14;-187;minecraft:oak_leaves;-736;-13;-186;/tp @s -736 -12 -187
bloodborne_blocks:owner_unified_07c4ef62ef5b0fdbf666;-736;-14;-178;minecraft:oak_leaves;-736;-14;-177;/tp @s -736 -12 -178
bloodborne_blocks:owner_unified_07c4ef62ef5b0fdbf666;-736;-14;-178;minecraft:oak_leaves;-736;-13;-179;/tp @s -736 -12 -178
bloodborne_blocks:owner_unified_07c4ef62ef5b0fdbf666;-736;-14;-178;minecraft:oak_leaves;-736;-13;-177;/tp @s -736 -12 -178
bloodborne_blocks:owner_unified_07c4ef62ef5b0fdbf666;-736;-13;-187;minecraft:oak_leaves;-736;-13;-186;/tp @s -736 -11 -187
bloodborne_blocks:owner_unified_07c4ef62ef5b0fdbf666;-736;-13;-187;minecraft:oak_leaves;-736;-12;-188;/tp @s -736 -11 -187
bloodborne_blocks:owner_unified_07c4ef62ef5b0fdbf666;-736;-13;-187;minecraft:oak_leaves;-736;-12;-186;/tp @s -736 -11 -187
bloodborne_blocks:owner_unified_07c4ef62ef5b0fdbf666;-736;-13;-178;minecraft:oak_leaves;-736;-13;-177;/tp @s -736 -11 -178
bloodborne_blocks:owner_unified_07c4ef62ef5b0fdbf666;-736;-13;-178;minecraft:oak_leaves;-736;-12;-179;/tp @s -736 -11 -178
bloodborne_blocks:owner_unified_07c4ef62ef5b0fdbf666;-736;-13;-178;minecraft:oak_leaves;-736;-12;-177;/tp @s -736 -11 -178
bloodborne_blocks:owner_unified_07c4ef62ef5b0fdbf666;-736;-12;-187;minecraft:oak_leaves;-736;-12;-186;/tp @s -736 -10 -187
bloodborne_blocks:owner_unified_07c4ef62ef5b0fdbf666;-736;-12;-178;minecraft:oak_leaves;-736;-12;-177;/tp @s -736 -10 -178
bloodborne_blocks:owner_unified_07c4ef62ef5b0fdbf666;-736;-12;-178;minecraft:oak_leaves;-736;-11;-179;/tp @s -736 -10 -178
bloodborne_blocks:owner_unified_07c4ef62ef5b0fdbf666;-736;-12;-178;minecraft:oak_leaves;-736;-11;-177;/tp @s -736 -10 -178
bloodborne_blocks:owner_unified_07c4ef62ef5b0fdbf666;-736;-11;-178;minecraft:oak_leaves;-736;-11;-177;/tp @s -736 -9 -178
bloodborne_blocks:owner_unified_07c4ef62ef5b0fdbf666;-736;-11;-178;minecraft:oak_leaves;-736;-10;-179;/tp @s -736 -9 -178
bloodborne_blocks:owner_unified_07c4ef62ef5b0fdbf666;-736;-11;-178;minecraft:oak_leaves;-736;-10;-177;/tp @s -736 -9 -178
bloodborne_blocks:owner_unified_07c4ef62ef5b0fdbf666;-736;-10;-178;minecraft:oak_leaves;-736;-10;-177;/tp @s -736 -8 -178
bloodborne_blocks:owner_unified_07c4ef62ef5b0fdbf666;-736;-10;-178;minecraft:oak_leaves;-736;-9;-179;/tp @s -736 -8 -178
bloodborne_blocks:owner_unified_07c4ef62ef5b0fdbf666;-736;-10;-178;minecraft:oak_leaves;-736;-9;-177;/tp @s -736 -8 -178
bloodborne_blocks:owner_unified_07c4ef62ef5b0fdbf666;-736;-9;-178;minecraft:oak_leaves;-736;-9;-177;/tp @s -736 -7 -178
bloodborne_blocks:owner_unified_07c4ef62ef5b0fdbf666;-736;-9;-178;minecraft:oak_leaves;-736;-8;-179;/tp @s -736 -7 -178
bloodborne_blocks:owner_unified_07c4ef62ef5b0fdbf666;-736;-9;-178;minecraft:oak_leaves;-736;-8;-177;/tp @s -736 -7 -178
bloodborne_blocks:owner_unified_07c4ef62ef5b0fdbf666;-736;-8;-178;minecraft:oak_leaves;-736;-8;-177;/tp @s -736 -6 -178
bloodborne_blocks:owner_unified_07c4ef62ef5b0fdbf666;-736;-8;-178;minecraft:oak_leaves;-736;-7;-179;/tp @s -736 -6 -178
bloodborne_blocks:owner_unified_07c4ef62ef5b0fdbf666;-736;-8;-178;minecraft:oak_leaves;-736;-7;-177;/tp @s -736 -6 -178
bloodborne_blocks:owner_unified_07c4ef62ef5b0fdbf666;-736;-7;-178;minecraft:oak_leaves;-736;-7;-177;/tp @s -736 -5 -178
bloodborne_blocks:owner_unified_07c4ef62ef5b0fdbf666;-736;-7;-178;minecraft:oak_leaves;-736;-6;-179;/tp @s -736 -5 -178
bloodborne_blocks:owner_unified_07c4ef62ef5b0fdbf666;-736;-7;-178;minecraft:oak_leaves;-736;-6;-177;/tp @s -736 -5 -178
bloodborne_blocks:owner_unified_07c4ef62ef5b0fdbf666;-736;-6;-178;minecraft:oak_leaves;-736;-6;-177;/tp @s -736 -4 -178
bloodborne_blocks:owner_unified_087d77fe3a1aac4ce189;-549;50;-188;minecraft:light;-549;50;-187;/tp @s -549 52 -188
bloodborne_blocks:owner_unified_07c4ef62ef5b0fdbf666;-759;-11;-175;minecraft:oak_leaves;-759;-11;-174;/tp @s -759 -9 -175
bloodborne_blocks:owner_unified_07c4ef62ef5b0fdbf666;-759;-11;-175;minecraft:oak_leaves;-759;-10;-176;/tp @s -759 -9 -175
bloodborne_blocks:owner_unified_07c4ef62ef5b0fdbf666;-759;-11;-175;minecraft:oak_leaves;-759;-10;-174;/tp @s -759 -9 -175
bloodborne_blocks:owner_unified_07c4ef62ef5b0fdbf666;-759;-10;-175;minecraft:oak_leaves;-759;-10;-174;/tp @s -759 -8 -175
bloodborne_blocks:owner_unified_07c4ef62ef5b0fdbf666;-759;-10;-175;minecraft:oak_leaves;-759;-9;-176;/tp @s -759 -8 -175
bloodborne_blocks:owner_unified_07c4ef62ef5b0fdbf666;-759;-10;-175;minecraft:oak_leaves;-759;-9;-174;/tp @s -759 -8 -175
bloodborne_blocks:owner_unified_07c4ef62ef5b0fdbf666;-759;-9;-175;minecraft:oak_leaves;-759;-9;-174;/tp @s -759 -7 -175
bloodborne_blocks:owner_unified_07c4ef62ef5b0fdbf666;-759;-9;-175;minecraft:oak_leaves;-759;-8;-176;/tp @s -759 -7 -175
bloodborne_blocks:owner_unified_07c4ef62ef5b0fdbf666;-759;-9;-175;minecraft:oak_leaves;-759;-8;-174;/tp @s -759 -7 -175
bloodborne_blocks:owner_unified_07c4ef62ef5b0fdbf666;-759;-8;-175;minecraft:oak_leaves;-759;-8;-174;/tp @s -759 -6 -175
bloodborne_blocks:owner_unified_07c4ef62ef5b0fdbf666;-759;-8;-175;minecraft:oak_leaves;-759;-7;-176;/tp @s -759 -6 -175
bloodborne_blocks:owner_unified_07c4ef62ef5b0fdbf666;-759;-8;-175;minecraft:oak_leaves;-759;-7;-174;/tp @s -759 -6 -175
bloodborne_blocks:owner_unified_07c4ef62ef5b0fdbf666;-759;-7;-175;minecraft:oak_leaves;-759;-7;-174;/tp @s -759 -5 -175
bloodborne_blocks:owner_unified_07c4ef62ef5b0fdbf666;-759;-7;-175;minecraft:oak_leaves;-759;-6;-176;/tp @s -759 -5 -175
bloodborne_blocks:owner_unified_07c4ef62ef5b0fdbf666;-759;-7;-175;minecraft:oak_leaves;-759;-6;-174;/tp @s -759 -5 -175
bloodborne_blocks:owner_unified_07c4ef62ef5b0fdbf666;-759;-6;-175;minecraft:oak_leaves;-759;-6;-174;/tp @s -759 -4 -175
bloodborne_blocks:owner_unified_07c4ef62ef5b0fdbf666;-759;-6;-175;minecraft:oak_leaves;-759;-5;-176;/tp @s -759 -4 -175
bloodborne_blocks:owner_unified_07c4ef62ef5b0fdbf666;-759;-6;-175;minecraft:oak_leaves;-759;-5;-174;/tp @s -759 -4 -175
bloodborne_blocks:owner_unified_07c4ef62ef5b0fdbf666;-759;-5;-175;minecraft:oak_leaves;-759;-5;-174;/tp @s -759 -3 -175
bloodborne_blocks:owner_unified_07c4ef62ef5b0fdbf666;-731;-25;-172;minecraft:oak_leaves;-731;-25;-171;/tp @s -731 -23 -172
bloodborne_blocks:owner_unified_07c4ef62ef5b0fdbf666;-731;-25;-172;minecraft:oak_leaves;-731;-24;-173;/tp @s -731 -23 -172
bloodborne_blocks:owner_unified_07c4ef62ef5b0fdbf666;-731;-25;-172;minecraft:oak_leaves;-731;-24;-171;/tp @s -731 -23 -172
bloodborne_blocks:owner_unified_07c4ef62ef5b0fdbf666;-731;-24;-172;minecraft:oak_leaves;-731;-24;-171;/tp @s -731 -22 -172
bloodborne_blocks:owner_unified_07c4ef62ef5b0fdbf666;-731;-24;-172;minecraft:oak_leaves;-731;-23;-173;/tp @s -731 -22 -172
bloodborne_blocks:owner_unified_07c4ef62ef5b0fdbf666;-731;-24;-172;minecraft:oak_leaves;-731;-23;-171;/tp @s -731 -22 -172
bloodborne_blocks:owner_unified_07c4ef62ef5b0fdbf666;-731;-23;-172;minecraft:oak_leaves;-731;-23;-171;/tp @s -731 -21 -172
bloodborne_blocks:owner_unified_07c4ef62ef5b0fdbf666;-731;-23;-172;minecraft:oak_leaves;-731;-22;-173;/tp @s -731 -21 -172
bloodborne_blocks:owner_unified_07c4ef62ef5b0fdbf666;-731;-23;-172;minecraft:oak_leaves;-731;-22;-171;/tp @s -731 -21 -172
bloodborne_blocks:owner_unified_07c4ef62ef5b0fdbf666;-731;-22;-172;minecraft:oak_leaves;-731;-22;-171;/tp @s -731 -20 -172
bloodborne_blocks:owner_unified_07c4ef62ef5b0fdbf666;-731;-22;-172;minecraft:oak_leaves;-731;-21;-173;/tp @s -731 -20 -172
bloodborne_blocks:owner_unified_07c4ef62ef5b0fdbf666;-731;-22;-172;minecraft:oak_leaves;-731;-21;-171;/tp @s -731 -20 -172
bloodborne_blocks:owner_unified_07c4ef62ef5b0fdbf666;-731;-21;-172;minecraft:oak_leaves;-731;-21;-171;/tp @s -731 -19 -172
bloodborne_blocks:owner_unified_07c4ef62ef5b0fdbf666;-731;-21;-172;minecraft:oak_leaves;-731;-20;-173;/tp @s -731 -19 -172
bloodborne_blocks:owner_unified_07c4ef62ef5b0fdbf666;-731;-21;-172;minecraft:oak_leaves;-731;-20;-171;/tp @s -731 -19 -172
bloodborne_blocks:owner_unified_07c4ef62ef5b0fdbf666;-731;-20;-172;minecraft:oak_leaves;-731;-20;-171;/tp @s -731 -18 -172
bloodborne_blocks:owner_unified_07c4ef62ef5b0fdbf666;-731;-20;-172;minecraft:oak_leaves;-731;-19;-173;/tp @s -731 -18 -172
bloodborne_blocks:owner_unified_07c4ef62ef5b0fdbf666;-731;-20;-172;minecraft:oak_leaves;-731;-19;-171;/tp @s -731 -18 -172
bloodborne_blocks:owner_unified_07c4ef62ef5b0fdbf666;-731;-19;-172;minecraft:oak_leaves;-731;-19;-171;/tp @s -731 -17 -172
bloodborne_blocks:owner_unified_07c4ef62ef5b0fdbf666;-731;-19;-172;minecraft:oak_leaves;-731;-18;-173;/tp @s -731 -17 -172
bloodborne_blocks:owner_unified_07c4ef62ef5b0fdbf666;-731;-19;-172;minecraft:oak_leaves;-731;-18;-171;/tp @s -731 -17 -172
bloodborne_blocks:owner_unified_07c4ef62ef5b0fdbf666;-731;-18;-172;minecraft:oak_leaves;-731;-18;-171;/tp @s -731 -16 -172
bloodborne_blocks:owner_unified_07c4ef62ef5b0fdbf666;-731;-18;-172;minecraft:oak_leaves;-731;-17;-173;/tp @s -731 -16 -172
bloodborne_blocks:owner_unified_07c4ef62ef5b0fdbf666;-731;-18;-172;minecraft:oak_leaves;-731;-17;-171;/tp @s -731 -16 -172
bloodborne_blocks:owner_unified_07c4ef62ef5b0fdbf666;-731;-17;-172;minecraft:oak_leaves;-731;-17;-171;/tp @s -731 -15 -172
bloodborne_blocks:owner_unified_07c4ef62ef5b0fdbf666;-731;-17;-172;minecraft:oak_leaves;-731;-16;-172;/tp @s -731 -15 -172
bloodborne_blocks:owner_unified_07c4ef62ef5b0fdbf666;-603;-53;-122;minecraft:oak_leaves;-603;-52;-123;/tp @s -603 -51 -122
bloodborne_blocks:owner_unified_07c4ef62ef5b0fdbf666;-603;-53;-122;minecraft:oak_leaves;-603;-52;-121;/tp @s -603 -51 -122
bloodborne_blocks:owner_unified_07c4ef62ef5b0fdbf666;-603;-52;-122;minecraft:oak_leaves;-603;-52;-121;/tp @s -603 -50 -122
bloodborne_blocks:owner_unified_07c4ef62ef5b0fdbf666;-603;-52;-122;minecraft:oak_leaves;-603;-51;-123;/tp @s -603 -50 -122
bloodborne_blocks:owner_unified_07c4ef62ef5b0fdbf666;-603;-52;-122;minecraft:oak_leaves;-603;-51;-121;/tp @s -603 -50 -122
bloodborne_blocks:owner_unified_07c4ef62ef5b0fdbf666;-603;-51;-122;minecraft:oak_leaves;-603;-51;-121;/tp @s -603 -49 -122
bloodborne_blocks:owner_unified_07c4ef62ef5b0fdbf666;-603;-51;-122;minecraft:oak_leaves;-603;-50;-123;/tp @s -603 -49 -122
bloodborne_blocks:owner_unified_07c4ef62ef5b0fdbf666;-603;-51;-122;minecraft:oak_leaves;-603;-50;-121;/tp @s -603 -49 -122
bloodborne_blocks:owner_unified_07c4ef62ef5b0fdbf666;-603;-50;-122;minecraft:oak_leaves;-603;-50;-121;/tp @s -603 -48 -122
bloodborne_blocks:owner_unified_07c4ef62ef5b0fdbf666;-603;-50;-122;minecraft:oak_leaves;-603;-49;-123;/tp @s -603 -48 -122
bloodborne_blocks:owner_unified_07c4ef62ef5b0fdbf666;-603;-50;-122;minecraft:oak_leaves;-603;-49;-122;/tp @s -603 -48 -122
bloodborne_blocks:owner_unified_07c4ef62ef5b0fdbf666;-603;-50;-122;minecraft:oak_leaves;-603;-49;-121;/tp @s -603 -48 -122
bloodborne_blocks:owner_unified_087d77fe3a1aac4ce189;-526;28;-125;minecraft:light;-526;28;-126;/tp @s -526 30 -125
bloodborne_blocks:owner_unified_2d2921d3af390da332fc;-582;-54;-103;minecraft:dark_oak_wood;-583;-54;-104;/tp @s -582 -52 -103
bloodborne_blocks:owner_unified_2d2921d3af390da332fc;-586;-54;-97;minecraft:dark_oak_wood;-587;-54;-98;/tp @s -586 -52 -97
bloodborne_blocks:owner_unified_58948dd7636b4b86b833;-581;-53;-103;minecraft:vine;-582;-53;-104;/tp @s -581 -51 -103
bloodborne_blocks:owner_unified_58948dd7636b4b86b833;-581;-53;-103;minecraft:vine;-582;-53;-102;/tp @s -581 -51 -103
bloodborne_blocks:owner_unified_3b1410ac7576cc94fb6d;-657;45;-92;minecraft:oak_leaves;-657;46;-92;/tp @s -657 47 -92
bloodborne_blocks:owner_unified_3b1410ac7576cc94fb6d;-657;45;-92;minecraft:oak_leaves;-656;44;-92;/tp @s -657 47 -92
bloodborne_blocks:owner_unified_3b1410ac7576cc94fb6d;-657;45;-92;minecraft:oak_leaves;-656;45;-92;/tp @s -657 47 -92
bloodborne_blocks:owner_unified_3b1410ac7576cc94fb6d;-657;45;-92;minecraft:oak_leaves;-656;46;-92;/tp @s -657 47 -92
bloodborne_blocks:owner_unified_0413164b83c5f2ec2665;-657;42;-92;minecraft:oak_leaves;-656;41;-92;/tp @s -657 44 -92
bloodborne_blocks:owner_unified_0413164b83c5f2ec2665;-657;42;-92;minecraft:oak_leaves;-656;42;-92;/tp @s -657 44 -92
bloodborne_blocks:owner_unified_0413164b83c5f2ec2665;-657;42;-92;minecraft:oak_leaves;-656;43;-92;/tp @s -657 44 -92
bloodborne_blocks:owner_unified_6cfe8039ece8b89bd9c4;-657;39;-92;minecraft:oak_leaves;-656;39;-92;/tp @s -657 41 -92
bloodborne_blocks:owner_unified_6cfe8039ece8b89bd9c4;-657;39;-92;minecraft:oak_leaves;-656;40;-92;/tp @s -657 41 -92
bloodborne_blocks:owner_unified_2d2921d3af390da332fc;-586;-54;-91;minecraft:dark_oak_wood;-587;-54;-90;/tp @s -586 -52 -91
bloodborne_blocks:owner_unified_2d2921d3af390da332fc;-578;-54;-91;minecraft:dark_oak_wood;-577;-54;-90;/tp @s -578 -52 -91
bloodborne_blocks:owner_unified_2d2921d3af390da332fc;-573;-55;-94;minecraft:grass_block;-574;-55;-95;/tp @s -573 -53 -94
bloodborne_blocks:owner_unified_2d2921d3af390da332fc;-573;-55;-94;minecraft:grass_block;-573;-55;-95;/tp @s -573 -53 -94
bloodborne_blocks:owner_unified_2d2921d3af390da332fc;-575;-55;-91;minecraft:grass_block;-575;-55;-92;/tp @s -575 -53 -91
bloodborne_blocks:owner_unified_2d2921d3af390da332fc;-575;-55;-91;minecraft:grass_block;-574;-55;-90;/tp @s -575 -53 -91
bloodborne_blocks:owner_unified_2d2921d3af390da332fc;-573;-55;-91;minecraft:grass_block;-574;-55;-90;/tp @s -573 -53 -91
bloodborne_blocks:owner_unified_2d2921d3af390da332fc;-573;-55;-91;minecraft:grass_block;-573;-55;-92;/tp @s -573 -53 -91
bloodborne_blocks:owner_unified_568eb06875796f572c52;-565;-55;-82;minecraft:dirt;-565;-55;-81;/tp @s -565 -53 -82
bloodborne_blocks:owner_unified_568eb06875796f572c52;-565;-55;-82;minecraft:dirt;-564;-55;-81;/tp @s -565 -53 -82
bloodborne_blocks:owner_unified_568eb06875796f572c52;-565;-54;-82;minecraft:vine;-565;-54;-83;/tp @s -565 -52 -82
bloodborne_blocks:owner_unified_568eb06875796f572c52;-565;-54;-82;minecraft:dark_oak_wood;-565;-54;-81;/tp @s -565 -52 -82
bloodborne_blocks:owner_unified_568eb06875796f572c52;-565;-54;-82;minecraft:vine;-564;-54;-82;/tp @s -565 -52 -82
bloodborne_blocks:owner_unified_568eb06875796f572c52;-565;-54;-82;minecraft:dark_oak_wood;-564;-54;-81;/tp @s -565 -52 -82
bloodborne_blocks:owner_unified_58948dd7636b4b86b833;-569;-54;-94;minecraft:vine;-568;-54;-95;/tp @s -569 -52 -94
bloodborne_blocks:owner_unified_58948dd7636b4b86b833;-566;-54;-86;minecraft:grass;-565;-54;-86;/tp @s -566 -52 -86
bloodborne_blocks:owner_unified_58948dd7636b4b86b833;-568;-54;-83;minecraft:vine;-569;-54;-84;/tp @s -568 -52 -83
bloodborne_blocks:owner_unified_58948dd7636b4b86b833;-571;-54;-82;minecraft:vine;-570;-54;-83;/tp @s -571 -52 -82
bloodborne_blocks:owner_unified_0dede51eca52df2ce124;-566;-54;-93;minecraft:vine;-566;-54;-94;/tp @s -566 -52 -93
bloodborne_blocks:owner_unified_6bf7c77b23b727c510f1;-566;-54;-82;minecraft:vine;-566;-54;-81;/tp @s -566 -52 -82
bloodborne_blocks:owner_unified_6bf7c77b23b727c510f1;-566;-54;-82;minecraft:vine;-566;-53;-81;/tp @s -566 -52 -82
bloodborne_blocks:owner_unified_6bf7c77b23b727c510f1;-566;-54;-82;minecraft:dirt;-565;-55;-81;/tp @s -566 -52 -82
bloodborne_blocks:owner_unified_6bf7c77b23b727c510f1;-566;-54;-82;minecraft:vine;-565;-54;-83;/tp @s -566 -52 -82
bloodborne_blocks:owner_unified_6bf7c77b23b727c510f1;-566;-54;-82;minecraft:dark_oak_wood;-565;-54;-81;/tp @s -566 -52 -82
bloodborne_blocks:owner_unified_6bf7c77b23b727c510f1;-566;-54;-82;minecraft:vine;-565;-53;-83;/tp @s -566 -52 -82
bloodborne_blocks:owner_unified_6bf7c77b23b727c510f1;-566;-54;-82;minecraft:vine;-565;-53;-82;/tp @s -566 -52 -82
bloodborne_blocks:owner_unified_6bf7c77b23b727c510f1;-566;-54;-82;minecraft:dark_oak_wood;-565;-53;-81;/tp @s -566 -52 -82
bloodborne_blocks:owner_unified_2c32ee12d0841335f15d;-729;-47;-71;minecraft:grass_block;-730;-46;-70;/tp @s -729 -45 -71
bloodborne_blocks:owner_unified_2c32ee12d0841335f15d;-729;-45;-71;minecraft:grass;-730;-45;-70;/tp @s -729 -43 -71
bloodborne_blocks:owner_unified_3583d1b6d1ab2bfb855a;-730;-46;-71;minecraft:grass_block;-730;-46;-70;/tp @s -730 -44 -71
bloodborne_blocks:owner_unified_07c4ef62ef5b0fdbf666;-691;40;-80;minecraft:oak_leaves;-691;40;-79;/tp @s -691 42 -80
bloodborne_blocks:owner_unified_07c4ef62ef5b0fdbf666;-691;40;-80;minecraft:oak_leaves;-691;41;-81;/tp @s -691 42 -80
bloodborne_blocks:owner_unified_07c4ef62ef5b0fdbf666;-691;40;-80;minecraft:oak_leaves;-691;41;-79;/tp @s -691 42 -80
bloodborne_blocks:owner_unified_07c4ef62ef5b0fdbf666;-691;41;-80;minecraft:oak_leaves;-691;41;-79;/tp @s -691 43 -80
bloodborne_blocks:owner_unified_07c4ef62ef5b0fdbf666;-691;41;-80;minecraft:oak_leaves;-691;42;-81;/tp @s -691 43 -80
bloodborne_blocks:owner_unified_07c4ef62ef5b0fdbf666;-691;41;-80;minecraft:oak_leaves;-691;42;-79;/tp @s -691 43 -80
bloodborne_blocks:owner_unified_07c4ef62ef5b0fdbf666;-691;42;-80;minecraft:oak_leaves;-691;42;-79;/tp @s -691 44 -80
bloodborne_blocks:owner_unified_07c4ef62ef5b0fdbf666;-691;42;-80;minecraft:oak_leaves;-691;43;-81;/tp @s -691 44 -80
bloodborne_blocks:owner_unified_07c4ef62ef5b0fdbf666;-691;42;-80;minecraft:oak_leaves;-691;43;-79;/tp @s -691 44 -80
bloodborne_blocks:owner_unified_07c4ef62ef5b0fdbf666;-691;43;-80;minecraft:oak_leaves;-691;43;-79;/tp @s -691 45 -80
bloodborne_blocks:owner_unified_07c4ef62ef5b0fdbf666;-691;43;-80;minecraft:oak_leaves;-691;44;-81;/tp @s -691 45 -80
bloodborne_blocks:owner_unified_07c4ef62ef5b0fdbf666;-691;43;-80;minecraft:oak_leaves;-691;44;-79;/tp @s -691 45 -80
bloodborne_blocks:owner_unified_07c4ef62ef5b0fdbf666;-691;44;-80;minecraft:oak_leaves;-691;44;-79;/tp @s -691 46 -80
bloodborne_blocks:owner_unified_07c4ef62ef5b0fdbf666;-691;44;-80;minecraft:oak_leaves;-691;45;-79;/tp @s -691 46 -80
bloodborne_blocks:owner_unified_07c4ef62ef5b0fdbf666;-691;45;-80;minecraft:oak_leaves;-691;45;-79;/tp @s -691 47 -80
bloodborne_blocks:owner_unified_07c4ef62ef5b0fdbf666;-684;42;-80;minecraft:oak_leaves;-684;42;-79;/tp @s -684 44 -80
bloodborne_blocks:owner_unified_07c4ef62ef5b0fdbf666;-684;42;-80;minecraft:oak_leaves;-684;43;-81;/tp @s -684 44 -80
bloodborne_blocks:owner_unified_07c4ef62ef5b0fdbf666;-684;42;-80;minecraft:oak_leaves;-684;43;-79;/tp @s -684 44 -80
bloodborne_blocks:owner_unified_07c4ef62ef5b0fdbf666;-684;43;-80;minecraft:oak_leaves;-684;43;-79;/tp @s -684 45 -80
bloodborne_blocks:owner_unified_07c4ef62ef5b0fdbf666;-684;43;-80;minecraft:oak_leaves;-684;44;-81;/tp @s -684 45 -80
bloodborne_blocks:owner_unified_07c4ef62ef5b0fdbf666;-684;43;-80;minecraft:oak_leaves;-684;44;-79;/tp @s -684 45 -80
bloodborne_blocks:owner_unified_07c4ef62ef5b0fdbf666;-684;44;-80;minecraft:oak_leaves;-684;44;-79;/tp @s -684 46 -80
bloodborne_blocks:owner_unified_07c4ef62ef5b0fdbf666;-684;44;-80;minecraft:oak_leaves;-684;45;-81;/tp @s -684 46 -80
bloodborne_blocks:owner_unified_07c4ef62ef5b0fdbf666;-684;44;-80;minecraft:oak_leaves;-684;45;-79;/tp @s -684 46 -80
bloodborne_blocks:owner_unified_07c4ef62ef5b0fdbf666;-684;45;-80;minecraft:oak_leaves;-684;45;-79;/tp @s -684 47 -80
bloodborne_blocks:owner_unified_07c4ef62ef5b0fdbf666;-684;45;-80;minecraft:oak_leaves;-684;46;-81;/tp @s -684 47 -80
bloodborne_blocks:owner_unified_07c4ef62ef5b0fdbf666;-684;45;-80;minecraft:oak_leaves;-684;46;-79;/tp @s -684 47 -80
bloodborne_blocks:owner_unified_07c4ef62ef5b0fdbf666;-684;46;-80;minecraft:oak_leaves;-684;46;-79;/tp @s -684 48 -80
bloodborne_blocks:owner_unified_07c4ef62ef5b0fdbf666;-684;46;-80;minecraft:oak_leaves;-684;47;-81;/tp @s -684 48 -80
bloodborne_blocks:owner_unified_07c4ef62ef5b0fdbf666;-684;46;-80;minecraft:oak_leaves;-684;47;-79;/tp @s -684 48 -80
bloodborne_blocks:owner_unified_07c4ef62ef5b0fdbf666;-684;47;-80;minecraft:oak_leaves;-684;47;-79;/tp @s -684 49 -80
bloodborne_blocks:owner_unified_07c4ef62ef5b0fdbf666;-684;47;-80;minecraft:oak_leaves;-684;48;-81;/tp @s -684 49 -80
bloodborne_blocks:owner_unified_07c4ef62ef5b0fdbf666;-684;47;-80;minecraft:oak_leaves;-684;48;-79;/tp @s -684 49 -80
bloodborne_blocks:owner_unified_07c4ef62ef5b0fdbf666;-684;48;-80;minecraft:oak_leaves;-684;48;-79;/tp @s -684 50 -80
bloodborne_blocks:owner_unified_07c4ef62ef5b0fdbf666;-684;48;-80;minecraft:oak_leaves;-684;49;-81;/tp @s -684 50 -80
bloodborne_blocks:owner_unified_07c4ef62ef5b0fdbf666;-684;48;-80;minecraft:oak_leaves;-684;49;-79;/tp @s -684 50 -80
bloodborne_blocks:owner_unified_07c4ef62ef5b0fdbf666;-684;49;-80;minecraft:oak_leaves;-684;49;-79;/tp @s -684 51 -80
bloodborne_blocks:owner_unified_07c4ef62ef5b0fdbf666;-670;43;-72;minecraft:oak_leaves;-670;43;-71;/tp @s -670 45 -72
bloodborne_blocks:owner_unified_07c4ef62ef5b0fdbf666;-670;43;-72;minecraft:oak_leaves;-670;44;-73;/tp @s -670 45 -72
bloodborne_blocks:owner_unified_07c4ef62ef5b0fdbf666;-670;43;-72;minecraft:oak_leaves;-670;44;-71;/tp @s -670 45 -72
bloodborne_blocks:owner_unified_07c4ef62ef5b0fdbf666;-670;44;-72;minecraft:oak_leaves;-670;44;-71;/tp @s -670 46 -72
bloodborne_blocks:owner_unified_07c4ef62ef5b0fdbf666;-670;44;-72;minecraft:oak_leaves;-670;45;-73;/tp @s -670 46 -72
bloodborne_blocks:owner_unified_07c4ef62ef5b0fdbf666;-670;44;-72;minecraft:oak_leaves;-670;45;-71;/tp @s -670 46 -72
bloodborne_blocks:owner_unified_07c4ef62ef5b0fdbf666;-670;45;-72;minecraft:oak_leaves;-670;45;-71;/tp @s -670 47 -72
bloodborne_blocks:owner_unified_07c4ef62ef5b0fdbf666;-670;45;-72;minecraft:oak_leaves;-670;46;-73;/tp @s -670 47 -72
bloodborne_blocks:owner_unified_07c4ef62ef5b0fdbf666;-670;45;-72;minecraft:oak_leaves;-670;46;-71;/tp @s -670 47 -72
bloodborne_blocks:owner_unified_07c4ef62ef5b0fdbf666;-670;46;-72;minecraft:oak_leaves;-670;46;-71;/tp @s -670 48 -72
bloodborne_blocks:owner_unified_07c4ef62ef5b0fdbf666;-670;46;-72;minecraft:oak_leaves;-670;47;-71;/tp @s -670 48 -72
bloodborne_blocks:owner_unified_07c4ef62ef5b0fdbf666;-670;47;-72;minecraft:oak_leaves;-670;47;-71;/tp @s -670 49 -72
bloodborne_blocks:owner_unified_07c4ef62ef5b0fdbf666;-670;47;-72;minecraft:oak_leaves;-670;48;-72;/tp @s -670 49 -72
bloodborne_blocks:owner_unified_1397131122ad2b025cc9;-744;-19;-40;minecraft:birch_leaves;-744;-20;-41;/tp @s -744 -17 -40
bloodborne_blocks:owner_unified_1397131122ad2b025cc9;-744;-19;-40;minecraft:birch_leaves;-744;-20;-39;/tp @s -744 -17 -40
bloodborne_blocks:owner_unified_1397131122ad2b025cc9;-744;-19;-40;minecraft:birch_leaves;-744;-19;-41;/tp @s -744 -17 -40
bloodborne_blocks:owner_unified_1397131122ad2b025cc9;-744;-19;-40;minecraft:birch_leaves;-744;-19;-39;/tp @s -744 -17 -40
bloodborne_blocks:owner_unified_1397131122ad2b025cc9;-744;-19;-40;minecraft:birch_leaves;-744;-18;-41;/tp @s -744 -17 -40
bloodborne_blocks:owner_unified_1397131122ad2b025cc9;-744;-19;-40;minecraft:birch_leaves;-744;-18;-40;/tp @s -744 -17 -40
bloodborne_blocks:owner_unified_1397131122ad2b025cc9;-744;-19;-40;minecraft:birch_leaves;-744;-18;-39;/tp @s -744 -17 -40
bloodborne_blocks:owner_unified_188c722cb55e5bed6291;-610;83;-38;minecraft:grass_block;-611;82;-38;/tp @s -610 85 -38
bloodborne_blocks:owner_unified_188c722cb55e5bed6291;-610;83;-38;minecraft:grass_block;-611;82;-37;/tp @s -610 85 -38
bloodborne_blocks:owner_unified_188c722cb55e5bed6291;-610;83;-38;minecraft:grass;-612;83;-37;/tp @s -610 85 -38
bloodborne_blocks:owner_unified_188c722cb55e5bed6291;-600;83;-38;minecraft:grass_block;-601;82;-38;/tp @s -600 85 -38
bloodborne_blocks:owner_unified_188c722cb55e5bed6291;-600;83;-38;minecraft:grass_block;-601;82;-37;/tp @s -600 85 -38
bloodborne_blocks:owner_unified_188c722cb55e5bed6291;-600;83;-38;minecraft:dark_oak_wood;-602;83;-37;/tp @s -600 85 -38
bloodborne_blocks:owner_unified_188c722cb55e5bed6291;-600;83;-38;minecraft:grass_block;-600;82;-38;/tp @s -600 85 -38
bloodborne_blocks:owner_unified_188c722cb55e5bed6291;-600;83;-38;minecraft:grass_block;-600;82;-37;/tp @s -600 85 -38
bloodborne_blocks:owner_unified_07c4ef62ef5b0fdbf666;-589;99;-7;minecraft:oak_leaves;-589;99;-6;/tp @s -589 101 -7
bloodborne_blocks:owner_unified_07c4ef62ef5b0fdbf666;-589;99;-7;minecraft:oak_leaves;-589;100;-8;/tp @s -589 101 -7
bloodborne_blocks:owner_unified_07c4ef62ef5b0fdbf666;-589;99;-7;minecraft:oak_leaves;-589;100;-6;/tp @s -589 101 -7
bloodborne_blocks:owner_unified_07c4ef62ef5b0fdbf666;-589;100;-7;minecraft:oak_leaves;-589;100;-6;/tp @s -589 102 -7
bloodborne_blocks:owner_unified_07c4ef62ef5b0fdbf666;-589;100;-7;minecraft:oak_leaves;-589;101;-8;/tp @s -589 102 -7
bloodborne_blocks:owner_unified_07c4ef62ef5b0fdbf666;-589;100;-7;minecraft:oak_leaves;-589;101;-6;/tp @s -589 102 -7
bloodborne_blocks:owner_unified_07c4ef62ef5b0fdbf666;-589;101;-7;minecraft:oak_leaves;-589;101;-6;/tp @s -589 103 -7
bloodborne_blocks:owner_unified_07c4ef62ef5b0fdbf666;-589;101;-7;minecraft:oak_leaves;-589;102;-8;/tp @s -589 103 -7
bloodborne_blocks:owner_unified_07c4ef62ef5b0fdbf666;-589;101;-7;minecraft:oak_leaves;-589;102;-6;/tp @s -589 103 -7
bloodborne_blocks:owner_unified_07c4ef62ef5b0fdbf666;-589;102;-7;minecraft:oak_leaves;-589;102;-6;/tp @s -589 104 -7
bloodborne_blocks:owner_unified_07c4ef62ef5b0fdbf666;-589;102;-7;minecraft:oak_leaves;-589;103;-8;/tp @s -589 104 -7
bloodborne_blocks:owner_unified_07c4ef62ef5b0fdbf666;-589;102;-7;minecraft:oak_leaves;-589;103;-6;/tp @s -589 104 -7
bloodborne_blocks:owner_unified_07c4ef62ef5b0fdbf666;-589;103;-7;minecraft:oak_leaves;-589;103;-6;/tp @s -589 105 -7
bloodborne_blocks:owner_unified_07c4ef62ef5b0fdbf666;-589;103;-7;minecraft:oak_leaves;-589;104;-8;/tp @s -589 105 -7
bloodborne_blocks:owner_unified_07c4ef62ef5b0fdbf666;-589;103;-7;minecraft:oak_leaves;-589;104;-6;/tp @s -589 105 -7
bloodborne_blocks:owner_unified_07c4ef62ef5b0fdbf666;-589;104;-7;minecraft:oak_leaves;-589;104;-6;/tp @s -589 106 -7
bloodborne_blocks:owner_unified_07c4ef62ef5b0fdbf666;-589;104;-7;minecraft:oak_leaves;-589;105;-8;/tp @s -589 106 -7
bloodborne_blocks:owner_unified_07c4ef62ef5b0fdbf666;-589;104;-7;minecraft:oak_leaves;-589;105;-6;/tp @s -589 106 -7
bloodborne_blocks:owner_unified_07c4ef62ef5b0fdbf666;-589;105;-7;minecraft:oak_leaves;-589;105;-6;/tp @s -589 107 -7
bloodborne_blocks:owner_unified_07c4ef62ef5b0fdbf666;-589;105;-7;minecraft:oak_leaves;-589;106;-7;/tp @s -589 107 -7
bloodborne_blocks:owner_unified_0ad34ce3755407ae9a11;-652;83;1;minecraft:grass;-653;83;1;/tp @s -652 85 1
bloodborne_blocks:owner_unified_0ad34ce3755407ae9a11;-652;83;7;minecraft:grass;-653;83;8;/tp @s -652 85 7
bloodborne_blocks:owner_unified_21ca9be539609ad44b11;-630;83;0;minecraft:grass_block;-630;82;1;/tp @s -630 85 0
bloodborne_blocks:owner_unified_b99931d18246d9e6cfaf;-626;83;7;minecraft:grass;-627;83;8;/tp @s -626 85 7
bloodborne_blocks:owner_unified_b99931d18246d9e6cfaf;-626;83;7;minecraft:grass;-625;83;8;/tp @s -626 85 7
bloodborne_blocks:owner_unified_188c722cb55e5bed6291;-631;83;10;minecraft:grass_block;-632;82;9;/tp @s -631 85 10
bloodborne_blocks:owner_unified_188c722cb55e5bed6291;-631;83;10;minecraft:grass_block;-632;82;10;/tp @s -631 85 10
bloodborne_blocks:owner_unified_188c722cb55e5bed6291;-631;83;10;minecraft:grass_block;-632;82;11;/tp @s -631 85 10
bloodborne_blocks:owner_unified_188c722cb55e5bed6291;-631;83;10;minecraft:grass;-633;83;11;/tp @s -631 85 10
bloodborne_blocks:owner_unified_188c722cb55e5bed6291;-631;83;10;minecraft:grass_block;-631;82;9;/tp @s -631 85 10
bloodborne_blocks:owner_unified_188c722cb55e5bed6291;-631;83;10;minecraft:grass_block;-631;82;10;/tp @s -631 85 10
bloodborne_blocks:owner_unified_188c722cb55e5bed6291;-631;83;10;minecraft:grass_block;-631;82;11;/tp @s -631 85 10
bloodborne_blocks:owner_unified_188c722cb55e5bed6291;-631;83;10;minecraft:grass;-631;83;11;/tp @s -631 85 10
bloodborne_blocks:owner_unified_188c722cb55e5bed6291;-631;83;10;minecraft:grass_block;-630;82;9;/tp @s -631 85 10
bloodborne_blocks:owner_unified_188c722cb55e5bed6291;-631;83;10;minecraft:grass_block;-630;82;10;/tp @s -631 85 10
bloodborne_blocks:owner_unified_188c722cb55e5bed6291;-631;83;10;minecraft:grass;-630;83;11;/tp @s -631 85 10
bloodborne_blocks:owner_unified_188c722cb55e5bed6291;-631;83;10;minecraft:grass;-629;83;11;/tp @s -631 85 10
bloodborne_blocks:owner_unified_188c722cb55e5bed6291;-631;83;15;minecraft:grass_block;-632;82;14;/tp @s -631 85 15
bloodborne_blocks:owner_unified_188c722cb55e5bed6291;-631;83;15;minecraft:grass_block;-631;82;14;/tp @s -631 85 15
bloodborne_blocks:owner_unified_188c722cb55e5bed6291;-631;83;15;minecraft:grass_block;-630;82;14;/tp @s -631 85 15
bloodborne_blocks:owner_unified_07c4ef62ef5b0fdbf666;-714;-37;52;minecraft:oak_leaves;-714;-37;53;/tp @s -714 -35 52
bloodborne_blocks:owner_unified_07c4ef62ef5b0fdbf666;-714;-37;52;minecraft:oak_leaves;-714;-36;51;/tp @s -714 -35 52
bloodborne_blocks:owner_unified_07c4ef62ef5b0fdbf666;-714;-37;52;minecraft:oak_leaves;-714;-36;53;/tp @s -714 -35 52
bloodborne_blocks:owner_unified_07c4ef62ef5b0fdbf666;-714;-36;52;minecraft:oak_leaves;-714;-36;53;/tp @s -714 -34 52
bloodborne_blocks:owner_unified_07c4ef62ef5b0fdbf666;-714;-36;52;minecraft:oak_leaves;-714;-35;51;/tp @s -714 -34 52
bloodborne_blocks:owner_unified_07c4ef62ef5b0fdbf666;-714;-36;52;minecraft:oak_leaves;-714;-35;53;/tp @s -714 -34 52
bloodborne_blocks:owner_unified_07c4ef62ef5b0fdbf666;-714;-35;52;minecraft:oak_leaves;-714;-35;53;/tp @s -714 -33 52
bloodborne_blocks:owner_unified_07c4ef62ef5b0fdbf666;-714;-35;52;minecraft:oak_leaves;-714;-34;51;/tp @s -714 -33 52
bloodborne_blocks:owner_unified_07c4ef62ef5b0fdbf666;-714;-35;52;minecraft:oak_leaves;-714;-34;53;/tp @s -714 -33 52
bloodborne_blocks:owner_unified_07c4ef62ef5b0fdbf666;-714;-34;52;minecraft:oak_leaves;-714;-34;53;/tp @s -714 -32 52
bloodborne_blocks:owner_unified_07c4ef62ef5b0fdbf666;-714;-34;52;minecraft:oak_leaves;-714;-33;51;/tp @s -714 -32 52
bloodborne_blocks:owner_unified_07c4ef62ef5b0fdbf666;-714;-34;52;minecraft:oak_leaves;-714;-33;53;/tp @s -714 -32 52
bloodborne_blocks:owner_unified_07c4ef62ef5b0fdbf666;-714;-33;52;minecraft:oak_leaves;-714;-33;53;/tp @s -714 -31 52
bloodborne_blocks:owner_unified_07c4ef62ef5b0fdbf666;-714;-33;52;minecraft:oak_leaves;-714;-32;51;/tp @s -714 -31 52
bloodborne_blocks:owner_unified_07c4ef62ef5b0fdbf666;-714;-33;52;minecraft:oak_leaves;-714;-32;53;/tp @s -714 -31 52
bloodborne_blocks:owner_unified_07c4ef62ef5b0fdbf666;-714;-32;52;minecraft:oak_leaves;-714;-32;53;/tp @s -714 -30 52
bloodborne_blocks:owner_unified_07c4ef62ef5b0fdbf666;-714;-32;52;minecraft:oak_leaves;-714;-31;51;/tp @s -714 -30 52
bloodborne_blocks:owner_unified_07c4ef62ef5b0fdbf666;-714;-32;52;minecraft:oak_leaves;-714;-31;53;/tp @s -714 -30 52
bloodborne_blocks:owner_unified_07c4ef62ef5b0fdbf666;-714;-31;52;minecraft:oak_leaves;-714;-31;53;/tp @s -714 -29 52
