Numeric ID;Block ID;Editable;Teleport;Original state;Source materials
00001;bloodborne_blocks:acacia_stairs;True;/tp @s -695 230 -389;assembled=false,facing=north,half=bottom,open=false,shape=straight,waterlogged=false;
00002;bloodborne_blocks:andesite_slab;True;/tp @s -683 230 -389;type=bottom,waterlogged=false;
00004;bloodborne_blocks:birch_stairs;True;/tp @s -671 230 -389;assembled=false,facing=north,half=bottom,open=false,shape=straight,waterlogged=false;
00005;bloodborne_blocks:brick_slab;True;/tp @s -659 230 -389;type=bottom,waterlogged=false;
00006;bloodborne_blocks:brick_stairs;True;/tp @s -647 230 -389;facing=north,half=bottom,shape=straight,waterlogged=false;
00007;bloodborne_blocks:brown_terracotta;True;/tp @s -633 230 -389;assembled=false,facing=north;
00008;bloodborne_blocks:building_stone_brick_wall;True;/tp @s -621 230 -389;connection=low_0,facing=north;
02874;bloodborne_blocks:cobbled_deepslate_slab;True;/tp @s -609 230 -389;type=bottom,waterlogged=false;
02875;bloodborne_blocks:cobbled_deepslate_stairs;True;/tp @s -597 230 -389;facing=north,half=bottom,shape=straight,waterlogged=false;
02876;bloodborne_blocks:cobblestone_slab;True;/tp @s -585 230 -389;type=bottom,waterlogged=false;
02877;bloodborne_blocks:cobblestone_stairs;True;/tp @s -573 230 -389;facing=north,half=bottom,shape=straight,waterlogged=false;
02878;bloodborne_blocks:crimson_fence_gate;True;/tp @s -560 230 -389;assembled=false,facing=north,in_wall=false,open=false,powered=false;
02879;bloodborne_blocks:dark_oak_fence_gate;True;/tp @s -548 230 -389;assembled=false,facing=north,in_wall=false,open=false,powered=false;
02880;bloodborne_blocks:dark_oak_stairs;True;/tp @s -536 230 -389;assembled=false,facing=north,half=bottom,open=false,shape=straight,waterlogged=false;
02881;bloodborne_blocks:dead_brain_coral_wall_fan;True;/tp @s -523 230 -389;assembled=false,facing=north,waterlogged=true;
02882;bloodborne_blocks:dead_bubble_coral;True;/tp @s -511 230 -389;assembled=false,facing=north,waterlogged=true;
02883;bloodborne_blocks:dead_bubble_coral_fan;True;/tp @s -499 230 -389;assembled=false,facing=north,waterlogged=true;
02884;bloodborne_blocks:deepslate_brick_stairs;True;/tp @s -487 230 -389;facing=north,half=bottom,shape=straight,waterlogged=false;
02885;bloodborne_blocks:end_stone_brick_slab;True;/tp @s -474 230 -389;type=bottom,waterlogged=false;
02886;bloodborne_blocks:flower_pot;True;/tp @s -462 230 -389;assembled=false,facing=north;
02887;bloodborne_blocks:granite_slab;True;/tp @s -446 230 -389;type=bottom,waterlogged=false;
02888;bloodborne_blocks:granite_stairs;True;/tp @s -431 230 -389;facing=north,half=bottom,shape=straight,waterlogged=false;
02889;bloodborne_blocks:lantern;True;/tp @s -417 230 -389;assembled=false,facing=north,hanging=false,waterlogged=false;
02890;bloodborne_blocks:light_blue_glazed_terracotta;True;/tp @s -405 230 -389;assembled=false,facing=north;
02891;bloodborne_blocks:lightning_rod;True;/tp @s -391 230 -389;assembled=false,facing=up,powered=false,waterlogged=false;
02892;bloodborne_blocks:magenta_glazed_terracotta;True;/tp @s -379 230 -389;assembled=false,facing=north;
02893;bloodborne_blocks:magenta_wool;True;/tp @s -367 230 -389;assembled=false,facing=north;
02894;bloodborne_blocks:mossy_cobblestone_slab;True;/tp @s -355 230 -389;type=bottom,waterlogged=false;
02895;bloodborne_blocks:mossy_cobblestone_stairs;True;/tp @s -343 230 -389;facing=north,half=bottom,shape=straight,waterlogged=false;
02896;bloodborne_blocks:nether_brick_stairs;True;/tp @s -331 230 -389;assembled=false,facing=north,half=bottom,shape=straight,waterlogged=false;
02897;bloodborne_blocks:o_acacia_door;True;/tp @s -319 230 -389;facing=north,open=false,visual=base;
02898;bloodborne_blocks:o_bag;True;/tp @s -307 230 -389;facing=north,variant=bag_0,visual=base;
02899;bloodborne_blocks:o_barrel;True;/tp @s -294 230 -389;facing=north,variant=barrel_0,visual=base;
02900;bloodborne_blocks:o_bench;True;/tp @s -282 230 -389;diagonal=false,facing=north,root_anchor=canonical,visual=base;
02901;bloodborne_blocks:o_birch_door;True;/tp @s -270 230 -389;facing=north,open=false,visual=base;
02902;bloodborne_blocks:o_books;True;/tp @s -258 230 -389;facing=north,variant=books_0,visual=base;
02903;bloodborne_blocks:o_c001;True;/tp @s -244 230 -389;facing=north,variant=tree_254d81d6bf3e,visual=base;
02904;bloodborne_blocks:o_c002;True;/tp @s -226 230 -389;facing=north,visual=base;
02905;bloodborne_blocks:o_c008_1;True;/tp @s -213 230 -389;facing=north,hand_lantern=none,visual=base;
02906;bloodborne_blocks:o_c008_2;True;/tp @s -199 230 -389;facing=north,hand_lantern=none,visual=base;
02907;bloodborne_blocks:o_c008_3;True;/tp @s -187 230 -389;facing=north,hand_lantern=none,visual=base;
02908;bloodborne_blocks:o_c008_5;True;/tp @s -175 230 -389;facing=north,hand_lantern=none,visual=base;
02909;bloodborne_blocks:o_c028;True;/tp @s -163 230 -389;facing=north,visual=base;
02910;bloodborne_blocks:o_c046;True;/tp @s -695 230 -371;facing=north,visual=base;
02911;bloodborne_blocks:o_c1491_a;True;/tp @s -683 230 -371;facing=north,visual=base;
02912;bloodborne_blocks:o_c1491_b;True;/tp @s -671 230 -371;facing=north,visual=base;
02913;bloodborne_blocks:o_c1491_c;True;/tp @s -659 230 -371;facing=north,visual=base;
02914;bloodborne_blocks:o_c1680;True;/tp @s -647 230 -371;facing=north,visual=base;
02915;bloodborne_blocks:o_c1979_1;True;/tp @s -633 230 -371;facing=north,variant=canonical,visual=base;
02916;bloodborne_blocks:o_c1979_2;True;/tp @s -621 230 -371;facing=north,variant=canonical,visual=base;
02917;bloodborne_blocks:o_c1979_3;True;/tp @s -609 230 -371;facing=north,variant=canonical,visual=base;
02918;bloodborne_blocks:o_c1979_4;True;/tp @s -597 230 -371;facing=north,variant=canonical,visual=base;
02919;bloodborne_blocks:o_c1979_5;True;/tp @s -585 230 -371;facing=north,variant=canonical,visual=base;
02920;bloodborne_blocks:o_c282;True;/tp @s -573 230 -371;facing=north,open=false,visual=base;
02921;bloodborne_blocks:o_c471_a;True;/tp @s -560 230 -371;visual=base;
02922;bloodborne_blocks:o_c471_b;True;/tp @s -548 230 -371;visual=base;
02923;bloodborne_blocks:o_c474;True;/tp @s -536 230 -371;facing=north,visual=base;
02924;bloodborne_blocks:o_c618;True;/tp @s -523 230 -371;facing=north,lit=true,variant=canonical,visual=base;
02925;bloodborne_blocks:o_c654_a;True;/tp @s -511 230 -371;facing=north,variant=surface,visual=base;
02926;bloodborne_blocks:o_c654_b;True;/tp @s -499 230 -371;facing=north,visual=base;
02927;bloodborne_blocks:o_candles_0;True;/tp @s -487 230 -371;facing=north,lit=false,visual=base;
02928;bloodborne_blocks:o_carved_balustrade;True;/tp @s -474 230 -371;east=false,facing=north,north=false,south=false,visual=base,west=false;
02929;bloodborne_blocks:o_cases_0;True;/tp @s -462 230 -371;facing=north,visual=base;
02930;bloodborne_blocks:o_dark_oak_door;True;/tp @s -446 230 -371;facing=north,open=false,visual=base;
07107;bloodborne_blocks:o_dry_bush;True;/tp @s -431 230 -371;facing=north,visual=base;
02931;bloodborne_blocks:o_high_balustrade;True;/tp @s -417 230 -371;east=false,facing=north,north=false,root_anchor=canonical,south=false,visual=base,west=false;
02932;bloodborne_blocks:o_iron_gate;True;/tp @s -405 230 -371;facing=north,open=false,visual=base;
02933;bloodborne_blocks:o_ladder_01;True;/tp @s -391 230 -371;facing=north,visual=base;
02934;bloodborne_blocks:o_ladder_03;True;/tp @s -379 230 -371;facing=north,visual=base;
02935;bloodborne_blocks:o_lantern;True;/tp @s -367 230 -371;facing=north,lit=true,visual=base;
02936;bloodborne_blocks:o_lanterns;True;/tp @s -355 230 -371;facing=north,lit=false,visual=base;
02937;bloodborne_blocks:o_lightning_rod;True;/tp @s -343 230 -371;face=floor,facing=north,lit=false,visual=base;
02938;bloodborne_blocks:o_oak_wood;True;/tp @s -331 230 -371;face=floor,facing=north,lit=false,visual=base;
02939;bloodborne_blocks:o_ornate_balustrade;True;/tp @s -319 230 -371;east=false,facing=north,north=false,south=false,visual=base,west=false;
02940;bloodborne_blocks:o_shuttered_window;True;/tp @s -307 230 -371;facing=north,open=false,visual=base;
02941;bloodborne_blocks:o_stepped_balustrade;True;/tp @s -294 230 -371;east=false,facing=north,north=false,south=false,visual=base,west=false;
02942;bloodborne_blocks:o_stone_curb;True;/tp @s -282 230 -371;east=false,facing=north,north=false,south=false,visual=base,west=false;
02943;bloodborne_blocks:o_stone_railing;True;/tp @s -270 230 -371;east=false,facing=north,north=false,south=false,up=false,visual=base,west=false;
02944;bloodborne_blocks:o_wall_deco_1;True;/tp @s -258 230 -371;facing=north,visual=base;
02945;bloodborne_blocks:o_wall_lantern;True;/tp @s -244 230 -371;facing=north,lit=false,visual=base;
02946;bloodborne_blocks:oak_wood;True;/tp @s -226 230 -371;assembled=false,axis=y;
02947;bloodborne_blocks:orange_glazed_terracotta;True;/tp @s -213 230 -371;assembled=false,facing=north;
02948;bloodborne_blocks:orange_wool;True;/tp @s -199 230 -371;assembled=false,facing=north;
03833;bloodborne_blocks:owner_final_01;True;/tp @s -187 230 -371;facing=north,root_anchor=canonical;
03834;bloodborne_blocks:owner_final_02;True;/tp @s -175 230 -371;facing=north,root_anchor=canonical;
03835;bloodborne_blocks:owner_final_03;True;/tp @s -163 230 -371;facing=north,root_anchor=canonical;
03836;bloodborne_blocks:owner_final_03_bracket;True;/tp @s -695 230 -358;facing=north,root_anchor=canonical;
03837;bloodborne_blocks:owner_final_04;True;/tp @s -683 230 -358;facing=north,root_anchor=canonical;
03838;bloodborne_blocks:owner_final_05;True;/tp @s -671 230 -358;facing=north,open=false,root_anchor=canonical;
03839;bloodborne_blocks:owner_final_06;True;/tp @s -659 230 -358;facing=north,root_anchor=canonical;
03840;bloodborne_blocks:owner_final_07;True;/tp @s -647 230 -358;facing=north,root_anchor=canonical;
03841;bloodborne_blocks:owner_final_07_cap;True;/tp @s -633 230 -358;facing=north,root_anchor=canonical;
03842;bloodborne_blocks:owner_final_08;True;/tp @s -621 230 -358;facing=north,root_anchor=canonical;
03843;bloodborne_blocks:owner_final_09;True;/tp @s -609 230 -358;facing=north,root_anchor=canonical;
03844;bloodborne_blocks:owner_final_10;True;/tp @s -597 230 -358;facing=north,root_anchor=canonical;
03845;bloodborne_blocks:owner_final_11;True;/tp @s -585 230 -358;face=wall,facing=north,root_anchor=canonical;
03846;bloodborne_blocks:owner_final_12;True;/tp @s -573 230 -358;facing=north,root_anchor=canonical;
03847;bloodborne_blocks:owner_final_13;True;/tp @s -560 230 -358;facing=north,open=false,root_anchor=canonical;
03848;bloodborne_blocks:owner_final_14;True;/tp @s -548 230 -358;facing=north,root_anchor=canonical;
03849;bloodborne_blocks:owner_final_15;True;/tp @s -536 230 -358;face=wall,facing=north,root_anchor=canonical;
03850;bloodborne_blocks:owner_final_16;True;/tp @s -523 230 -358;facing=north,root_anchor=canonical;
03851;bloodborne_blocks:owner_final_17;True;/tp @s -511 230 -358;facing=north,root_anchor=canonical;
03852;bloodborne_blocks:owner_final_18;True;/tp @s -499 230 -358;facing=north,root_anchor=canonical;
03853;bloodborne_blocks:owner_final_19;True;/tp @s -487 230 -358;facing=north,root_anchor=canonical;
03854;bloodborne_blocks:owner_final_20;True;/tp @s -474 230 -358;facing=north,root_anchor=canonical;
03855;bloodborne_blocks:owner_final_21;True;/tp @s -462 230 -358;facing=north,root_anchor=canonical;
07705;bloodborne_blocks:owner_unified_00013b135c853e23b068;True;/tp @s -446 230 -358;facing=north,root_anchor=canonical,variant=0;minecraft:glass_pane[east=false,north=false,south=false,waterlogged=false,west=false]
07706;bloodborne_blocks:owner_unified_000a0bd588efc0110048;True;/tp @s -431 230 -358;facing=north,root_anchor=canonical,variant=0;minecraft:brick_stairs[facing=north,half=bottom,shape=inner_left,waterlogged=false] | minecraft:brick_stairs[facing=west,half=bottom,shape=inner_right,waterlogged=false]
07707;bloodborne_blocks:owner_unified_000f2131614ff95781f6;True;/tp @s -417 230 -358;facing=north,root_anchor=canonical,variant=0;minecraft:iron_bars[east=false,north=false,south=false,waterlogged=false,west=true]
07708;bloodborne_blocks:owner_unified_0010b777a110dd087ab1;True;/tp @s -405 230 -358;facing=north,root_anchor=canonical,variant=0;minecraft:spruce_planks
07709;bloodborne_blocks:owner_unified_002090f54b7d140103e1;True;/tp @s -391 230 -358;facing=north,root_anchor=canonical,variant=0;minecraft:gray_stained_glass_pane[east=false,north=true,south=true,waterlogged=false,west=true]
07710;bloodborne_blocks:owner_unified_00220f45a50dee84dcc5;True;/tp @s -379 230 -358;facing=north,root_anchor=canonical,variant=0;minecraft:stone_brick_wall[east=low,north=none,south=none,up=true,waterlogged=false,west=tall]
07711;bloodborne_blocks:owner_unified_002f2c71021169f3cbd7;True;/tp @s -367 230 -358;facing=north,root_anchor=canonical,variant=0;minecraft:prismarine_slab[type=bottom,waterlogged=false]
07712;bloodborne_blocks:owner_unified_003137afb8e517bf47b6;True;/tp @s -355 230 -358;facing=north,root_anchor=canonical,variant=0;minecraft:brick_wall[east=none,north=none,south=low,up=true,waterlogged=false,west=tall]
07713;bloodborne_blocks:owner_unified_0038decf9c812e673046;True;/tp @s -343 230 -358;facing=north,root_anchor=canonical,variant=0;minecraft:sandstone_wall[east=low,north=tall,south=none,up=true,waterlogged=false,west=none] | minecraft:sandstone_wall[east=tall,north=low,south=none,up=true,waterlogged=false,west=none] | minecraft:sandstone_wall[east=tall,north=tall,south=none,up=true,waterlogged=false,west=none]
07714;bloodborne_blocks:owner_unified_00398e4b617147af4314;True;/tp @s -331 230 -358;facing=north,root_anchor=canonical,variant=0;minecraft:cobblestone_wall[east=low,north=low,south=none,up=true,waterlogged=false,west=none]
07715;bloodborne_blocks:owner_unified_0042d324f95b131f9d3c;True;/tp @s -319 230 -358;facing=north,root_anchor=canonical,variant=0;minecraft:deepslate_brick_wall[east=none,north=tall,south=none,up=true,waterlogged=false,west=tall]
07716;bloodborne_blocks:owner_unified_004b582b528a0bc1e505;True;/tp @s -307 230 -358;facing=north,root_anchor=canonical,variant=0;minecraft:granite_wall[east=low,north=low,south=low,up=false,waterlogged=false,west=low]
07717;bloodborne_blocks:owner_unified_0054599ed03af4096bc6;True;/tp @s -294 230 -358;facing=north,root_anchor=canonical,variant=0;minecraft:coal_ore
07718;bloodborne_blocks:owner_unified_00662e186a9d0571b6c2;True;/tp @s -282 230 -358;facing=north,root_anchor=canonical,variant=0;minecraft:end_stone_brick_wall[east=tall,north=none,south=none,up=true,waterlogged=false,west=none]
07719;bloodborne_blocks:owner_unified_00665743099c91764029;True;/tp @s -270 230 -358;facing=north,root_anchor=canonical,variant=0;minecraft:deepslate_brick_stairs[facing=north,half=bottom,shape=straight,waterlogged=false]
07720;bloodborne_blocks:owner_unified_0068195f951e4ab7a7e8;True;/tp @s -258 230 -358;facing=north,root_anchor=canonical,variant=0;minecraft:granite_stairs[facing=east,half=bottom,shape=outer_right,waterlogged=false] | minecraft:granite_stairs[facing=south,half=bottom,shape=outer_left,waterlogged=false]
07721;bloodborne_blocks:owner_unified_00741ca1e7f0d89682fc;True;/tp @s -244 230 -358;facing=north,root_anchor=canonical,variant=0;minecraft:jungle_fence[east=false,north=false,south=false,waterlogged=false,west=false] | minecraft:jungle_fence[east=false,north=true,south=false,waterlogged=false,west=false]
07722;bloodborne_blocks:owner_unified_00763fa496f8fa1b70f6;True;/tp @s -226 230 -358;facing=north,root_anchor=canonical,variant=0;minecraft:iron_bars[east=true,north=false,south=false,waterlogged=false,west=true]
07723;bloodborne_blocks:owner_unified_00820bd94945e23e8bf3;True;/tp @s -213 230 -358;facing=north,root_anchor=canonical,variant=0;minecraft:brown_stained_glass_pane[east=false,north=true,south=true,waterlogged=false,west=false]
07724;bloodborne_blocks:owner_unified_008eadfd67436c49a9b0;True;/tp @s -199 230 -358;facing=north,root_anchor=canonical,variant=0;minecraft:stone_brick_stairs[facing=west,half=top,shape=straight,waterlogged=false]
07725;bloodborne_blocks:owner_unified_009e58b1404179c06025;True;/tp @s -187 230 -358;facing=north,root_anchor=canonical,variant=0;minecraft:polished_blackstone_brick_stairs[facing=south,half=bottom,shape=straight,waterlogged=false] | minecraft:polished_blackstone_brick_stairs[facing=west,half=bottom,shape=straight,waterlogged=false]
07726;bloodborne_blocks:owner_unified_00a04af5425e3e824d30;True;/tp @s -175 230 -358;facing=north,root_anchor=canonical,variant=0;minecraft:cobblestone_wall[east=tall,north=tall,south=low,up=true,waterlogged=false,west=low]
07727;bloodborne_blocks:owner_unified_00b96e9562674fea00fb;True;/tp @s -163 230 -358;facing=north,root_anchor=canonical,variant=0;minecraft:polished_andesite_stairs[facing=east,half=bottom,shape=inner_left,waterlogged=false] | minecraft:polished_andesite_stairs[facing=north,half=bottom,shape=inner_right,waterlogged=false]
07728;bloodborne_blocks:owner_unified_00c152a1b85816a114d0;True;/tp @s -695 230 -345;facing=north,root_anchor=canonical,variant=0;minecraft:brick_wall[east=low,north=tall,south=none,up=true,waterlogged=false,west=tall]
07729;bloodborne_blocks:owner_unified_00c2a821052f68ab1480;True;/tp @s -683 230 -345;facing=north,root_anchor=canonical,variant=0;minecraft:mossy_cobblestone_stairs[facing=east,half=bottom,shape=inner_right,waterlogged=false]
07730;bloodborne_blocks:owner_unified_00d0a1fd154246e031a2;True;/tp @s -671 230 -345;facing=north,root_anchor=canonical,variant=0;minecraft:granite_wall[east=tall,north=tall,south=tall,up=true,waterlogged=false,west=tall]
07731;bloodborne_blocks:owner_unified_00ea921ab3160004b654;True;/tp @s -659 230 -345;facing=north,root_anchor=canonical,variant=0;minecraft:granite_stairs[facing=north,half=bottom,shape=straight,waterlogged=false]
07732;bloodborne_blocks:owner_unified_0101e1e7cd2043192f57;True;/tp @s -647 230 -345;facing=north,root_anchor=canonical,variant=0;minecraft:mossy_cobblestone_wall[east=tall,north=tall,south=none,up=true,waterlogged=false,west=none]
07733;bloodborne_blocks:owner_unified_010a134f96992dc7d95d;True;/tp @s -633 230 -345;facing=north,root_anchor=canonical,variant=0;minecraft:stone_brick_wall[east=low,north=low,south=none,up=true,waterlogged=false,west=tall]
07734;bloodborne_blocks:owner_unified_010bf9b46c002a289acd;True;/tp @s -621 230 -345;facing=north,root_anchor=canonical,variant=0;minecraft:brick_wall[east=none,north=low,south=none,up=true,waterlogged=false,west=low]
07735;bloodborne_blocks:owner_unified_010edadc50cb485d8dd9;True;/tp @s -609 230 -345;facing=north,root_anchor=canonical,variant=0;minecraft:deepslate_brick_wall[east=tall,north=none,south=tall,up=true,waterlogged=false,west=none]
07736;bloodborne_blocks:owner_unified_011ac834a1694fd5eb91;True;/tp @s -597 230 -345;facing=north,root_anchor=canonical,variant=0;minecraft:glass_pane[east=false,north=false,south=true,waterlogged=false,west=true]
07737;bloodborne_blocks:owner_unified_011f2e03a61a73ad6deb;True;/tp @s -585 230 -345;facing=north,root_anchor=canonical,variant=0;minecraft:cobbled_deepslate_wall[east=low,north=low,south=none,up=true,waterlogged=false,west=low]
07738;bloodborne_blocks:owner_unified_012c8088b46363896b88;True;/tp @s -573 230 -345;facing=north,root_anchor=canonical,variant=0;minecraft:white_stained_glass_pane[east=false,north=false,south=true,waterlogged=false,west=false]
07739;bloodborne_blocks:owner_unified_01422b7d767906f1923f;True;/tp @s -560 230 -345;facing=north,root_anchor=canonical,variant=0;minecraft:gray_stained_glass_pane[east=true,north=false,south=false,waterlogged=false,west=false]
07740;bloodborne_blocks:owner_unified_014a91671452bed0fc39;True;/tp @s -548 230 -345;facing=north,root_anchor=canonical,variant=0;minecraft:stone_slab[type=bottom,waterlogged=false]
07741;bloodborne_blocks:owner_unified_015da3c99ff6ababc699;True;/tp @s -536 230 -345;facing=north,root_anchor=canonical,variant=0;minecraft:light_gray_stained_glass_pane[east=false,north=false,south=true,waterlogged=false,west=false]
07742;bloodborne_blocks:owner_unified_01643218bf57a861c23e;True;/tp @s -523 230 -345;facing=north,root_anchor=canonical,variant=0;minecraft:prismarine_wall[east=tall,north=tall,south=tall,up=true,waterlogged=false,west=none]
07743;bloodborne_blocks:owner_unified_0166af746e0146e639ca;True;/tp @s -511 230 -345;facing=north,root_anchor=canonical,variant=0;minecraft:brick_wall[east=tall,north=none,south=low,up=false,waterlogged=false,west=tall]
07744;bloodborne_blocks:owner_unified_0172bc50f7ab60c3ce9f;True;/tp @s -499 230 -345;facing=north,root_anchor=canonical,variant=0;minecraft:brick_wall[east=low,north=low,south=tall,up=true,waterlogged=false,west=low]
07745;bloodborne_blocks:owner_unified_01734d677f9e098368b2;True;/tp @s -487 230 -345;facing=north,root_anchor=canonical,variant=0;minecraft:deepslate_brick_wall[east=low,north=tall,south=low,up=true,waterlogged=false,west=tall]
07746;bloodborne_blocks:owner_unified_0174c0ea1063af2c851b;True;/tp @s -474 230 -345;facing=north,root_anchor=canonical,variant=0;minecraft:cobblestone_wall[east=low,north=none,south=none,up=false,waterlogged=false,west=low]
07747;bloodborne_blocks:owner_unified_0179db47f9d6901f1e6e;True;/tp @s -462 230 -345;facing=north,root_anchor=canonical,variant=0;minecraft:crimson_stem[axis=x] | minecraft:crimson_stem[axis=z]
07748;bloodborne_blocks:owner_unified_018b884a82432c695c9e;True;/tp @s -446 230 -345;facing=north,root_anchor=canonical,variant=0;minecraft:prismarine_stairs[facing=east,half=top,shape=inner_left,waterlogged=false] | minecraft:prismarine_stairs[facing=north,half=top,shape=inner_right,waterlogged=false]
07749;bloodborne_blocks:owner_unified_0191c4d41c9306e9de4f;True;/tp @s -431 230 -345;facing=north,root_anchor=canonical,variant=0;minecraft:prismarine_stairs[facing=east,half=bottom,shape=outer_left,waterlogged=false] | minecraft:prismarine_stairs[facing=north,half=bottom,shape=outer_right,waterlogged=false]
07750;bloodborne_blocks:owner_unified_01ae16b295497e0247ff;True;/tp @s -417 230 -345;facing=north,root_anchor=canonical,variant=0;minecraft:cobbled_deepslate_wall[east=tall,north=tall,south=none,up=true,waterlogged=false,west=low]
07751;bloodborne_blocks:owner_unified_01ca5a528a99a136fc91;True;/tp @s -405 230 -345;facing=north,root_anchor=canonical,variant=0;minecraft:brick_wall[east=none,north=none,south=none,up=true,waterlogged=false,west=tall]
07752;bloodborne_blocks:owner_unified_01d6760e1b3b5e304c46;True;/tp @s -391 230 -345;facing=north,root_anchor=canonical,variant=0;minecraft:granite_wall[east=tall,north=tall,south=low,up=true,waterlogged=false,west=none]
07753;bloodborne_blocks:owner_unified_01e139744324b7402c7e;True;/tp @s -379 230 -345;facing=north,root_anchor=canonical,variant=0;minecraft:mossy_cobblestone_wall[east=tall,north=low,south=low,up=true,waterlogged=false,west=none]
07754;bloodborne_blocks:owner_unified_01e1d3d4065ba9428cb9;True;/tp @s -367 230 -345;facing=north,root_anchor=canonical,variant=0;minecraft:stone_brick_stairs[facing=north,half=bottom,shape=straight,waterlogged=false]
07755;bloodborne_blocks:owner_unified_01e4880515b62b58ba20;True;/tp @s -355 230 -345;facing=north,root_anchor=canonical,variant=0;minecraft:cobblestone_wall[east=low,north=none,south=low,up=true,waterlogged=false,west=low]
07756;bloodborne_blocks:owner_unified_01e495d3f0f6b1ecc5fb;True;/tp @s -343 230 -345;facing=north,root_anchor=canonical,variant=0;minecraft:end_stone_brick_wall[east=low,north=low,south=low,up=false,waterlogged=false,west=low]
07757;bloodborne_blocks:owner_unified_022a75447704d6e7529b;True;/tp @s -331 230 -345;facing=north,root_anchor=canonical,variant=0;minecraft:stone_brick_wall[east=low,north=tall,south=none,up=true,waterlogged=false,west=none]
07758;bloodborne_blocks:owner_unified_02353a8d6808bec576e6;True;/tp @s -319 230 -345;facing=north,root_anchor=canonical,variant=0;minecraft:glass_pane[east=true,north=true,south=false,waterlogged=false,west=true]
07759;bloodborne_blocks:owner_unified_0242ae3c5af30a3be4d3;True;/tp @s -307 230 -345;facing=north,root_anchor=canonical,variant=0;minecraft:cracked_deepslate_tiles
07760;bloodborne_blocks:owner_unified_0254a8c0569dfc61ac9f;True;/tp @s -294 230 -345;facing=north,root_anchor=canonical,variant=0;minecraft:cobblestone_stairs[facing=east,half=top,shape=straight,waterlogged=false]
07761;bloodborne_blocks:owner_unified_02711eaf0f5ee838eb0a;True;/tp @s -282 230 -345;facing=north,root_anchor=canonical,variant=0;minecraft:crimson_fence[east=false,north=false,south=false,waterlogged=false,west=false] | minecraft:crimson_fence[east=false,north=false,south=false,waterlogged=false,west=true] | minecraft:crimson_fence[east=false,north=false,south=true,waterlogged=false,west=false] | minecraft:crimson_fence[east=false,north=false,south=true,waterlogged=false,west=true] | minecraft:crimson_fence[east=false,north=true,south=false,waterlogged=false,west=false] | minecraft:crimson_fence[east=false,north=true,south=false,waterlogged=false,west=true] | minecraft:crimson_fence[east=false,north=true,south=true,waterlogged=false,west=false] | minecraft:crimson_fence[east=false,north=true,south=true,waterlogged=false,west=true] | minecraft:crimson_fence[east=true,north=false,south=false,waterlogged=false,west=false] | minecraft:crimson_fence[east=true,north=false,south=false,waterlogged=false,west=true] | minecraft:crimson_fence[east=true,north=false,south=true,waterlogged=false,west=false] | minecraft:crimson_fence[east=true,north=false,south=true,waterlogged=false,west=true] | minecraft:crimson_fence[east=true,north=true,south=false,waterlogged=false,west=false] | minecraft:crimson_fence[east=true,north=true,south=false,waterlogged=false,west=true] | minecraft:crimson_fence[east=true,north=true,south=true,waterlogged=false,west=false]
07762;bloodborne_blocks:owner_unified_028d7e66721e6c4661b0;True;/tp @s -270 230 -345;facing=north,root_anchor=canonical,variant=0;minecraft:orange_stained_glass_pane[east=false,north=false,south=false,waterlogged=false,west=true]
07763;bloodborne_blocks:owner_unified_028dead2e72494c5317c;True;/tp @s -258 230 -345;facing=north,root_anchor=canonical,variant=0;minecraft:cobblestone_stairs[facing=north,half=bottom,shape=inner_left,waterlogged=false] | minecraft:cobblestone_stairs[facing=west,half=bottom,shape=inner_right,waterlogged=false]
07764;bloodborne_blocks:owner_unified_028e7195ad3db2f8565c;True;/tp @s -244 230 -345;facing=north,root_anchor=canonical,variant=0;minecraft:black_terracotta
07765;bloodborne_blocks:owner_unified_029662f11188c53000e3;True;/tp @s -226 230 -345;facing=north,root_anchor=canonical,variant=0;minecraft:red_nether_brick_wall[east=none,north=none,south=tall,up=true,waterlogged=false,west=tall]
07766;bloodborne_blocks:owner_unified_029d5b1c29ea9ee4d5e6;True;/tp @s -213 230 -345;facing=north,root_anchor=canonical,variant=0;minecraft:prismarine_wall[east=tall,north=low,south=low,up=true,waterlogged=false,west=none]
07767;bloodborne_blocks:owner_unified_029f0458a9c01278f3d5;True;/tp @s -199 230 -345;facing=north,root_anchor=canonical,variant=0;minecraft:orange_stained_glass_pane[east=true,north=false,south=true,waterlogged=false,west=true]
07768;bloodborne_blocks:owner_unified_02b36fb77bad9531f02c;True;/tp @s -187 230 -345;facing=north,root_anchor=canonical,variant=0;minecraft:mossy_cobblestone_stairs[facing=east,half=bottom,shape=outer_left,waterlogged=false] | minecraft:mossy_cobblestone_stairs[facing=north,half=bottom,shape=outer_right,waterlogged=false]
07769;bloodborne_blocks:owner_unified_02d3f189fcf3365967fa;True;/tp @s -175 230 -345;facing=north,root_anchor=canonical,variant=0;minecraft:stone_brick_wall[east=none,north=low,south=low,up=true,waterlogged=false,west=tall]
07770;bloodborne_blocks:owner_unified_02d52a0acd623bbcb55b;True;/tp @s -163 230 -345;facing=north,root_anchor=canonical,variant=0;minecraft:cobblestone_slab[type=top,waterlogged=false]
07771;bloodborne_blocks:owner_unified_02f19d4d8c70cac58b68;True;/tp @s -695 230 -333;facing=north,root_anchor=canonical,variant=0;minecraft:end_stone_brick_wall[east=tall,north=tall,south=tall,up=true,waterlogged=false,west=none]
07772;bloodborne_blocks:owner_unified_02f43580110731cf728e;True;/tp @s -683 230 -333;facing=north,root_anchor=canonical,variant=0;minecraft:deepslate[axis=z]
07773;bloodborne_blocks:owner_unified_030048a936f8ce1fd814;True;/tp @s -671 230 -333;facing=north,root_anchor=canonical,variant=0;minecraft:mangrove_trapdoor[facing=south,half=top,open=true,powered=false,waterlogged=false]
07774;bloodborne_blocks:owner_unified_030bdff1c9ab71cf7528;True;/tp @s -659 230 -333;facing=north,root_anchor=canonical,variant=0;minecraft:mossy_stone_brick_stairs[facing=north,half=bottom,shape=straight,waterlogged=false]
07775;bloodborne_blocks:owner_unified_0313b5443a47ec1f795e;True;/tp @s -647 230 -333;facing=north,root_anchor=canonical,variant=0;minecraft:dark_oak_trapdoor[facing=east,half=top,open=true,powered=false,waterlogged=false] | minecraft:dark_oak_trapdoor[facing=north,half=bottom,open=true,powered=false,waterlogged=false] | minecraft:dark_oak_trapdoor[facing=north,half=bottom,open=true,powered=true,waterlogged=false]
07776;bloodborne_blocks:owner_unified_033139a4614125e8b879;True;/tp @s -633 230 -333;facing=north,root_anchor=canonical,variant=0;minecraft:gray_stained_glass_pane[east=true,north=true,south=false,waterlogged=false,west=false]
07777;bloodborne_blocks:owner_unified_0353ead67860bf49dca9;True;/tp @s -621 230 -333;facing=north,root_anchor=canonical,variant=0;minecraft:cracked_polished_blackstone_bricks
07778;bloodborne_blocks:owner_unified_03588dc9fc1833574ab2;True;/tp @s -609 230 -333;facing=north,root_anchor=canonical,variant=0;minecraft:green_stained_glass_pane[east=false,north=true,south=true,waterlogged=false,west=false]
07779;bloodborne_blocks:owner_unified_036688425e1fc797c422;True;/tp @s -597 230 -333;facing=north,root_anchor=canonical,variant=0;minecraft:polished_deepslate_stairs[facing=east,half=top,shape=straight,waterlogged=false]
07780;bloodborne_blocks:owner_unified_036898dbda86d7457e6c;True;/tp @s -585 230 -333;facing=north,root_anchor=canonical,variant=0;minecraft:cobbled_deepslate_wall[east=tall,north=tall,south=none,up=true,waterlogged=false,west=tall]
07781;bloodborne_blocks:owner_unified_0370f790074bd4545882;True;/tp @s -573 230 -333;facing=north,root_anchor=canonical,variant=0;minecraft:end_stone_brick_wall[east=low,north=tall,south=low,up=true,waterlogged=false,west=tall]
07782;bloodborne_blocks:owner_unified_03765f63adeff04d95dd;True;/tp @s -560 230 -333;facing=north,root_anchor=canonical,variant=0;minecraft:mossy_cobblestone_wall[east=none,north=low,south=tall,up=true,waterlogged=false,west=none]
07783;bloodborne_blocks:owner_unified_0386e68e545fa872b701;True;/tp @s -548 230 -333;facing=north,root_anchor=canonical,variant=0;minecraft:brick_wall[east=low,north=none,south=low,up=true,waterlogged=false,west=low]
07784;bloodborne_blocks:owner_unified_0386e6ebe8b491c840c0;True;/tp @s -536 230 -333;facing=north,root_anchor=canonical,variant=0;minecraft:red_sandstone_stairs[facing=west,half=top,shape=straight,waterlogged=false]
07785;bloodborne_blocks:owner_unified_038a00fe55e09934fbdc;True;/tp @s -523 230 -333;facing=north,root_anchor=canonical,variant=0;minecraft:stone_brick_wall[east=low,north=tall,south=low,up=true,waterlogged=false,west=tall]
07786;bloodborne_blocks:owner_unified_0399f03e36b4f39826d2;True;/tp @s -511 230 -333;facing=north,root_anchor=canonical,variant=0;minecraft:red_nether_brick_stairs[facing=south,half=bottom,shape=straight,waterlogged=false] | minecraft:red_nether_brick_stairs[facing=west,half=bottom,shape=straight,waterlogged=false]
07787;bloodborne_blocks:owner_unified_03becc83c08c01dea4c9;True;/tp @s -499 230 -333;facing=north,root_anchor=canonical,variant=0;minecraft:light_gray_stained_glass_pane[east=false,north=false,south=true,waterlogged=false,west=true]
07788;bloodborne_blocks:owner_unified_03cd9597ba57ee05b02b;True;/tp @s -487 230 -333;facing=north,root_anchor=canonical,variant=0;minecraft:polished_deepslate_stairs[facing=north,half=top,shape=straight,waterlogged=false]
07789;bloodborne_blocks:owner_unified_03d44213905373bb751a;True;/tp @s -474 230 -333;facing=north,root_anchor=canonical,variant=0;minecraft:birch_trapdoor[facing=north,half=bottom,open=true,powered=false,waterlogged=false] | minecraft:birch_trapdoor[facing=north,half=top,open=false,powered=false,waterlogged=false] | minecraft:birch_trapdoor[facing=south,half=top,open=false,powered=false,waterlogged=false] | minecraft:birch_trapdoor[facing=west,half=bottom,open=true,powered=false,waterlogged=false]
07790;bloodborne_blocks:owner_unified_03d99f1e322bff970e2d;True;/tp @s -462 230 -333;facing=north,root_anchor=canonical,variant=0;minecraft:deepslate_brick_wall[east=none,north=none,south=low,up=true,waterlogged=false,west=none]
07791;bloodborne_blocks:owner_unified_03e00e235686dfa35acb;True;/tp @s -446 230 -333;facing=north,root_anchor=canonical,variant=0;minecraft:cobblestone_stairs[facing=east,half=top,shape=outer_left,waterlogged=false] | minecraft:cobblestone_stairs[facing=north,half=top,shape=outer_right,waterlogged=false]
07792;bloodborne_blocks:owner_unified_03ed74b65b10f2c7e84b;True;/tp @s -431 230 -333;facing=north,root_anchor=canonical,variant=0;minecraft:granite_wall[east=tall,north=low,south=none,up=true,waterlogged=false,west=none]
07793;bloodborne_blocks:owner_unified_03fba9db8312dee81c8c;True;/tp @s -417 230 -333;facing=north,root_anchor=canonical,variant=0;minecraft:mossy_cobblestone_wall[east=low,north=none,south=low,up=true,waterlogged=false,west=low]
07794;bloodborne_blocks:owner_unified_03feac593fad15d51431;True;/tp @s -405 230 -333;facing=north,root_anchor=canonical,variant=0;minecraft:brick_wall[east=low,north=none,south=tall,up=true,waterlogged=false,west=none]
07795;bloodborne_blocks:owner_unified_0413164b83c5f2ec2665;True;/tp @s -391 230 -333;facing=north,root_anchor=canonical,variant=0;minecraft:acacia_log[axis=x] | minecraft:acacia_log[axis=z]
07796;bloodborne_blocks:owner_unified_04145d4ec69faaf9f885;True;/tp @s -379 230 -333;facing=north,root_anchor=canonical,variant=0;minecraft:polished_andesite_stairs[facing=south,half=bottom,shape=inner_right,waterlogged=false] | minecraft:polished_andesite_stairs[facing=west,half=bottom,shape=inner_left,waterlogged=false]
07797;bloodborne_blocks:owner_unified_0420ec7503a0f1f93566;True;/tp @s -367 230 -333;facing=north,root_anchor=canonical,variant=0;minecraft:light_blue_stained_glass_pane[east=true,north=false,south=false,waterlogged=false,west=true]
07798;bloodborne_blocks:owner_unified_042be387637797053fcf;True;/tp @s -355 230 -333;facing=north,root_anchor=canonical,variant=0;minecraft:exposed_cut_copper_stairs[facing=north,half=top,shape=inner_left,waterlogged=false]
07799;bloodborne_blocks:owner_unified_042fd1ffb0893426994e;True;/tp @s -343 230 -333;facing=north,root_anchor=canonical,variant=0;minecraft:prismarine_wall[east=none,north=tall,south=tall,up=false,waterlogged=false,west=none]
07800;bloodborne_blocks:owner_unified_04399328657d4809075b;True;/tp @s -331 230 -333;facing=north,root_anchor=canonical,variant=0;minecraft:glass_pane[east=true,north=true,south=true,waterlogged=false,west=false]
07801;bloodborne_blocks:owner_unified_04435c8e3562c97399dc;True;/tp @s -319 230 -333;facing=north,root_anchor=canonical,variant=0;minecraft:red_nether_brick_stairs[facing=east,half=top,shape=straight,waterlogged=false] | minecraft:red_nether_brick_stairs[facing=north,half=top,shape=straight,waterlogged=false]
07802;bloodborne_blocks:owner_unified_04498834fe291adb3821;True;/tp @s -307 230 -333;facing=north,root_anchor=canonical,variant=0;minecraft:cut_copper_stairs[facing=east,half=top,shape=straight,waterlogged=false]
07803;bloodborne_blocks:owner_unified_0476a183611c17935e7d;True;/tp @s -294 230 -333;facing=north,root_anchor=canonical,variant=0;minecraft:stone_brick_wall[east=tall,north=low,south=low,up=true,waterlogged=false,west=low]
07804;bloodborne_blocks:owner_unified_0484f789b067b3bf8175;True;/tp @s -282 230 -333;facing=north,root_anchor=canonical,variant=0;minecraft:cobbled_deepslate_wall[east=none,north=tall,south=none,up=true,waterlogged=false,west=low]
07805;bloodborne_blocks:owner_unified_04874628db26115bf184;True;/tp @s -270 230 -333;facing=north,root_anchor=canonical,variant=0;minecraft:polished_blackstone_button[face=floor,facing=east,powered=false]
07806;bloodborne_blocks:owner_unified_048987c6b6452e875a6b;True;/tp @s -258 230 -333;facing=north,root_anchor=canonical,variant=0;minecraft:sandstone_slab[type=bottom,waterlogged=false]
07807;bloodborne_blocks:owner_unified_048dadbef1cae92134a6;True;/tp @s -244 230 -333;facing=north,root_anchor=canonical,variant=0;minecraft:stone_brick_stairs[facing=south,half=top,shape=outer_right,waterlogged=false] | minecraft:stone_brick_stairs[facing=west,half=top,shape=outer_left,waterlogged=false]
07808;bloodborne_blocks:owner_unified_0498419fc3515bbb1fad;True;/tp @s -226 230 -333;facing=north,root_anchor=canonical,variant=0;minecraft:cobbled_deepslate_wall[east=tall,north=low,south=low,up=true,waterlogged=false,west=none]
07809;bloodborne_blocks:owner_unified_04abe4cebfdeecb4c414;True;/tp @s -213 230 -333;facing=north,root_anchor=canonical,variant=0;minecraft:red_stained_glass_pane[east=false,north=true,south=true,waterlogged=false,west=false]
07810;bloodborne_blocks:owner_unified_04b01910cf8c66650ad2;True;/tp @s -199 230 -333;facing=north,root_anchor=canonical,variant=0;minecraft:oak_trapdoor[facing=south,half=bottom,open=true,powered=false,waterlogged=false] | minecraft:oak_trapdoor[facing=west,half=bottom,open=true,powered=false,waterlogged=false]
07811;bloodborne_blocks:owner_unified_04bfe3ad3cb9161ee541;True;/tp @s -187 230 -333;facing=north,root_anchor=canonical,variant=0;minecraft:quartz_stairs[facing=west,half=top,shape=straight,waterlogged=false]
07812;bloodborne_blocks:owner_unified_04c2179547f5408adc35;True;/tp @s -175 230 -333;facing=north,root_anchor=canonical,variant=0;minecraft:mossy_cobblestone_wall[east=none,north=tall,south=tall,up=true,waterlogged=false,west=tall]
07813;bloodborne_blocks:owner_unified_04c85a381ec3f6e46ba5;True;/tp @s -163 230 -333;facing=north,root_anchor=canonical,variant=0;minecraft:end_stone_brick_wall[east=none,north=none,south=tall,up=true,waterlogged=false,west=tall]
07814;bloodborne_blocks:owner_unified_04c8c719bd88b66d36e0;True;/tp @s -695 230 -321;facing=north,root_anchor=canonical,variant=0;minecraft:brown_terracotta
07815;bloodborne_blocks:owner_unified_04cb4eecd6d93f6f0f86;True;/tp @s -683 230 -321;facing=north,root_anchor=canonical,variant=0;minecraft:blackstone_stairs[facing=east,half=bottom,shape=outer_right,waterlogged=false] | minecraft:blackstone_stairs[facing=south,half=bottom,shape=outer_right,waterlogged=false]
07816;bloodborne_blocks:owner_unified_04dfa36a2f47caa447c6;True;/tp @s -671 230 -321;facing=north,root_anchor=canonical,variant=0;minecraft:granite_wall[east=none,north=tall,south=low,up=true,waterlogged=false,west=tall]
07817;bloodborne_blocks:owner_unified_04e2843db5703745b977;True;/tp @s -659 230 -321;facing=north,root_anchor=canonical,variant=0;minecraft:stone_stairs[facing=north,half=top,shape=outer_left,waterlogged=false] | minecraft:stone_stairs[facing=west,half=top,shape=outer_right,waterlogged=false]
07818;bloodborne_blocks:owner_unified_04e57a5728eb43642b68;True;/tp @s -647 230 -321;facing=north,root_anchor=canonical,variant=0;minecraft:nether_brick_fence[east=true,north=false,south=true,waterlogged=false,west=false]
07819;bloodborne_blocks:owner_unified_04e58edb473e54546283;True;/tp @s -633 230 -321;facing=north,root_anchor=canonical,variant=0;minecraft:stone_stairs[facing=east,half=bottom,shape=outer_left,waterlogged=false] | minecraft:stone_stairs[facing=north,half=bottom,shape=outer_right,waterlogged=false]
07820;bloodborne_blocks:owner_unified_04ec00980c9a48bf6a08;True;/tp @s -621 230 -321;facing=north,root_anchor=canonical,variant=0;minecraft:stone_brick_wall[east=low,north=low,south=tall,up=false,waterlogged=false,west=low]
07821;bloodborne_blocks:owner_unified_04ef7915e8112b747fa6;True;/tp @s -609 230 -321;facing=north,root_anchor=canonical,variant=0;minecraft:purpur_slab[type=top,waterlogged=false]
07822;bloodborne_blocks:owner_unified_04f048a207c2006e4f98;True;/tp @s -597 230 -321;facing=north,root_anchor=canonical,variant=0;minecraft:oxidized_cut_copper_stairs[facing=south,half=bottom,shape=outer_right,waterlogged=false] | minecraft:oxidized_cut_copper_stairs[facing=west,half=bottom,shape=outer_left,waterlogged=false]
07823;bloodborne_blocks:owner_unified_04f4cec05f5d0f85d08a;True;/tp @s -585 230 -321;facing=north,root_anchor=canonical,variant=0;minecraft:birch_stairs[facing=west,half=top,shape=straight,waterlogged=false]
07824;bloodborne_blocks:owner_unified_04f7585fcb8859d45aef;True;/tp @s -573 230 -321;facing=north,root_anchor=canonical,variant=0;minecraft:iron_block
07825;bloodborne_blocks:owner_unified_05043a3dd993f1c25bc9;True;/tp @s -560 230 -321;facing=north,root_anchor=canonical,variant=0;minecraft:polished_blackstone_wall[east=low,north=low,south=low,up=true,waterlogged=false,west=none] | minecraft:polished_blackstone_wall[east=low,north=low,south=none,up=true,waterlogged=false,west=none] | minecraft:polished_blackstone_wall[east=low,north=low,south=none,up=true,waterlogged=false,west=tall] | minecraft:polished_blackstone_wall[east=low,north=low,south=tall,up=true,waterlogged=false,west=none] | minecraft:polished_blackstone_wall[east=low,north=none,south=low,up=true,waterlogged=false,west=low] | minecraft:polished_blackstone_wall[east=low,north=none,south=low,up=true,waterlogged=false,west=none] | minecraft:polished_blackstone_wall[east=low,north=none,south=none,up=true,waterlogged=false,west=none] | minecraft:polished_blackstone_wall[east=low,north=none,south=tall,up=true,waterlogged=false,west=none] | minecraft:polished_blackstone_wall[east=low,north=none,south=tall,up=true,waterlogged=false,west=tall] | minecraft:polished_blackstone_wall[east=low,north=tall,south=low,up=true,waterlogged=false,west=none] | minecraft:polished_blackstone_wall[east=low,north=tall,south=none,up=true,waterlogged=false,west=none] | minecraft:polished_blackstone_wall[east=low,north=tall,south=none,up=true,waterlogged=false,west=tall] | minecraft:polished_blackstone_wall[east=none,north=low,south=low,up=false,waterlogged=false,west=none] | minecraft:polished_blackstone_wall[east=none,north=low,south=low,up=true,waterlogged=false,west=low] | minecraft:polished_blackstone_wall[east=none,north=low,south=low,up=true,waterlogged=false,west=none] | minecraft:polished_blackstone_wall[east=none,north=low,south=none,up=true,waterlogged=false,west=low] | minecraft:polished_blackstone_wall[east=none,north=low,south=none,up=true,waterlogged=false,west=none] | minecraft:polished_blackstone_wall[east=none,north=low,south=tall,up=true,waterlogged=false,west=none] | minecraft:polished_blackstone_wall[east=none,north=none,south=low,up=true,waterlogged=false,west=low] | minecraft:polished_blackstone_wall[east=none,north=none,south=low,up=true,waterlogged=false,west=none] | minecraft:polished_blackstone_wall[east=none,north=none,south=low,up=true,waterlogged=false,west=tall] | minecraft:polished_blackstone_wall[east=none,north=none,south=none,up=true,waterlogged=false,west=low] | minecraft:polished_blackstone_wall[east=none,north=none,south=none,up=true,waterlogged=false,west=none] | minecraft:polished_blackstone_wall[east=none,north=none,south=none,up=true,waterlogged=false,west=tall] | minecraft:polished_blackstone_wall[east=none,north=none,south=tall,up=true,waterlogged=false,west=low] | minecraft:polished_blackstone_wall[east=none,north=none,south=tall,up=true,waterlogged=false,west=none] | minecraft:polished_blackstone_wall[east=none,north=none,south=tall,up=true,waterlogged=false,west=tall] | minecraft:polished_blackstone_wall[east=none,north=tall,south=low,up=true,waterlogged=false,west=none] | minecraft:polished_blackstone_wall[east=none,north=tall,south=none,up=true,waterlogged=false,west=none] | minecraft:polished_blackstone_wall[east=none,north=tall,south=none,up=true,waterlogged=false,west=tall] | minecraft:polished_blackstone_wall[east=none,north=tall,south=tall,up=false,waterlogged=false,west=none] | minecraft:polished_blackstone_wall[east=none,north=tall,south=tall,up=true,waterlogged=false,west=none] | minecraft:polished_blackstone_wall[east=none,north=tall,south=tall,up=true,waterlogged=false,west=tall] | minecraft:polished_blackstone_wall[east=tall,north=low,south=low,up=true,waterlogged=false,west=low] | minecraft:polished_blackstone_wall[east=tall,north=low,south=none,up=true,waterlogged=false,west=low] | minecraft:polished_blackstone_wall[east=tall,north=none,south=low,up=true,waterlogged=false,west=low] | minecraft:polished_blackstone_wall[east=tall,north=none,south=none,up=false,waterlogged=false,west=tall] | minecraft:polished_blackstone_wall[east=tall,north=none,south=none,up=true,waterlogged=false,west=none] | minecraft:polished_blackstone_wall[east=tall,north=none,south=none,up=true,waterlogged=false,west=tall] | minecraft:polished_blackstone_wall[east=tall,north=none,south=tall,up=true,waterlogged=false,west=none] | minecraft:polished_blackstone_wall[east=tall,north=none,south=tall,up=true,waterlogged=false,west=tall] | minecraft:polished_blackstone_wall[east=tall,north=tall,south=none,up=true,waterlogged=false,west=none] | minecraft:polished_blackstone_wall[east=tall,north=tall,south=none,up=true,waterlogged=false,west=tall] | minecraft:polished_blackstone_wall[east=tall,north=tall,south=tall,up=false,waterlogged=false,west=tall] | minecraft:polished_blackstone_wall[east=tall,north=tall,south=tall,up=true,waterlogged=false,west=none]
07826;bloodborne_blocks:owner_unified_050a3fa8ddb40b1e5c49;True;/tp @s -548 230 -321;facing=north,root_anchor=canonical,variant=0;minecraft:deepslate_tile_stairs[facing=east,half=bottom,shape=straight,waterlogged=false]
07827;bloodborne_blocks:owner_unified_0510f5efbf4a45428892;True;/tp @s -536 230 -321;facing=north,root_anchor=canonical,variant=0;minecraft:nether_brick_fence[east=true,north=true,south=true,waterlogged=false,west=false]
07828;bloodborne_blocks:owner_unified_052377d4c3c7f7f5921e;True;/tp @s -523 230 -321;facing=north,root_anchor=canonical,variant=0;minecraft:granite_wall[east=low,north=none,south=none,up=true,waterlogged=false,west=tall]
07829;bloodborne_blocks:owner_unified_05245b99ba10fdb9943d;True;/tp @s -511 230 -321;facing=north,root_anchor=canonical,variant=0;minecraft:sandstone_wall[east=low,north=none,south=tall,up=true,waterlogged=false,west=none] | minecraft:sandstone_wall[east=tall,north=none,south=low,up=true,waterlogged=false,west=none] | minecraft:sandstone_wall[east=tall,north=none,south=tall,up=true,waterlogged=false,west=none]
07830;bloodborne_blocks:owner_unified_05276394d34cd0768618;True;/tp @s -499 230 -321;facing=north,root_anchor=canonical,variant=0;minecraft:brown_stained_glass_pane[east=true,north=false,south=false,waterlogged=false,west=true]
07831;bloodborne_blocks:owner_unified_052a4ced3c846b03994a;True;/tp @s -487 230 -321;facing=north,root_anchor=canonical,variant=0;minecraft:prismarine_wall[east=tall,north=none,south=none,up=false,waterlogged=false,west=low]
07832;bloodborne_blocks:owner_unified_053df2f389ee2d3fe613;True;/tp @s -474 230 -321;facing=north,root_anchor=canonical,variant=0;minecraft:granite_stairs[facing=south,half=top,shape=inner_right,waterlogged=false] | minecraft:granite_stairs[facing=west,half=top,shape=inner_left,waterlogged=false]
07833;bloodborne_blocks:owner_unified_054a083b6100484fb49a;True;/tp @s -462 230 -321;facing=north,root_anchor=canonical,variant=0;minecraft:brick_wall[east=tall,north=low,south=tall,up=true,waterlogged=false,west=none]
07834;bloodborne_blocks:owner_unified_055d21ff829bdf76ccd4;True;/tp @s -446 230 -321;facing=north,root_anchor=canonical,variant=0;minecraft:mossy_cobblestone_wall[east=low,north=tall,south=tall,up=true,waterlogged=false,west=low]
07835;bloodborne_blocks:owner_unified_0561560e035e8aeacea3;True;/tp @s -431 230 -321;facing=north,root_anchor=canonical,variant=0;minecraft:glass_pane[east=true,north=false,south=false,waterlogged=false,west=false]
07836;bloodborne_blocks:owner_unified_05686b1152671ec73035;True;/tp @s -417 230 -321;facing=north,root_anchor=canonical,variant=0;minecraft:brick_wall[east=tall,north=none,south=low,up=true,waterlogged=false,west=tall]
07837;bloodborne_blocks:owner_unified_05699a77dcaf8fd603fb;True;/tp @s -405 230 -321;facing=north,root_anchor=canonical,variant=0;minecraft:cobbled_deepslate_wall[east=tall,north=tall,south=tall,up=false,waterlogged=false,west=tall]
07838;bloodborne_blocks:owner_unified_05720ea0f40f01499d5a;True;/tp @s -391 230 -321;facing=north,root_anchor=canonical,variant=0;minecraft:prismarine_wall[east=none,north=low,south=tall,up=true,waterlogged=false,west=low]
07839;bloodborne_blocks:owner_unified_0573a183d87861c1c42f;True;/tp @s -379 230 -321;facing=north,root_anchor=canonical,variant=0;minecraft:deepslate_brick_wall[east=none,north=tall,south=tall,up=true,waterlogged=false,west=none]
07840;bloodborne_blocks:owner_unified_05791682d65fcedd378e;True;/tp @s -367 230 -321;facing=north,root_anchor=canonical,variant=0;minecraft:cut_sandstone
07841;bloodborne_blocks:owner_unified_057decde08205a717d91;True;/tp @s -355 230 -321;facing=north,root_anchor=canonical,variant=0;minecraft:stone_stairs[facing=west,half=bottom,shape=straight,waterlogged=false]
07842;bloodborne_blocks:owner_unified_0584b39799e002a8dd18;True;/tp @s -343 230 -321;facing=north,root_anchor=canonical,variant=0;minecraft:white_stained_glass_pane[east=false,north=true,south=false,waterlogged=false,west=true]
07843;bloodborne_blocks:owner_unified_05a327c22c805dea7607;True;/tp @s -331 230 -321;facing=north,root_anchor=canonical,variant=0;minecraft:cobblestone_stairs[facing=east,half=bottom,shape=inner_left,waterlogged=false] | minecraft:cobblestone_stairs[facing=north,half=bottom,shape=inner_right,waterlogged=false]
07844;bloodborne_blocks:owner_unified_05a57fa7871bac9f492e;True;/tp @s -319 230 -321;facing=north,root_anchor=canonical,variant=0;minecraft:cobblestone_wall[east=low,north=none,south=none,up=true,waterlogged=false,west=none]
07845;bloodborne_blocks:owner_unified_05b4c5fe3c0ab74337f8;True;/tp @s -307 230 -321;facing=north,root_anchor=canonical,variant=0;minecraft:brick_wall[east=low,north=none,south=none,up=false,waterlogged=false,west=low] | minecraft:brick_wall[east=none,north=low,south=low,up=false,waterlogged=false,west=none]
07846;bloodborne_blocks:owner_unified_05b98037ecf4f8a76495;True;/tp @s -294 230 -321;facing=north,root_anchor=canonical,variant=0;minecraft:cobblestone_wall[east=none,north=low,south=tall,up=true,waterlogged=false,west=tall]
07847;bloodborne_blocks:owner_unified_05bbca59a4aab3325140;True;/tp @s -282 230 -321;facing=north,root_anchor=canonical,variant=0;minecraft:red_stained_glass_pane[east=true,north=true,south=false,waterlogged=false,west=false]
07848;bloodborne_blocks:owner_unified_05d1492a6ce62367f3c1;True;/tp @s -270 230 -321;facing=north,root_anchor=canonical,variant=0;minecraft:end_stone_brick_wall[east=low,north=none,south=tall,up=true,waterlogged=false,west=low]
07849;bloodborne_blocks:owner_unified_05d72d08b244c6336373;True;/tp @s -258 230 -321;facing=north,root_anchor=canonical,variant=0;minecraft:pink_stained_glass_pane[east=false,north=true,south=true,waterlogged=false,west=true]
07850;bloodborne_blocks:owner_unified_05d79f3c4d8e1638e67f;True;/tp @s -244 230 -321;facing=north,root_anchor=canonical,variant=0;minecraft:stone_brick_wall[east=none,north=tall,south=low,up=true,waterlogged=false,west=low]
07851;bloodborne_blocks:owner_unified_05dd2add76ee7ed5334a;True;/tp @s -226 230 -321;facing=north,root_anchor=canonical,variant=0;minecraft:cobbled_deepslate_wall[east=tall,north=tall,south=tall,up=true,waterlogged=false,west=tall]
07852;bloodborne_blocks:owner_unified_05e92e40ac3517f2ca53;True;/tp @s -213 230 -321;facing=north,root_anchor=canonical,variant=0;minecraft:granite_stairs[facing=south,half=bottom,shape=outer_right,waterlogged=false] | minecraft:granite_stairs[facing=west,half=bottom,shape=outer_left,waterlogged=false]
07853;bloodborne_blocks:owner_unified_05ea9f05c6dc428abea7;True;/tp @s -199 230 -321;facing=north,root_anchor=canonical,variant=0;minecraft:polished_blackstone_brick_slab[type=bottom,waterlogged=false]
07854;bloodborne_blocks:owner_unified_05eb2999fa967292f4f3;True;/tp @s -187 230 -321;facing=north,root_anchor=canonical,variant=0;minecraft:granite_wall[east=low,north=none,south=tall,up=true,waterlogged=false,west=none]
07855;bloodborne_blocks:owner_unified_05ec552910ed565dea07;True;/tp @s -175 230 -321;facing=north,root_anchor=canonical,variant=0;minecraft:stone_brick_wall[east=low,north=tall,south=low,up=false,waterlogged=false,west=low]
07856;bloodborne_blocks:owner_unified_05f720c0ce090e949f93;True;/tp @s -163 230 -321;facing=north,root_anchor=canonical,variant=0;minecraft:brown_stained_glass_pane[east=true,north=false,south=true,waterlogged=false,west=false]
07857;bloodborne_blocks:owner_unified_060d6901ec3599c81d1c;True;/tp @s -695 230 -308;facing=north,root_anchor=canonical,variant=0;minecraft:granite_wall[east=tall,north=low,south=none,up=true,waterlogged=false,west=tall]
07858;bloodborne_blocks:owner_unified_06214913921904512c49;True;/tp @s -683 230 -308;facing=north,root_anchor=canonical,variant=0;minecraft:mossy_cobblestone_wall[east=none,north=none,south=low,up=true,waterlogged=false,west=none]
07859;bloodborne_blocks:owner_unified_0626d4cb40cc1b03dc8f;True;/tp @s -671 230 -308;facing=north,root_anchor=canonical,variant=0;minecraft:brick_stairs[facing=south,half=bottom,shape=inner_right,waterlogged=false] | minecraft:brick_stairs[facing=west,half=bottom,shape=inner_left,waterlogged=false]
07860;bloodborne_blocks:owner_unified_063042f9cc8506a79af7;True;/tp @s -659 230 -308;facing=north,root_anchor=canonical,variant=0;minecraft:purple_terracotta
07861;bloodborne_blocks:owner_unified_0635b388458e2271556b;True;/tp @s -647 230 -308;facing=north,root_anchor=canonical,variant=0;minecraft:cobbled_deepslate_wall[east=low,north=low,south=low,up=false,waterlogged=false,west=low]
07862;bloodborne_blocks:owner_unified_06374441292b02b8fc8c;True;/tp @s -633 230 -308;facing=north,root_anchor=canonical,variant=0;minecraft:warped_planks
07863;bloodborne_blocks:owner_unified_063e21a28a4053ad31be;True;/tp @s -621 230 -308;facing=north,root_anchor=canonical,variant=0;minecraft:stone_brick_stairs[facing=east,half=top,shape=outer_left,waterlogged=false] | minecraft:stone_brick_stairs[facing=north,half=top,shape=outer_right,waterlogged=false]
07864;bloodborne_blocks:owner_unified_06441fad4819f17be186;True;/tp @s -609 230 -308;facing=north,root_anchor=canonical,variant=0;minecraft:crimson_stairs[facing=east,half=bottom,shape=straight,waterlogged=false] | minecraft:crimson_stairs[facing=north,half=bottom,shape=straight,waterlogged=false] | minecraft:crimson_stairs[facing=south,half=bottom,shape=straight,waterlogged=false] | minecraft:crimson_stairs[facing=west,half=bottom,shape=straight,waterlogged=false]
07865;bloodborne_blocks:owner_unified_0648a408811ab79d8909;True;/tp @s -597 230 -308;facing=north,root_anchor=canonical,variant=0;minecraft:stone_brick_wall[east=tall,north=tall,south=none,up=false,waterlogged=false,west=tall]
07866;bloodborne_blocks:owner_unified_0664abac224abc38f0d7;True;/tp @s -585 230 -308;facing=north,root_anchor=canonical,variant=0;minecraft:orange_stained_glass_pane[east=false,north=true,south=false,waterlogged=false,west=false]
07867;bloodborne_blocks:owner_unified_0670ef763950e76b2b37;True;/tp @s -573 230 -308;facing=north,root_anchor=canonical,variant=0;minecraft:granite_wall[east=low,north=none,south=none,up=true,waterlogged=false,west=low]
07868;bloodborne_blocks:owner_unified_06718a8c8ef58210a0cf;True;/tp @s -560 230 -308;facing=north,root_anchor=canonical,variant=0;minecraft:cobbled_deepslate_wall[east=low,north=tall,south=low,up=true,waterlogged=false,west=low]
07869;bloodborne_blocks:owner_unified_06a0cb5e7ac98a631c46;True;/tp @s -548 230 -308;facing=north,root_anchor=canonical,variant=0;minecraft:prismarine_wall[east=low,north=tall,south=low,up=true,waterlogged=false,west=none]
07870;bloodborne_blocks:owner_unified_06b1778145aa255b404d;True;/tp @s -536 230 -308;facing=north,root_anchor=canonical,variant=0;minecraft:cut_copper_stairs[facing=east,half=bottom,shape=outer_right,waterlogged=false]
07871;bloodborne_blocks:owner_unified_06b280baf55fafd2d4f7;True;/tp @s -523 230 -308;facing=north,root_anchor=canonical,variant=0;minecraft:cyan_stained_glass_pane[east=false,north=false,south=false,waterlogged=false,west=true]
07872;bloodborne_blocks:owner_unified_06ba29e09c4552d83662;True;/tp @s -511 230 -308;facing=north,root_anchor=canonical,variant=0;minecraft:brick_stairs[facing=east,half=bottom,shape=straight,waterlogged=false] | minecraft:brick_stairs[facing=east,half=bottom,shape=straight,waterlogged=true]
07873;bloodborne_blocks:owner_unified_06c7a440d3dc739b508e;True;/tp @s -499 230 -308;facing=north,root_anchor=canonical,variant=0;minecraft:cut_sandstone_slab[type=top,waterlogged=false]
07874;bloodborne_blocks:owner_unified_06da1775930ec46c2188;True;/tp @s -487 230 -308;facing=north,root_anchor=canonical,variant=0;minecraft:nether_brick_stairs[facing=south,half=bottom,shape=straight,waterlogged=false]
07875;bloodborne_blocks:owner_unified_06e042b2190ce32bd5f1;True;/tp @s -474 230 -308;facing=north,root_anchor=canonical,variant=0;minecraft:brick_slab[type=top,waterlogged=false]
07876;bloodborne_blocks:owner_unified_06e2a5523cf2528a6aec;True;/tp @s -462 230 -308;facing=north,root_anchor=canonical,variant=0;minecraft:prismarine_wall[east=none,north=tall,south=none,up=true,waterlogged=false,west=low]
07877;bloodborne_blocks:owner_unified_06ea8bdeabd99337497a;True;/tp @s -446 230 -308;facing=north,root_anchor=canonical,variant=0;minecraft:brick_wall[east=low,north=tall,south=none,up=true,waterlogged=false,west=low]
07878;bloodborne_blocks:owner_unified_06ec6cb6c6dff656621d;True;/tp @s -431 230 -308;facing=north,root_anchor=canonical,variant=0;minecraft:sandstone_wall[east=none,north=low,south=none,up=true,waterlogged=false,west=tall] | minecraft:sandstone_wall[east=none,north=tall,south=none,up=true,waterlogged=false,west=tall]
07879;bloodborne_blocks:owner_unified_06effbffb9ff426ad2c2;True;/tp @s -417 230 -308;facing=north,root_anchor=canonical,variant=0;minecraft:prismarine_wall[east=tall,north=low,south=tall,up=true,waterlogged=false,west=low]
07880;bloodborne_blocks:owner_unified_0707726282991fffbe1d;True;/tp @s -405 230 -308;facing=north,root_anchor=canonical,variant=0;minecraft:cobbled_deepslate_wall[east=none,north=none,south=none,up=true,waterlogged=false,west=none]
07881;bloodborne_blocks:owner_unified_07127732a8a920cba22f;True;/tp @s -391 230 -308;facing=north,root_anchor=canonical,variant=0;minecraft:spruce_stairs[facing=south,half=top,shape=straight,waterlogged=false]
07882;bloodborne_blocks:owner_unified_071ef6aef488099690bf;True;/tp @s -379 230 -308;facing=north,root_anchor=canonical,variant=0;minecraft:polished_deepslate_stairs[facing=west,half=bottom,shape=straight,waterlogged=false]
07883;bloodborne_blocks:owner_unified_0723377e9a2b928d39d8;True;/tp @s -367 230 -308;facing=north,root_anchor=canonical,variant=0;minecraft:oxidized_cut_copper_stairs[facing=east,half=top,shape=straight,waterlogged=false] | minecraft:oxidized_cut_copper_stairs[facing=north,half=top,shape=straight,waterlogged=false] | minecraft:oxidized_cut_copper_stairs[facing=south,half=top,shape=straight,waterlogged=false] | minecraft:oxidized_cut_copper_stairs[facing=west,half=top,shape=straight,waterlogged=false]
07884;bloodborne_blocks:owner_unified_0735715f72643b4f0e2e;True;/tp @s -355 230 -308;facing=north,root_anchor=canonical,variant=0;minecraft:magenta_stained_glass_pane[east=true,north=false,south=false,waterlogged=false,west=false]
07885;bloodborne_blocks:owner_unified_073c656831fa5b34a03b;True;/tp @s -343 230 -308;facing=north,root_anchor=canonical,variant=0;minecraft:birch_stairs[facing=south,half=bottom,shape=straight,waterlogged=false] | minecraft:birch_stairs[facing=west,half=bottom,shape=straight,waterlogged=false]
07886;bloodborne_blocks:owner_unified_0740f0d48b66355b8066;True;/tp @s -331 230 -308;facing=north,root_anchor=canonical,variant=0;minecraft:nether_brick_fence[east=false,north=true,south=false,waterlogged=false,west=true]
07887;bloodborne_blocks:owner_unified_07462e9e6a7104b5267c;True;/tp @s -319 230 -308;facing=north,root_anchor=canonical,variant=0;minecraft:gray_stained_glass_pane[east=false,north=true,south=true,waterlogged=false,west=false]
07888;bloodborne_blocks:owner_unified_07536d9d231b311a9176;True;/tp @s -307 230 -308;facing=north,root_anchor=canonical,variant=0;minecraft:stone_slab[type=top,waterlogged=false]
07889;bloodborne_blocks:owner_unified_0758ce6a69a66330373a;True;/tp @s -294 230 -308;facing=north,root_anchor=canonical,variant=0;minecraft:prismarine_wall[east=tall,north=tall,south=low,up=true,waterlogged=false,west=low]
07890;bloodborne_blocks:owner_unified_075f5e827cecd8e2617a;True;/tp @s -282 230 -308;facing=north,root_anchor=canonical,variant=0;minecraft:prismarine_wall[east=none,north=none,south=none,up=true,waterlogged=false,west=none]
07891;bloodborne_blocks:owner_unified_076b69b6b61a9e706bee;True;/tp @s -270 230 -308;facing=north,root_anchor=canonical,variant=0;minecraft:cobbled_deepslate_wall[east=low,north=low,south=low,up=true,waterlogged=false,west=low]
07892;bloodborne_blocks:owner_unified_0785deaec2d570bb36a1;True;/tp @s -258 230 -308;facing=north,root_anchor=canonical,variant=0;minecraft:cobbled_deepslate_wall[east=tall,north=low,south=tall,up=true,waterlogged=false,west=low]
07893;bloodborne_blocks:owner_unified_078b87a96549d8147cff;True;/tp @s -244 230 -308;facing=north,root_anchor=canonical,variant=0;minecraft:stone_brick_wall[east=tall,north=none,south=tall,up=true,waterlogged=false,west=tall]
07894;bloodborne_blocks:owner_unified_07a4380b552a8a6ddbf7;True;/tp @s -226 230 -308;facing=north,root_anchor=canonical,variant=0;minecraft:red_nether_brick_stairs[facing=south,half=top,shape=straight,waterlogged=false] | minecraft:red_nether_brick_stairs[facing=west,half=top,shape=straight,waterlogged=false]
07895;bloodborne_blocks:owner_unified_07aaf9eeb1d0c4192900;True;/tp @s -213 230 -308;facing=north,root_anchor=canonical,variant=0;minecraft:brown_stained_glass_pane[east=false,north=true,south=false,waterlogged=false,west=true]
07896;bloodborne_blocks:owner_unified_07adecc04e29c7315147;True;/tp @s -199 230 -308;facing=north,root_anchor=canonical,variant=0;minecraft:andesite_slab[type=top,waterlogged=false]
07897;bloodborne_blocks:owner_unified_07ae0bdc1da2fed66c7b;True;/tp @s -187 230 -308;facing=north,root_anchor=canonical,variant=0;minecraft:brick_wall[east=tall,north=none,south=low,up=true,waterlogged=false,west=none]
07898;bloodborne_blocks:owner_unified_07b395948d41808b9d53;True;/tp @s -175 230 -308;facing=north,root_anchor=canonical,variant=0;minecraft:mossy_stone_brick_wall[east=low,north=none,south=low,up=true,waterlogged=false,west=none] | minecraft:mossy_stone_brick_wall[east=none,north=low,south=none,up=true,waterlogged=false,west=low]
07899;bloodborne_blocks:owner_unified_07b418bfd4cf704da79c;True;/tp @s -163 230 -308;facing=north,root_anchor=canonical,variant=0;minecraft:cobblestone_stairs[facing=north,half=top,shape=outer_left,waterlogged=false] | minecraft:cobblestone_stairs[facing=west,half=top,shape=outer_right,waterlogged=false]
07900;bloodborne_blocks:owner_unified_07b776089d91e9fa0ac4;True;/tp @s -695 230 -296;facing=north,root_anchor=canonical,variant=0;minecraft:sandstone_wall[east=none,north=low,south=low,up=false,waterlogged=false,west=none] | minecraft:sandstone_wall[east=none,north=low,south=low,up=true,waterlogged=false,west=none] | minecraft:sandstone_wall[east=none,north=low,south=tall,up=true,waterlogged=false,west=none] | minecraft:sandstone_wall[east=none,north=tall,south=low,up=true,waterlogged=false,west=none] | minecraft:sandstone_wall[east=none,north=tall,south=tall,up=false,waterlogged=false,west=none] | minecraft:sandstone_wall[east=none,north=tall,south=tall,up=true,waterlogged=false,west=none]
07901;bloodborne_blocks:owner_unified_07c4ef62ef5b0fdbf666;True;/tp @s -683 230 -296;facing=north,root_anchor=canonical,variant=0;minecraft:oak_log[axis=x] | minecraft:oak_log[axis=y] | minecraft:oak_log[axis=z]
07902;bloodborne_blocks:owner_unified_07cc2da63dda4fe00e28;True;/tp @s -671 230 -296;facing=north,root_anchor=canonical,variant=0;minecraft:granite_wall[east=none,north=none,south=none,up=true,waterlogged=false,west=none]
07903;bloodborne_blocks:owner_unified_07dea250c696e38702e8;True;/tp @s -659 230 -296;facing=north,root_anchor=canonical,variant=0;minecraft:light_blue_stained_glass_pane[east=true,north=true,south=false,waterlogged=false,west=true]
07904;bloodborne_blocks:owner_unified_07e964d982656f2a69ce;True;/tp @s -647 230 -296;facing=north,root_anchor=canonical,variant=0;minecraft:granite_wall[east=low,north=low,south=none,up=true,waterlogged=false,west=low]
07905;bloodborne_blocks:owner_unified_08105b8d22773190dbb9;True;/tp @s -633 230 -296;facing=north,root_anchor=canonical,variant=0;minecraft:prismarine_wall[east=tall,north=tall,south=low,up=true,waterlogged=false,west=none]
07906;bloodborne_blocks:owner_unified_08109295eb5e199cded9;True;/tp @s -621 230 -296;facing=north,root_anchor=canonical,variant=0;minecraft:mossy_cobblestone_wall[east=low,north=low,south=low,up=true,waterlogged=false,west=none]
07907;bloodborne_blocks:owner_unified_0820436e3ef943defca7;True;/tp @s -609 230 -296;facing=north,root_anchor=canonical,variant=0;minecraft:mossy_cobblestone_wall[east=none,north=low,south=none,up=true,waterlogged=false,west=none]
07908;bloodborne_blocks:owner_unified_0829dc3d8f3db47a198e;True;/tp @s -597 230 -296;facing=north,root_anchor=canonical,variant=0;minecraft:sandstone_wall[east=low,north=none,south=none,up=false,waterlogged=false,west=none] | minecraft:sandstone_wall[east=low,north=none,south=none,up=true,waterlogged=false,west=none] | minecraft:sandstone_wall[east=tall,north=none,south=none,up=true,waterlogged=false,west=none]
07909;bloodborne_blocks:owner_unified_083cdee4ded376b06571;True;/tp @s -585 230 -296;facing=north,root_anchor=canonical,variant=0;minecraft:prismarine_bricks
07910;bloodborne_blocks:owner_unified_083e7eaa6d64e7f53351;True;/tp @s -573 230 -296;facing=north,root_anchor=canonical,variant=0;minecraft:magenta_glazed_terracotta[facing=east] | minecraft:magenta_glazed_terracotta[facing=north] | minecraft:magenta_glazed_terracotta[facing=south] | minecraft:magenta_glazed_terracotta[facing=west]
07911;bloodborne_blocks:owner_unified_083f48861520cbebb081;True;/tp @s -560 230 -296;facing=north,root_anchor=canonical,variant=0;minecraft:gray_glazed_terracotta[facing=west]
07912;bloodborne_blocks:owner_unified_08509bac689e007f18ac;True;/tp @s -548 230 -296;facing=north,root_anchor=canonical,variant=0;minecraft:deepslate_tile_wall[east=tall,north=none,south=tall,up=true,waterlogged=false,west=none]
07913;bloodborne_blocks:owner_unified_085851ab39ff328a4cb1;True;/tp @s -536 230 -296;facing=north,root_anchor=canonical,variant=0;minecraft:brick_stairs[facing=south,half=bottom,shape=outer_right,waterlogged=false] | minecraft:brick_stairs[facing=west,half=bottom,shape=outer_left,waterlogged=false]
07914;bloodborne_blocks:owner_unified_085d4bcd237ef3b009a3;True;/tp @s -523 230 -296;facing=north,root_anchor=canonical,variant=0;minecraft:stone_brick_wall[east=none,north=tall,south=tall,up=false,waterlogged=false,west=none]
07915;bloodborne_blocks:owner_unified_08634184453b86860603;True;/tp @s -511 230 -296;facing=north,root_anchor=canonical,variant=0;minecraft:magenta_stained_glass_pane[east=false,north=false,south=true,waterlogged=false,west=false]
07916;bloodborne_blocks:owner_unified_087d77fe3a1aac4ce189;True;/tp @s -499 230 -296;facing=north,root_anchor=canonical,variant=0;minecraft:spruce_button[face=floor,facing=east,powered=false] | minecraft:spruce_button[face=floor,facing=north,powered=false] | minecraft:spruce_button[face=floor,facing=south,powered=false] | minecraft:spruce_button[face=floor,facing=west,powered=false]
07917;bloodborne_blocks:owner_unified_087dfda38684b4a5ee62;True;/tp @s -487 230 -296;facing=north,root_anchor=canonical,variant=0;minecraft:prismarine_wall[east=none,north=tall,south=low,up=true,waterlogged=false,west=low]
07918;bloodborne_blocks:owner_unified_087fc0d1c6eb6aeec3b9;True;/tp @s -474 230 -296;facing=north,root_anchor=canonical,variant=0;minecraft:light_gray_stained_glass_pane[east=true,north=false,south=true,waterlogged=false,west=false]
07919;bloodborne_blocks:owner_unified_08858369262fd5440b63;True;/tp @s -462 230 -296;facing=north,root_anchor=canonical,variant=0;minecraft:magenta_wool
07920;bloodborne_blocks:owner_unified_088c24c8ac72903cde57;True;/tp @s -446 230 -296;facing=north,root_anchor=canonical,variant=0;minecraft:deepslate_brick_wall[east=tall,north=none,south=tall,up=true,waterlogged=false,west=tall]
07921;bloodborne_blocks:owner_unified_088ef879ac4dd4c80765;True;/tp @s -431 230 -296;facing=north,root_anchor=canonical,variant=0;minecraft:mossy_cobblestone_wall[east=low,north=low,south=none,up=true,waterlogged=false,west=none]
07922;bloodborne_blocks:owner_unified_08a3d52a72c96125d53f;True;/tp @s -417 230 -296;facing=north,root_anchor=canonical,variant=0;minecraft:sandstone_stairs[facing=east,half=bottom,shape=outer_left,waterlogged=false] | minecraft:sandstone_stairs[facing=east,half=bottom,shape=outer_right,waterlogged=false]
07923;bloodborne_blocks:owner_unified_08affca2ec578803760c;True;/tp @s -405 230 -296;facing=north,root_anchor=canonical,variant=0;minecraft:end_stone_brick_wall[east=tall,north=tall,south=tall,up=true,waterlogged=false,west=low]
07924;bloodborne_blocks:owner_unified_08b6bcc13b795a65ba96;True;/tp @s -391 230 -296;facing=north,root_anchor=canonical,variant=0;minecraft:dark_oak_planks
07925;bloodborne_blocks:owner_unified_08bafbe26525ae3c6586;True;/tp @s -379 230 -296;facing=north,root_anchor=canonical,variant=0;minecraft:stone_brick_wall[east=none,north=tall,south=tall,up=true,waterlogged=false,west=low]
07926;bloodborne_blocks:owner_unified_08c1ec255e3b134f19d8;True;/tp @s -367 230 -296;facing=north,root_anchor=canonical,variant=0;minecraft:diorite_wall[east=tall,north=none,south=none,up=true,waterlogged=false,west=none]
07927;bloodborne_blocks:owner_unified_08db9f755e2629a88563;True;/tp @s -355 230 -296;facing=north,root_anchor=canonical,variant=0;minecraft:polished_blackstone_stairs[facing=north,half=bottom,shape=straight,waterlogged=false]
07928;bloodborne_blocks:owner_unified_08f3c0a919c8ea7f45e9;True;/tp @s -343 230 -296;facing=north,root_anchor=canonical,variant=0;minecraft:granite_wall[east=low,north=none,south=tall,up=true,waterlogged=false,west=tall]
07929;bloodborne_blocks:owner_unified_08f6779791f37d1669cf;True;/tp @s -331 230 -296;facing=north,root_anchor=canonical,variant=0;minecraft:cobblestone_wall[east=tall,north=tall,south=none,up=true,waterlogged=false,west=none]
07930;bloodborne_blocks:owner_unified_08f6f31f37f958607a8d;True;/tp @s -319 230 -296;facing=north,root_anchor=canonical,variant=0;minecraft:sandstone_wall[east=none,north=none,south=none,up=true,waterlogged=false,west=tall]
07931;bloodborne_blocks:owner_unified_08f87f6e793ee19c4c0d;True;/tp @s -307 230 -296;facing=north,root_anchor=canonical,variant=0;minecraft:oak_stairs[facing=east,half=top,shape=outer_left,waterlogged=false] | minecraft:oak_stairs[facing=north,half=top,shape=outer_left,waterlogged=false] | minecraft:oak_stairs[facing=north,half=top,shape=outer_right,waterlogged=false] | minecraft:oak_stairs[facing=west,half=top,shape=outer_right,waterlogged=false]
07932;bloodborne_blocks:owner_unified_0900b22d21187fc4ea6b;True;/tp @s -294 230 -296;facing=north,root_anchor=canonical,variant=0;minecraft:mossy_cobblestone_stairs[facing=south,half=top,shape=straight,waterlogged=false]
07933;bloodborne_blocks:owner_unified_0903e1ee4dbdd11ce3c1;True;/tp @s -282 230 -296;facing=north,root_anchor=canonical,variant=0;minecraft:acacia_fence[east=false,north=false,south=true,waterlogged=false,west=true] | minecraft:acacia_fence[east=false,north=true,south=true,waterlogged=false,west=true] | minecraft:acacia_fence[east=true,north=false,south=false,waterlogged=false,west=true] | minecraft:acacia_fence[east=true,north=false,south=true,waterlogged=false,west=false] | minecraft:acacia_fence[east=true,north=true,south=true,waterlogged=false,west=false]
07934;bloodborne_blocks:owner_unified_0908b2043ebba5ad5071;True;/tp @s -270 230 -296;facing=north,root_anchor=canonical,variant=0;minecraft:spruce_stairs[facing=north,half=top,shape=straight,waterlogged=false]
07935;bloodborne_blocks:owner_unified_0909f00c2251f07b37f6;True;/tp @s -258 230 -296;facing=north,root_anchor=canonical,variant=0;minecraft:polished_blackstone_stairs[facing=east,half=bottom,shape=inner_right,waterlogged=false] | minecraft:polished_blackstone_stairs[facing=south,half=bottom,shape=inner_left,waterlogged=false] | minecraft:polished_blackstone_stairs[facing=south,half=bottom,shape=inner_right,waterlogged=false] | minecraft:polished_blackstone_stairs[facing=west,half=bottom,shape=inner_left,waterlogged=false]
07936;bloodborne_blocks:owner_unified_091ce89fd9e7eee003bc;True;/tp @s -244 230 -296;facing=north,root_anchor=canonical,variant=0;minecraft:cut_red_sandstone_slab[type=top,waterlogged=false] | minecraft:polished_blackstone_slab[type=top,waterlogged=false]
07937;bloodborne_blocks:owner_unified_091d4688c476f350f9f9;True;/tp @s -226 230 -296;facing=north,root_anchor=canonical,variant=0;minecraft:mossy_cobblestone_stairs[facing=east,half=top,shape=outer_right,waterlogged=false] | minecraft:mossy_cobblestone_stairs[facing=south,half=top,shape=outer_left,waterlogged=false]
07938;bloodborne_blocks:owner_unified_0925a7d6069d501cfbdb;True;/tp @s -213 230 -296;facing=north,root_anchor=canonical,variant=0;minecraft:brick_wall[east=tall,north=tall,south=low,up=true,waterlogged=false,west=low]
07939;bloodborne_blocks:owner_unified_093075d93afbd79070da;True;/tp @s -199 230 -296;facing=north,root_anchor=canonical,variant=0;minecraft:waxed_oxidized_copper
07940;bloodborne_blocks:owner_unified_094b3de6b1624585665e;True;/tp @s -187 230 -296;facing=north,root_anchor=canonical,variant=0;minecraft:prismarine_stairs[facing=south,half=bottom,shape=outer_right,waterlogged=false] | minecraft:prismarine_stairs[facing=west,half=bottom,shape=outer_left,waterlogged=false]
07941;bloodborne_blocks:owner_unified_0980ce37472028d6a8c7;True;/tp @s -175 230 -296;facing=north,root_anchor=canonical,variant=0;minecraft:cobbled_deepslate_wall[east=tall,north=none,south=low,up=true,waterlogged=false,west=none]
07942;bloodborne_blocks:owner_unified_0983eb168f413f6407fe;True;/tp @s -163 230 -296;facing=north,root_anchor=canonical,variant=0;minecraft:jungle_fence[east=false,north=false,south=true,waterlogged=false,west=true] | minecraft:jungle_fence[east=false,north=true,south=true,waterlogged=false,west=true] | minecraft:jungle_fence[east=true,north=false,south=false,waterlogged=false,west=true] | minecraft:jungle_fence[east=true,north=false,south=true,waterlogged=false,west=false] | minecraft:jungle_fence[east=true,north=true,south=true,waterlogged=false,west=false]
07943;bloodborne_blocks:owner_unified_09880ef1fecac6322096;True;/tp @s -695 230 -284;facing=north,root_anchor=canonical,variant=0;minecraft:purpur_slab[type=bottom,waterlogged=false]
07944;bloodborne_blocks:owner_unified_09b0fd3c66f4089607a0;True;/tp @s -683 230 -284;facing=north,root_anchor=canonical,variant=0;minecraft:rail[shape=north_east,waterlogged=false]
07945;bloodborne_blocks:owner_unified_09c7132e01e5fb6e40ff;True;/tp @s -671 230 -284;facing=north,root_anchor=canonical,variant=0;minecraft:cobblestone_wall[east=none,north=tall,south=none,up=true,waterlogged=false,west=none]
07946;bloodborne_blocks:owner_unified_09ea0649fda578aa8f0d;True;/tp @s -659 230 -284;facing=north,root_anchor=canonical,variant=0;minecraft:snow[layers=5]
07947;bloodborne_blocks:owner_unified_09ef3fdd9b926b2eac40;True;/tp @s -647 230 -284;facing=north,root_anchor=canonical,variant=0;minecraft:polished_andesite_stairs[facing=east,half=top,shape=straight,waterlogged=false]
07948;bloodborne_blocks:owner_unified_09f3c3efb7cc420c1397;True;/tp @s -633 230 -284;facing=north,root_anchor=canonical,variant=0;minecraft:polished_andesite_stairs[facing=east,half=bottom,shape=straight,waterlogged=false]
07949;bloodborne_blocks:owner_unified_09f6d43bad14724bdb56;True;/tp @s -621 230 -284;facing=north,root_anchor=canonical,variant=0;minecraft:end_stone_brick_wall[east=low,north=low,south=none,up=true,waterlogged=false,west=low]
07950;bloodborne_blocks:owner_unified_0a0510955ccf1fa022de;True;/tp @s -609 230 -284;facing=north,root_anchor=canonical,variant=0;minecraft:andesite_stairs[facing=north,half=bottom,shape=outer_left,waterlogged=false] | minecraft:andesite_stairs[facing=west,half=bottom,shape=outer_right,waterlogged=false]
07951;bloodborne_blocks:owner_unified_0a08824738a893d9e797;True;/tp @s -597 230 -284;facing=north,root_anchor=canonical,variant=0;minecraft:brick_wall[east=low,north=low,south=none,up=true,waterlogged=false,west=tall]
07952;bloodborne_blocks:owner_unified_0a10d5c51e3d755b36db;True;/tp @s -585 230 -284;facing=north,root_anchor=canonical,variant=0;minecraft:green_stained_glass_pane[east=true,north=false,south=false,waterlogged=false,west=true]
07953;bloodborne_blocks:owner_unified_0a1929048bb7a018dfe5;True;/tp @s -573 230 -284;facing=north,root_anchor=canonical,variant=0;minecraft:nether_brick_fence[east=false,north=false,south=true,waterlogged=false,west=false]
07954;bloodborne_blocks:owner_unified_0a195f5445bf6653dd53;True;/tp @s -560 230 -284;facing=north,root_anchor=canonical,variant=0;minecraft:prismarine_wall[east=tall,north=none,south=tall,up=true,waterlogged=false,west=tall]
07955;bloodborne_blocks:owner_unified_0a1a87edfe31a75a1c5b;True;/tp @s -548 230 -284;facing=north,root_anchor=canonical,variant=0;minecraft:waxed_cut_copper_stairs[facing=east,half=top,shape=outer_left,waterlogged=false] | minecraft:waxed_cut_copper_stairs[facing=east,half=top,shape=outer_right,waterlogged=false] | minecraft:waxed_cut_copper_stairs[facing=north,half=top,shape=outer_left,waterlogged=false] | minecraft:waxed_cut_copper_stairs[facing=north,half=top,shape=outer_right,waterlogged=false] | minecraft:waxed_cut_copper_stairs[facing=south,half=top,shape=outer_left,waterlogged=false] | minecraft:waxed_cut_copper_stairs[facing=south,half=top,shape=outer_right,waterlogged=false] | minecraft:waxed_cut_copper_stairs[facing=west,half=top,shape=outer_left,waterlogged=false] | minecraft:waxed_cut_copper_stairs[facing=west,half=top,shape=outer_right,waterlogged=false]
07956;bloodborne_blocks:owner_unified_0a2ebb218e9d8659f38e;True;/tp @s -536 230 -284;facing=north,root_anchor=canonical,variant=0;minecraft:mossy_cobblestone_stairs[facing=north,half=bottom,shape=outer_left,waterlogged=false] | minecraft:mossy_cobblestone_stairs[facing=west,half=bottom,shape=outer_right,waterlogged=false]
07957;bloodborne_blocks:owner_unified_0a4921251f52cef611d0;True;/tp @s -523 230 -284;facing=north,root_anchor=canonical,variant=0;minecraft:emerald_block
07958;bloodborne_blocks:owner_unified_0a5006be890c4c08ef1f;True;/tp @s -511 230 -284;facing=north,root_anchor=canonical,variant=0;minecraft:copper_block
07959;bloodborne_blocks:owner_unified_0a625069c310a47b5a46;True;/tp @s -499 230 -284;facing=north,root_anchor=canonical,variant=0;minecraft:andesite_stairs[facing=north,half=bottom,shape=inner_left,waterlogged=false]
07960;bloodborne_blocks:owner_unified_0a62542f2a00c9fe1c0d;True;/tp @s -487 230 -284;facing=north,root_anchor=canonical,variant=0;minecraft:stone_brick_wall[east=low,north=tall,south=none,up=true,waterlogged=false,west=low]
07961;bloodborne_blocks:owner_unified_0a78a6f6c72ff11e7d4f;True;/tp @s -474 230 -284;facing=north,root_anchor=canonical,variant=0;minecraft:oxidized_cut_copper_stairs[facing=east,half=bottom,shape=outer_left,waterlogged=false]
07962;bloodborne_blocks:owner_unified_0a84b293a9c68b925cae;True;/tp @s -462 230 -284;facing=north,root_anchor=canonical,variant=0;minecraft:orange_stained_glass_pane[east=false,north=true,south=true,waterlogged=false,west=true]
07963;bloodborne_blocks:owner_unified_0a902c1f7c3acc4d9263;True;/tp @s -446 230 -284;facing=north,root_anchor=canonical,variant=0;minecraft:dead_bubble_coral_fan[waterlogged=false]
07964;bloodborne_blocks:owner_unified_0a9c30055530d0e51b25;True;/tp @s -431 230 -284;facing=north,root_anchor=canonical,variant=0;minecraft:smooth_sandstone
07965;bloodborne_blocks:owner_unified_0aa0574befb72b178017;True;/tp @s -417 230 -284;facing=north,root_anchor=canonical,variant=0;minecraft:crimson_door[facing=east,half=lower,hinge=left,open=false,powered=false] | minecraft:crimson_door[facing=north,half=lower,hinge=right,open=false,powered=false] | minecraft:crimson_door[facing=south,half=lower,hinge=right,open=false,powered=false] | minecraft:crimson_door[facing=west,half=lower,hinge=right,open=false,powered=false] | minecraft:oak_door[facing=east,half=lower,hinge=right,open=false,powered=false] | minecraft:oak_door[facing=east,half=lower,hinge=right,open=true,powered=false] | minecraft:oak_door[facing=north,half=lower,hinge=left,open=false,powered=false] | minecraft:oak_door[facing=west,half=lower,hinge=left,open=true,powered=false] | minecraft:oak_door[facing=west,half=lower,hinge=right,open=true,powered=false]
07966;bloodborne_blocks:owner_unified_0abebb495eb526315537;True;/tp @s -405 230 -284;facing=north,root_anchor=canonical,variant=0;minecraft:end_stone_brick_wall[east=tall,north=none,south=tall,up=true,waterlogged=false,west=low]
07967;bloodborne_blocks:owner_unified_0ac027ffb97878a2a7af;True;/tp @s -391 230 -284;facing=north,root_anchor=canonical,variant=0;minecraft:stone_brick_wall[east=tall,north=none,south=low,up=true,waterlogged=false,west=low]
07968;bloodborne_blocks:owner_unified_0ac91aab8036cb3f421b;True;/tp @s -379 230 -284;facing=north,root_anchor=canonical,variant=0;minecraft:raw_iron_block
07969;bloodborne_blocks:owner_unified_0ac98588b9a10603e220;True;/tp @s -367 230 -284;facing=north,root_anchor=canonical,variant=0;minecraft:prismarine_wall[east=low,north=low,south=tall,up=true,waterlogged=false,west=none]
07970;bloodborne_blocks:owner_unified_0acc29fc44e7cfd1c884;True;/tp @s -355 230 -284;facing=north,root_anchor=canonical,variant=0;minecraft:mossy_stone_brick_stairs[facing=south,half=bottom,shape=straight,waterlogged=false] | minecraft:mossy_stone_brick_stairs[facing=west,half=bottom,shape=straight,waterlogged=false]
07971;bloodborne_blocks:owner_unified_0ad34ce3755407ae9a11;True;/tp @s -343 230 -284;facing=north,root_anchor=canonical,variant=0;minecraft:red_concrete
07972;bloodborne_blocks:owner_unified_0adfe82ab4ee5a6a7b04;True;/tp @s -331 230 -284;facing=north,root_anchor=canonical,variant=0;minecraft:cobbled_deepslate_wall[east=tall,north=none,south=tall,up=true,waterlogged=false,west=tall]
07973;bloodborne_blocks:owner_unified_0ae50e786cfa507cca29;True;/tp @s -319 230 -284;facing=north,root_anchor=canonical,variant=0;minecraft:end_stone_brick_wall[east=tall,north=tall,south=tall,up=false,waterlogged=false,west=tall]
07974;bloodborne_blocks:owner_unified_0af2eaa973fb7fc21c39;True;/tp @s -307 230 -284;facing=north,root_anchor=canonical,variant=0;minecraft:dark_oak_fence[east=false,north=true,south=true,waterlogged=false,west=true] | minecraft:dark_oak_fence[east=true,north=false,south=true,waterlogged=false,west=true] | minecraft:dark_oak_fence[east=true,north=true,south=false,waterlogged=false,west=true] | minecraft:dark_oak_fence[east=true,north=true,south=true,waterlogged=false,west=false]
07975;bloodborne_blocks:owner_unified_0af83f8a08d7b455a4e6;True;/tp @s -294 230 -284;facing=north,root_anchor=canonical,variant=0;minecraft:lime_stained_glass_pane[east=false,north=false,south=true,waterlogged=false,west=false]
07976;bloodborne_blocks:owner_unified_0afdacfa534b7ef0868d;True;/tp @s -282 230 -284;facing=north,root_anchor=canonical,variant=0;minecraft:mossy_cobblestone_wall[east=none,north=low,south=low,up=true,waterlogged=false,west=low]
07977;bloodborne_blocks:owner_unified_0b1ce5cd7daaeb23fdd9;True;/tp @s -270 230 -284;facing=north,root_anchor=canonical,variant=0;minecraft:stone_stairs[facing=west,half=bottom,shape=inner_left,waterlogged=false]
07978;bloodborne_blocks:owner_unified_0b3f696ad5351db9ebee;True;/tp @s -258 230 -284;facing=north,root_anchor=canonical,variant=0;minecraft:acacia_stairs[facing=east,half=top,shape=straight,waterlogged=false] | minecraft:acacia_stairs[facing=north,half=top,shape=straight,waterlogged=false] | minecraft:acacia_stairs[facing=south,half=top,shape=straight,waterlogged=false] | minecraft:acacia_stairs[facing=west,half=top,shape=straight,waterlogged=false]
07979;bloodborne_blocks:owner_unified_0b6dcae7770110a665ce;True;/tp @s -244 230 -284;facing=north,root_anchor=canonical,variant=0;minecraft:mossy_cobblestone_wall[east=none,north=tall,south=none,up=true,waterlogged=false,west=low]
07980;bloodborne_blocks:owner_unified_0b6f019378472e5deb60;True;/tp @s -226 230 -284;facing=north,root_anchor=canonical,variant=0;minecraft:oak_trapdoor[facing=east,half=top,open=true,powered=false,waterlogged=false] | minecraft:oak_trapdoor[facing=north,half=top,open=true,powered=false,waterlogged=false] | minecraft:oak_trapdoor[facing=south,half=top,open=true,powered=false,waterlogged=false] | minecraft:oak_trapdoor[facing=west,half=top,open=true,powered=false,waterlogged=false]
07981;bloodborne_blocks:owner_unified_0b83688e73d882e8d8b7;True;/tp @s -213 230 -284;facing=north,root_anchor=canonical,variant=0;minecraft:stone_brick_wall[east=tall,north=low,south=low,up=true,waterlogged=false,west=tall]
07982;bloodborne_blocks:owner_unified_0b849ab244abee1f70b2;True;/tp @s -199 230 -284;facing=north,root_anchor=canonical,variant=0;minecraft:cobbled_deepslate_wall[east=low,north=tall,south=low,up=true,waterlogged=false,west=none]
07983;bloodborne_blocks:owner_unified_0b9e618487794e717abd;True;/tp @s -187 230 -284;facing=north,root_anchor=canonical,variant=0;minecraft:quartz_stairs[facing=east,half=bottom,shape=straight,waterlogged=false] | minecraft:quartz_stairs[facing=north,half=bottom,shape=straight,waterlogged=false]
07984;bloodborne_blocks:owner_unified_0bb249bf9fe5f876241a;True;/tp @s -175 230 -284;facing=north,root_anchor=canonical,variant=0;minecraft:brown_stained_glass_pane[east=true,north=true,south=true,waterlogged=false,west=false]
07985;bloodborne_blocks:owner_unified_0bb4a242b83fecf2f525;True;/tp @s -163 230 -284;facing=north,root_anchor=canonical,variant=0;minecraft:white_stained_glass_pane[east=false,north=true,south=false,waterlogged=false,west=false]
07986;bloodborne_blocks:owner_unified_0bc245c5d04f043fda98;True;/tp @s -695 230 -270;facing=north,root_anchor=canonical,variant=0;minecraft:diamond_ore
07987;bloodborne_blocks:owner_unified_0bc4c4a657561f2efe5b;True;/tp @s -683 230 -270;facing=north,root_anchor=canonical,variant=0;minecraft:prismarine_wall[east=low,north=none,south=tall,up=true,waterlogged=false,west=none]
07988;bloodborne_blocks:owner_unified_0bcc707be92b1e756827;True;/tp @s -671 230 -270;facing=north,root_anchor=canonical,variant=0;minecraft:cobbled_deepslate_stairs[facing=east,half=top,shape=straight,waterlogged=false]
07989;bloodborne_blocks:owner_unified_0bd629a73e272667b05b;True;/tp @s -659 230 -270;facing=north,root_anchor=canonical,variant=0;minecraft:purpur_slab[type=double,waterlogged=false]
07990;bloodborne_blocks:owner_unified_0bdd1f7df7266ce0ded9;True;/tp @s -647 230 -270;facing=north,root_anchor=canonical,variant=0;minecraft:quartz_stairs[facing=north,half=top,shape=outer_left,waterlogged=false] | minecraft:quartz_stairs[facing=west,half=top,shape=outer_right,waterlogged=false]
07991;bloodborne_blocks:owner_unified_0be332ab79c18f76d719;True;/tp @s -633 230 -270;facing=north,root_anchor=canonical,variant=0;minecraft:sandstone
07992;bloodborne_blocks:owner_unified_0bffd7cef97892931621;True;/tp @s -621 230 -270;facing=north,root_anchor=canonical,variant=0;minecraft:polished_andesite_stairs[facing=east,half=bottom,shape=outer_left,waterlogged=false] | minecraft:polished_andesite_stairs[facing=north,half=bottom,shape=outer_right,waterlogged=false]
07993;bloodborne_blocks:owner_unified_0c0972e1dc1359369cad;True;/tp @s -609 230 -270;facing=north,root_anchor=canonical,variant=0;minecraft:spruce_trapdoor[facing=east,half=top,open=true,powered=false,waterlogged=false] | minecraft:spruce_trapdoor[facing=north,half=top,open=true,powered=false,waterlogged=false] | minecraft:spruce_trapdoor[facing=south,half=top,open=true,powered=false,waterlogged=false] | minecraft:spruce_trapdoor[facing=west,half=top,open=true,powered=false,waterlogged=false]
07994;bloodborne_blocks:owner_unified_0c1d52ad570a4364de29;True;/tp @s -597 230 -270;facing=north,root_anchor=canonical,variant=0;minecraft:deepslate_tile_stairs[facing=west,half=bottom,shape=straight,waterlogged=false]
07995;bloodborne_blocks:owner_unified_0c2ca1a501e2581f16a8;True;/tp @s -585 230 -270;facing=north,root_anchor=canonical,variant=0;minecraft:mossy_cobblestone_wall[east=none,north=none,south=tall,up=true,waterlogged=false,west=tall]
07996;bloodborne_blocks:owner_unified_0c4a1d1c456397ec1c74;True;/tp @s -573 230 -270;facing=north,root_anchor=canonical,variant=0;minecraft:red_terracotta
07997;bloodborne_blocks:owner_unified_0c4cbe2be04d4825e5ae;True;/tp @s -560 230 -270;facing=north,root_anchor=canonical,variant=0;minecraft:stone_brick_wall[east=tall,north=tall,south=low,up=true,waterlogged=false,west=low]
07998;bloodborne_blocks:owner_unified_0c4ec0f1d61fc9ed1e42;True;/tp @s -548 230 -270;facing=north,root_anchor=canonical,variant=0;minecraft:cut_copper_stairs[facing=east,half=top,shape=inner_left,waterlogged=false] | minecraft:cut_copper_stairs[facing=north,half=top,shape=inner_left,waterlogged=false] | minecraft:cut_copper_stairs[facing=north,half=top,shape=inner_right,waterlogged=false] | minecraft:cut_copper_stairs[facing=south,half=top,shape=outer_right,waterlogged=false] | minecraft:cut_copper_stairs[facing=west,half=top,shape=inner_right,waterlogged=false]
07999;bloodborne_blocks:owner_unified_0c5639708dae010492bb;True;/tp @s -536 230 -270;facing=north,root_anchor=canonical,variant=0;minecraft:mossy_cobblestone_stairs[facing=east,half=top,shape=straight,waterlogged=false]
08000;bloodborne_blocks:owner_unified_0c5d8915bc7175242567;True;/tp @s -523 230 -270;facing=north,root_anchor=canonical,variant=0;minecraft:stone_brick_wall[east=tall,north=low,south=tall,up=true,waterlogged=false,west=none]
08001;bloodborne_blocks:owner_unified_0c5e085030796945b421;True;/tp @s -511 230 -270;facing=north,root_anchor=canonical,variant=0;minecraft:dark_oak_fence[east=false,north=false,south=true,waterlogged=false,west=true] | minecraft:dark_oak_fence[east=false,north=true,south=false,waterlogged=false,west=true] | minecraft:dark_oak_fence[east=true,north=false,south=true,waterlogged=false,west=false] | minecraft:dark_oak_fence[east=true,north=true,south=false,waterlogged=false,west=false]
08002;bloodborne_blocks:owner_unified_0c6279dc562dd88f451d;True;/tp @s -499 230 -270;facing=north,root_anchor=canonical,variant=0;minecraft:sandstone_stairs[facing=west,half=top,shape=straight,waterlogged=false]
08003;bloodborne_blocks:owner_unified_0c6f7eb81a189d7caa83;True;/tp @s -487 230 -270;facing=north,root_anchor=canonical,variant=0;minecraft:dark_oak_button[face=floor,facing=north,powered=true]
08004;bloodborne_blocks:owner_unified_0c78ef1cde43fc7c08fc;True;/tp @s -474 230 -270;facing=north,root_anchor=canonical,variant=0;minecraft:stripped_oak_log[axis=z]
08005;bloodborne_blocks:owner_unified_0c8c5b96a550b00a0291;True;/tp @s -462 230 -270;facing=north,root_anchor=canonical,variant=0;minecraft:smooth_basalt
08006;bloodborne_blocks:owner_unified_0c8d9ff7b8e0a5565e94;True;/tp @s -446 230 -270;facing=north,root_anchor=canonical,variant=0;minecraft:stone
08007;bloodborne_blocks:owner_unified_0cb5bfec389805004fb2;True;/tp @s -431 230 -270;facing=north,root_anchor=canonical,variant=0;minecraft:white_stained_glass_pane[east=true,north=true,south=true,waterlogged=false,west=false]
08008;bloodborne_blocks:owner_unified_0cbb4e32d8d054ebef2d;True;/tp @s -417 230 -270;facing=north,root_anchor=canonical,variant=0;minecraft:cobblestone_wall[east=tall,north=none,south=none,up=false,waterlogged=false,west=tall]
08009;bloodborne_blocks:owner_unified_0cc1999ba4c36b9e6c31;True;/tp @s -405 230 -270;facing=north,root_anchor=canonical,variant=0;minecraft:stone_brick_slab[type=double,waterlogged=false]
08010;bloodborne_blocks:owner_unified_0cc5b1998367ab4b7cc7;True;/tp @s -391 230 -270;facing=north,root_anchor=canonical,variant=0;minecraft:cobbled_deepslate_wall[east=low,north=none,south=none,up=false,waterlogged=false,west=low]
08011;bloodborne_blocks:owner_unified_0cc9e32c4641633a206e;True;/tp @s -379 230 -270;facing=north,root_anchor=canonical,variant=0;minecraft:cobbled_deepslate_wall[east=tall,north=low,south=none,up=true,waterlogged=false,west=tall]
08012;bloodborne_blocks:owner_unified_0cd594bd10a1526f1013;True;/tp @s -367 230 -270;facing=north,root_anchor=canonical,variant=0;minecraft:green_stained_glass_pane[east=false,north=true,south=false,waterlogged=false,west=false]
08013;bloodborne_blocks:owner_unified_0cecaa6630602adb3bf2;True;/tp @s -355 230 -270;facing=north,root_anchor=canonical,variant=0;minecraft:granite_wall[east=none,north=low,south=none,up=true,waterlogged=false,west=none]
08014;bloodborne_blocks:owner_unified_0cfdf9eda6c637ac4735;True;/tp @s -343 230 -270;facing=north,root_anchor=canonical,variant=0;minecraft:prismarine_wall[east=none,north=low,south=low,up=true,waterlogged=false,west=tall]
08015;bloodborne_blocks:owner_unified_0d00ecfdfe91b091ce96;True;/tp @s -331 230 -270;facing=north,root_anchor=canonical,variant=0;minecraft:stone_stairs[facing=east,half=bottom,shape=inner_right,waterlogged=false] | minecraft:stone_stairs[facing=south,half=bottom,shape=inner_left,waterlogged=false]
08016;bloodborne_blocks:owner_unified_0d0b9d0e586e42ffa57f;True;/tp @s -319 230 -270;facing=north,root_anchor=canonical,variant=0;minecraft:gray_stained_glass_pane[east=true,north=true,south=true,waterlogged=false,west=true]
08017;bloodborne_blocks:owner_unified_0d23605220873886f2ce;True;/tp @s -307 230 -270;facing=north,root_anchor=canonical,variant=0;minecraft:stone_brick_wall[east=none,north=none,south=none,up=true,waterlogged=false,west=tall]
08018;bloodborne_blocks:owner_unified_0d248bb8404f11f0e246;True;/tp @s -294 230 -270;facing=north,root_anchor=canonical,variant=0;minecraft:deepslate_brick_stairs[facing=east,half=top,shape=straight,waterlogged=false]
08019;bloodborne_blocks:owner_unified_0d42e610b8b743349065;True;/tp @s -282 230 -270;facing=north,root_anchor=canonical,variant=0;minecraft:iron_trapdoor[facing=east,half=top,open=false,powered=false,waterlogged=false] | minecraft:iron_trapdoor[facing=north,half=top,open=false,powered=false,waterlogged=false] | minecraft:iron_trapdoor[facing=south,half=top,open=false,powered=false,waterlogged=false] | minecraft:iron_trapdoor[facing=west,half=top,open=false,powered=false,waterlogged=false]
08020;bloodborne_blocks:owner_unified_0d43b9fb66c1b01073f8;True;/tp @s -270 230 -270;facing=north,root_anchor=canonical,variant=0;minecraft:brick_stairs[facing=north,half=top,shape=outer_left,waterlogged=false] | minecraft:brick_stairs[facing=west,half=top,shape=outer_right,waterlogged=false]
08021;bloodborne_blocks:owner_unified_0d47e0e78d792105d7c9;True;/tp @s -258 230 -270;facing=north,root_anchor=canonical,variant=0;minecraft:stone_brick_wall[east=none,north=low,south=tall,up=true,waterlogged=false,west=none]
08022;bloodborne_blocks:owner_unified_0d4a2a85b59a5a1fdd12;True;/tp @s -244 230 -270;facing=north,root_anchor=canonical,variant=0;minecraft:dead_tube_coral_wall_fan[facing=south,waterlogged=false]
08023;bloodborne_blocks:owner_unified_0d52789fba17ca6d5418;True;/tp @s -226 230 -270;facing=north,root_anchor=canonical,variant=0;minecraft:cobbled_deepslate_wall[east=tall,north=tall,south=low,up=true,waterlogged=false,west=none]
08024;bloodborne_blocks:owner_unified_0d530607f1e82c1f2d5e;True;/tp @s -213 230 -270;facing=north,root_anchor=canonical,variant=0;minecraft:stone_brick_wall[east=low,north=low,south=none,up=true,waterlogged=false,west=none]
08025;bloodborne_blocks:owner_unified_0d561856a13cf940c92d;True;/tp @s -199 230 -270;facing=north,root_anchor=canonical,variant=0;minecraft:stone_brick_wall[east=tall,north=tall,south=tall,up=true,waterlogged=false,west=tall]
08026;bloodborne_blocks:owner_unified_0d663245c5f8b57d35e9;True;/tp @s -187 230 -270;facing=north,root_anchor=canonical,variant=0;minecraft:lime_stained_glass_pane[east=true,north=true,south=false,waterlogged=false,west=true]
08027;bloodborne_blocks:owner_unified_0d7ea5fa6c44d608a39f;True;/tp @s -175 230 -270;facing=north,root_anchor=canonical,variant=0;minecraft:oak_stairs[facing=east,half=top,shape=outer_right,waterlogged=false] | minecraft:oak_stairs[facing=south,half=top,shape=outer_left,waterlogged=false] | minecraft:oak_stairs[facing=south,half=top,shape=outer_right,waterlogged=false] | minecraft:oak_stairs[facing=west,half=top,shape=outer_left,waterlogged=false]
08028;bloodborne_blocks:owner_unified_0d822b36435a35dccaf7;True;/tp @s -163 230 -270;facing=north,root_anchor=canonical,variant=0;minecraft:dead_tube_coral_wall_fan[facing=north,waterlogged=false]
08029;bloodborne_blocks:owner_unified_0d827b5f388d8aecd3b7;True;/tp @s -695 230 -258;facing=north,root_anchor=canonical,variant=0;minecraft:stone_stairs[facing=east,half=top,shape=outer_right,waterlogged=false] | minecraft:stone_stairs[facing=south,half=top,shape=outer_left,waterlogged=false]
08030;bloodborne_blocks:owner_unified_0d9a3cc5ea7a136fa136;True;/tp @s -683 230 -258;facing=north,root_anchor=canonical,variant=0;minecraft:cobbled_deepslate_wall[east=low,north=none,south=tall,up=true,waterlogged=false,west=tall]
08031;bloodborne_blocks:owner_unified_0d9e7c99aa6a86a6cd6a;True;/tp @s -671 230 -258;facing=north,root_anchor=canonical,variant=0;minecraft:cobblestone_wall[east=tall,north=low,south=tall,up=true,waterlogged=false,west=none]
08032;bloodborne_blocks:owner_unified_0d9eaec226bbdb215086;True;/tp @s -659 230 -258;facing=north,root_anchor=canonical,variant=0;minecraft:cobbled_deepslate_wall[east=low,north=tall,south=none,up=true,waterlogged=false,west=low]
08033;bloodborne_blocks:owner_unified_0da6b42223e42becd728;True;/tp @s -647 230 -258;facing=north,root_anchor=canonical,variant=0;minecraft:crimson_trapdoor[facing=south,half=top,open=true,powered=false,waterlogged=false] | minecraft:crimson_trapdoor[facing=west,half=top,open=true,powered=false,waterlogged=false]
08034;bloodborne_blocks:owner_unified_0daa3a2e7d10d111175d;True;/tp @s -633 230 -258;facing=north,root_anchor=canonical,variant=0;minecraft:warped_stairs[facing=south,half=top,shape=straight,waterlogged=false] | minecraft:warped_stairs[facing=west,half=top,shape=straight,waterlogged=false]
08035;bloodborne_blocks:owner_unified_0dbb2568110ee47e916e;True;/tp @s -621 230 -258;facing=north,root_anchor=canonical,variant=0;minecraft:stone_brick_wall[east=low,north=none,south=tall,up=true,waterlogged=false,west=tall]
08036;bloodborne_blocks:owner_unified_0dbd16292e803664b533;True;/tp @s -609 230 -258;facing=north,root_anchor=canonical,variant=0;minecraft:mossy_cobblestone_stairs[facing=north,half=top,shape=straight,waterlogged=false]
08037;bloodborne_blocks:owner_unified_0dde58ee51428b1ac962;True;/tp @s -597 230 -258;facing=north,root_anchor=canonical,variant=0;minecraft:iron_bars[east=true,north=false,south=false,waterlogged=false,west=false]
08038;bloodborne_blocks:owner_unified_0dede51eca52df2ce124;True;/tp @s -585 230 -258;facing=north,root_anchor=canonical,variant=0;minecraft:polished_blackstone_button[face=floor,facing=north,powered=false]
08039;bloodborne_blocks:owner_unified_0e00ec1d401fc7bae5ff;True;/tp @s -573 230 -258;facing=north,root_anchor=canonical,variant=0;minecraft:prismarine_stairs[facing=east,half=bottom,shape=outer_right,waterlogged=false] | minecraft:prismarine_stairs[facing=south,half=bottom,shape=outer_left,waterlogged=false]
08040;bloodborne_blocks:owner_unified_0e044c6619fec4b6bf1e;True;/tp @s -560 230 -258;facing=north,root_anchor=canonical,variant=0;minecraft:prismarine_wall[east=low,north=low,south=none,up=true,waterlogged=false,west=tall]
08041;bloodborne_blocks:owner_unified_0e0cfebe7b536a7d1949;True;/tp @s -548 230 -258;facing=north,root_anchor=canonical,variant=0;minecraft:deepslate_brick_wall[east=tall,north=low,south=tall,up=true,waterlogged=false,west=low]
08042;bloodborne_blocks:owner_unified_0e2a78b37aa2057224b7;True;/tp @s -536 230 -258;facing=north,root_anchor=canonical,variant=0;minecraft:prismarine_wall[east=none,north=tall,south=low,up=true,waterlogged=false,west=none]
08043;bloodborne_blocks:owner_unified_0e363c3e9d8eba9bd5bd;True;/tp @s -523 230 -258;facing=north,root_anchor=canonical,variant=0;minecraft:brick_wall[east=none,north=none,south=tall,up=true,waterlogged=false,west=tall]
08044;bloodborne_blocks:owner_unified_0e3a93ed4b2d253e6cd4;True;/tp @s -511 230 -258;facing=north,root_anchor=canonical,variant=0;minecraft:deepslate_iron_ore
08045;bloodborne_blocks:owner_unified_0e446a38f96bb4987b2c;True;/tp @s -499 230 -258;facing=north,root_anchor=canonical,variant=0;minecraft:sandstone_stairs[facing=east,half=top,shape=straight,waterlogged=false]
08046;bloodborne_blocks:owner_unified_0e50be74d8ab659f6e7f;True;/tp @s -487 230 -258;facing=north,root_anchor=canonical,variant=0;minecraft:smooth_red_sandstone_stairs[facing=east,half=top,shape=straight,waterlogged=false]
08047;bloodborne_blocks:owner_unified_0e5acdfe4f1a613f578a;True;/tp @s -474 230 -258;facing=north,root_anchor=canonical,variant=0;minecraft:birch_fence[east=false,north=false,south=true,waterlogged=false,west=false]
08048;bloodborne_blocks:owner_unified_0e5f29d4ff13f6d31a05;True;/tp @s -462 230 -258;facing=north,root_anchor=canonical,variant=0;minecraft:magenta_stained_glass_pane[east=true,north=false,south=true,waterlogged=false,west=false]
08049;bloodborne_blocks:owner_unified_0e69a546cb1675fe2ba4;True;/tp @s -446 230 -258;facing=north,root_anchor=canonical,variant=0;minecraft:acacia_button[face=floor,facing=east,powered=false] | minecraft:acacia_button[face=floor,facing=north,powered=false] | minecraft:acacia_button[face=floor,facing=south,powered=false] | minecraft:acacia_button[face=floor,facing=west,powered=false]
08050;bloodborne_blocks:owner_unified_0e74d2bb516b9e137d13;True;/tp @s -431 230 -258;facing=north,root_anchor=canonical,variant=0;minecraft:deepslate_brick_stairs[facing=east,half=top,shape=outer_left,waterlogged=false]
08051;bloodborne_blocks:owner_unified_0e7aa2bfe62e33fcf762;True;/tp @s -417 230 -258;facing=north,root_anchor=canonical,variant=0;minecraft:cobblestone_stairs[facing=south,half=top,shape=inner_right,waterlogged=false]
08052;bloodborne_blocks:owner_unified_0e7ec591bfa26aeed162;True;/tp @s -405 230 -258;facing=north,root_anchor=canonical,variant=0;minecraft:red_stained_glass_pane[east=false,north=false,south=false,waterlogged=false,west=true]
08053;bloodborne_blocks:owner_unified_0e813f11660c146fbb79;True;/tp @s -391 230 -258;facing=north,root_anchor=canonical,variant=0;minecraft:cobblestone
08054;bloodborne_blocks:owner_unified_0e8e35242086a9d47b90;True;/tp @s -379 230 -258;facing=north,root_anchor=canonical,variant=0;minecraft:snow[layers=4]
08055;bloodborne_blocks:owner_unified_0ea9bca980f7474c9f33;True;/tp @s -367 230 -258;facing=north,root_anchor=canonical,variant=0;minecraft:end_stone_brick_wall[east=none,north=none,south=tall,up=true,waterlogged=false,west=low]
08056;bloodborne_blocks:owner_unified_0eb777c136d64f2853b0;True;/tp @s -355 230 -258;facing=north,root_anchor=canonical,variant=0;minecraft:polished_andesite_stairs[facing=north,half=bottom,shape=inner_left,waterlogged=false]
08057;bloodborne_blocks:owner_unified_0eb9f96d848b2eecc3b1;True;/tp @s -343 230 -258;facing=north,root_anchor=canonical,variant=0;minecraft:cobblestone_stairs[facing=west,half=top,shape=straight,waterlogged=false]
08058;bloodborne_blocks:owner_unified_0ebe350980983e2b9986;True;/tp @s -331 230 -258;facing=north,root_anchor=canonical,variant=0;minecraft:stone_stairs[facing=north,half=top,shape=straight,waterlogged=false]
08059;bloodborne_blocks:owner_unified_0ec2aa89621decbec8b8;True;/tp @s -319 230 -258;facing=north,root_anchor=canonical,variant=0;minecraft:light_gray_concrete
08060;bloodborne_blocks:owner_unified_0ed0bc97a889f5800c86;True;/tp @s -307 230 -258;facing=north,root_anchor=canonical,variant=0;minecraft:snow[layers=2]
08061;bloodborne_blocks:owner_unified_0ed5c8a12290bc8605ea;True;/tp @s -294 230 -258;facing=north,root_anchor=canonical,variant=0;minecraft:nether_brick_wall[east=low,north=low,south=low,up=true,waterlogged=false,west=none] | minecraft:nether_brick_wall[east=low,north=low,south=none,up=true,waterlogged=false,west=low] | minecraft:nether_brick_wall[east=low,north=low,south=none,up=true,waterlogged=false,west=none] | minecraft:nether_brick_wall[east=low,north=none,south=low,up=true,waterlogged=false,west=low] | minecraft:nether_brick_wall[east=low,north=none,south=low,up=true,waterlogged=false,west=none] | minecraft:nether_brick_wall[east=low,north=none,south=none,up=true,waterlogged=false,west=low] | minecraft:nether_brick_wall[east=low,north=none,south=none,up=true,waterlogged=false,west=none] | minecraft:nether_brick_wall[east=low,north=tall,south=none,up=true,waterlogged=false,west=tall] | minecraft:nether_brick_wall[east=low,north=tall,south=tall,up=true,waterlogged=false,west=none] | minecraft:nether_brick_wall[east=none,north=low,south=low,up=true,waterlogged=false,west=low] | minecraft:nether_brick_wall[east=none,north=low,south=none,up=true,waterlogged=false,west=none] | minecraft:nether_brick_wall[east=none,north=low,south=tall,up=false,waterlogged=false,west=low] | minecraft:nether_brick_wall[east=none,north=low,south=tall,up=false,waterlogged=false,west=none] | minecraft:nether_brick_wall[east=none,north=low,south=tall,up=true,waterlogged=false,west=none] | minecraft:nether_brick_wall[east=none,north=none,south=low,up=true,waterlogged=false,west=none] | minecraft:nether_brick_wall[east=none,north=none,south=none,up=true,waterlogged=false,west=low] | minecraft:nether_brick_wall[east=none,north=none,south=none,up=true,waterlogged=false,west=none] | minecraft:nether_brick_wall[east=none,north=none,south=none,up=true,waterlogged=false,west=tall] | minecraft:nether_brick_wall[east=none,north=none,south=tall,up=false,waterlogged=false,west=none] | minecraft:nether_brick_wall[east=none,north=none,south=tall,up=true,waterlogged=false,west=none] | minecraft:nether_brick_wall[east=none,north=tall,south=low,up=false,waterlogged=false,west=low] | minecraft:nether_brick_wall[east=none,north=tall,south=low,up=false,waterlogged=false,west=none] | minecraft:nether_brick_wall[east=none,north=tall,south=low,up=true,waterlogged=false,west=none] | minecraft:nether_brick_wall[east=none,north=tall,south=none,up=false,waterlogged=false,west=none] | minecraft:nether_brick_wall[east=none,north=tall,south=none,up=true,waterlogged=false,west=none] | minecraft:nether_brick_wall[east=none,north=tall,south=none,up=true,waterlogged=false,west=tall] | minecraft:nether_brick_wall[east=none,north=tall,south=tall,up=true,waterlogged=false,west=low] | minecraft:nether_brick_wall[east=none,north=tall,south=tall,up=true,waterlogged=false,west=none] | minecraft:nether_brick_wall[east=none,north=tall,south=tall,up=true,waterlogged=false,west=tall] | minecraft:nether_brick_wall[east=tall,north=low,south=none,up=true,waterlogged=false,west=tall] | minecraft:nether_brick_wall[east=tall,north=low,south=tall,up=true,waterlogged=false,west=tall] | minecraft:nether_brick_wall[east=tall,north=none,south=low,up=true,waterlogged=false,west=tall] | minecraft:nether_brick_wall[east=tall,north=none,south=none,up=true,waterlogged=false,west=none] | minecraft:nether_brick_wall[east=tall,north=none,south=none,up=true,waterlogged=false,west=tall] | minecraft:nether_brick_wall[east=tall,north=none,south=tall,up=true,waterlogged=false,west=none] | minecraft:nether_brick_wall[east=tall,north=none,south=tall,up=true,waterlogged=false,west=tall] | minecraft:nether_brick_wall[east=tall,north=tall,south=low,up=true,waterlogged=false,west=tall] | minecraft:nether_brick_wall[east=tall,north=tall,south=none,up=true,waterlogged=false,west=none] | minecraft:nether_brick_wall[east=tall,north=tall,south=none,up=true,waterlogged=false,west=tall] | minecraft:nether_brick_wall[east=tall,north=tall,south=tall,up=true,waterlogged=false,west=none]
08062;bloodborne_blocks:owner_unified_0ed91e22751a76f87672;True;/tp @s -282 230 -258;facing=north,root_anchor=canonical,variant=0;minecraft:polished_blackstone_brick_stairs[facing=east,half=top,shape=straight,waterlogged=false] | minecraft:purpur_stairs[facing=east,half=top,shape=straight,waterlogged=false]
08063;bloodborne_blocks:owner_unified_0edef3a58ae4de8d1bca;True;/tp @s -270 230 -258;facing=north,root_anchor=canonical,variant=0;minecraft:prismarine_wall[east=none,north=low,south=low,up=false,waterlogged=false,west=none]
08064;bloodborne_blocks:owner_unified_0ee352b74641c84d7904;True;/tp @s -258 230 -258;facing=north,root_anchor=canonical,variant=0;minecraft:granite_stairs[facing=west,half=bottom,shape=straight,waterlogged=false]
08065;bloodborne_blocks:owner_unified_0ee54f6092ff552f3317;True;/tp @s -244 230 -258;facing=north,root_anchor=canonical,variant=0;minecraft:granite_wall[east=low,north=none,south=low,up=true,waterlogged=false,west=tall]
08066;bloodborne_blocks:owner_unified_0efa32c3ae22aad6d782;True;/tp @s -226 230 -258;facing=north,root_anchor=canonical,variant=0;minecraft:brick_wall[east=none,north=low,south=low,up=true,waterlogged=false,west=low]
08067;bloodborne_blocks:owner_unified_0f0086ded0b77cf4c808;True;/tp @s -213 230 -258;facing=north,root_anchor=canonical,variant=0;minecraft:end_stone_brick_wall[east=low,north=none,south=low,up=true,waterlogged=false,west=low]
08068;bloodborne_blocks:owner_unified_0f04225552dfd8d00a2a;True;/tp @s -199 230 -258;facing=north,root_anchor=canonical,variant=0;minecraft:cobbled_deepslate_stairs[facing=west,half=bottom,shape=straight,waterlogged=false]
08069;bloodborne_blocks:owner_unified_0f043d92a30dc59d9993;True;/tp @s -187 230 -258;facing=north,root_anchor=canonical,variant=0;minecraft:prismarine_stairs[facing=north,half=top,shape=straight,waterlogged=false]
08070;bloodborne_blocks:owner_unified_0f26f3d491cb9fbd4c26;True;/tp @s -175 230 -258;facing=north,root_anchor=canonical,variant=0;minecraft:waxed_weathered_cut_copper_stairs[facing=east,half=bottom,shape=inner_left,waterlogged=false]
08071;bloodborne_blocks:owner_unified_0f27c7dabeb6183cbea5;True;/tp @s -163 230 -258;facing=north,root_anchor=canonical,variant=0;minecraft:mossy_cobblestone_wall[east=tall,north=low,south=none,up=true,waterlogged=false,west=tall]
08072;bloodborne_blocks:owner_unified_0f438bf9d16d1a0cbdf3;True;/tp @s -695 230 -246;facing=north,root_anchor=canonical,variant=0;minecraft:brick_wall[east=low,north=tall,south=tall,up=false,waterlogged=false,west=low] | minecraft:brick_wall[east=tall,north=low,south=low,up=false,waterlogged=false,west=tall]
08073;bloodborne_blocks:owner_unified_0f741cb14d719d7998c6;True;/tp @s -683 230 -246;facing=north,root_anchor=canonical,variant=0;minecraft:birch_stairs[facing=west,half=bottom,shape=outer_right,waterlogged=false]
08074;bloodborne_blocks:owner_unified_0f81b5fb4af046c2f6d3;True;/tp @s -671 230 -246;facing=north,root_anchor=canonical,variant=0;minecraft:cobblestone_wall[east=none,north=tall,south=tall,up=true,waterlogged=false,west=none]
08075;bloodborne_blocks:owner_unified_0f878dc13f87282802c0;True;/tp @s -659 230 -246;facing=north,root_anchor=canonical,variant=0;minecraft:mossy_cobblestone | minecraft:mossy_cobblestone_slab[type=double,waterlogged=false]
08076;bloodborne_blocks:owner_unified_0f8d2c76a57304117782;True;/tp @s -647 230 -246;facing=north,root_anchor=canonical,variant=0;minecraft:quartz_pillar[axis=x] | minecraft:quartz_pillar[axis=z]
08077;bloodborne_blocks:owner_unified_0fa30ec0cb377bb28d2a;True;/tp @s -633 230 -246;facing=north,root_anchor=canonical,variant=0;minecraft:birch_stairs[facing=south,half=top,shape=straight,waterlogged=false]
08078;bloodborne_blocks:owner_unified_0fad1b30f2abfc6094dc;True;/tp @s -621 230 -246;facing=north,root_anchor=canonical,variant=0;minecraft:weathered_cut_copper
08079;bloodborne_blocks:owner_unified_0fb14cf8f5a07d205141;True;/tp @s -609 230 -246;facing=north,root_anchor=canonical,variant=0;minecraft:stone_brick_wall[east=low,north=none,south=none,up=true,waterlogged=false,west=none]
08080;bloodborne_blocks:owner_unified_0fb2c90065d87d8ae05a;True;/tp @s -597 230 -246;facing=north,root_anchor=canonical,variant=0;minecraft:iron_trapdoor[facing=west,half=top,open=true,powered=false,waterlogged=false]
08081;bloodborne_blocks:owner_unified_0fcd53d7268483d644f5;True;/tp @s -585 230 -246;facing=north,root_anchor=canonical,variant=0;minecraft:mossy_cobblestone_wall[east=tall,north=low,south=low,up=true,waterlogged=false,west=low]
08082;bloodborne_blocks:owner_unified_0fd586872ca6bb7fd68e;True;/tp @s -573 230 -246;facing=north,root_anchor=canonical,variant=0;minecraft:brick_wall[east=tall,north=low,south=none,up=true,waterlogged=false,west=none]
08083;bloodborne_blocks:owner_unified_0fdd83a5cfaaa62f3d1b;True;/tp @s -560 230 -246;facing=north,root_anchor=canonical,variant=0;minecraft:deepslate_brick_stairs[facing=south,half=top,shape=straight,waterlogged=false]
08084;bloodborne_blocks:owner_unified_0fdefc1bc25c99c5eb21;True;/tp @s -548 230 -246;facing=north,root_anchor=canonical,variant=0;minecraft:prismarine_wall[east=none,north=none,south=tall,up=true,waterlogged=false,west=low]
08085;bloodborne_blocks:owner_unified_0fe2e5913ffde88b2dbb;True;/tp @s -536 230 -246;facing=north,root_anchor=canonical,variant=0;minecraft:spruce_stairs[facing=south,half=bottom,shape=straight,waterlogged=false]
08086;bloodborne_blocks:owner_unified_0fe7c6073aae8d4c3618;True;/tp @s -523 230 -246;facing=north,root_anchor=canonical,variant=0;minecraft:spruce_fence_gate[facing=north,in_wall=false,open=false,powered=false] | minecraft:spruce_fence_gate[facing=south,in_wall=false,open=false,powered=false] | minecraft:spruce_fence_gate[facing=west,in_wall=false,open=false,powered=false]
08087;bloodborne_blocks:owner_unified_0fef6d23009dc889ed1b;True;/tp @s -511 230 -246;facing=north,root_anchor=canonical,variant=0;minecraft:brown_glazed_terracotta[facing=north] | minecraft:brown_glazed_terracotta[facing=south]
08088;bloodborne_blocks:owner_unified_10027eab2b834df3ffea;True;/tp @s -499 230 -246;facing=north,root_anchor=canonical,variant=0;minecraft:pink_glazed_terracotta[facing=east]
08089;bloodborne_blocks:owner_unified_10049199d26150e919f7;True;/tp @s -487 230 -246;facing=north,root_anchor=canonical,variant=0;minecraft:stone_brick_wall[east=low,north=tall,south=none,up=true,waterlogged=false,west=tall]
08090;bloodborne_blocks:owner_unified_100eea438ce124f5f755;True;/tp @s -474 230 -246;facing=north,root_anchor=canonical,variant=0;minecraft:cobbled_deepslate_wall[east=tall,north=low,south=none,up=true,waterlogged=false,west=none]
08091;bloodborne_blocks:owner_unified_10222c29359ac89edcac;True;/tp @s -462 230 -246;facing=north,root_anchor=canonical,variant=0;minecraft:nether_brick_stairs[facing=south,half=top,shape=straight,waterlogged=false]
08092;bloodborne_blocks:owner_unified_103475aa01ae55e18603;True;/tp @s -446 230 -246;facing=north,root_anchor=canonical,variant=0;minecraft:deepslate_tile_wall[east=tall,north=tall,south=none,up=true,waterlogged=false,west=none]
08093;bloodborne_blocks:owner_unified_1037a247297e1faa0e21;True;/tp @s -431 230 -246;facing=north,root_anchor=canonical,variant=0;minecraft:stone_brick_wall[east=tall,north=low,south=none,up=true,waterlogged=false,west=low]
08094;bloodborne_blocks:owner_unified_1037f8f305c20eeadfe8;True;/tp @s -417 230 -246;facing=north,root_anchor=canonical,variant=0;minecraft:prismarine_stairs[facing=north,half=bottom,shape=straight,waterlogged=false]
08095;bloodborne_blocks:owner_unified_103bf97f3aa017e2d0f0;True;/tp @s -405 230 -246;facing=north,root_anchor=canonical,variant=0;minecraft:mossy_cobblestone_wall[east=low,north=none,south=tall,up=true,waterlogged=false,west=none]
08096;bloodborne_blocks:owner_unified_103c5d0602920933fd62;True;/tp @s -391 230 -246;facing=north,root_anchor=canonical,variant=0;minecraft:dead_bubble_coral_wall_fan[facing=west,waterlogged=false]
08097;bloodborne_blocks:owner_unified_103d17a70cb4336ba245;True;/tp @s -379 230 -246;facing=north,root_anchor=canonical,variant=0;minecraft:stone_brick_wall[east=tall,north=tall,south=low,up=true,waterlogged=false,west=none]
08098;bloodborne_blocks:owner_unified_10480a3a8220d9633e23;True;/tp @s -367 230 -246;facing=north,root_anchor=canonical,variant=0;minecraft:prismarine_wall[east=none,north=none,south=low,up=true,waterlogged=false,west=low]
08099;bloodborne_blocks:owner_unified_104e675c3195460bc9c4;True;/tp @s -355 230 -246;facing=north,root_anchor=canonical,variant=0;minecraft:stone_stairs[facing=south,half=top,shape=outer_right,waterlogged=false] | minecraft:stone_stairs[facing=west,half=top,shape=outer_left,waterlogged=false]
08100;bloodborne_blocks:owner_unified_1052d3c8c61905ad2702;True;/tp @s -343 230 -246;facing=north,root_anchor=canonical,variant=0;minecraft:cobbled_deepslate_wall[east=tall,north=none,south=low,up=true,waterlogged=false,west=tall]
08101;bloodborne_blocks:owner_unified_105ff31d437b91d62314;True;/tp @s -331 230 -246;facing=north,root_anchor=canonical,variant=0;minecraft:mossy_cobblestone_stairs[facing=west,half=top,shape=straight,waterlogged=false]
08102;bloodborne_blocks:owner_unified_106323e7339b69d7b752;True;/tp @s -319 230 -246;facing=north,root_anchor=canonical,variant=0;minecraft:brick_wall[east=tall,north=none,south=none,up=true,waterlogged=false,west=tall]
08103;bloodborne_blocks:owner_unified_1064c5c0d9d1e32b1007;True;/tp @s -307 230 -246;facing=north,root_anchor=canonical,variant=0;minecraft:dark_oak_button[face=floor,facing=west,powered=false]
08104;bloodborne_blocks:owner_unified_106c376385c7b7e49daf;True;/tp @s -294 230 -246;facing=north,root_anchor=canonical,variant=0;minecraft:polished_andesite_stairs[facing=west,half=bottom,shape=straight,waterlogged=false]
08105;bloodborne_blocks:owner_unified_107888e7fea0f0541f2b;True;/tp @s -282 230 -246;facing=north,root_anchor=canonical,variant=0;minecraft:granite_wall[east=none,north=low,south=tall,up=true,waterlogged=false,west=tall]
08106;bloodborne_blocks:owner_unified_107bb0d7165326f1ed04;True;/tp @s -270 230 -246;facing=north,root_anchor=canonical,variant=0;minecraft:green_stained_glass_pane[east=true,north=false,south=false,waterlogged=false,west=false]
08107;bloodborne_blocks:owner_unified_1082502f0ca51d2c74db;True;/tp @s -258 230 -246;facing=north,root_anchor=canonical,variant=0;minecraft:cyan_stained_glass_pane[east=true,north=false,south=false,waterlogged=false,west=false]
08108;bloodborne_blocks:owner_unified_109950f8e0ff9c05c5b1;True;/tp @s -244 230 -246;facing=north,root_anchor=canonical,variant=0;minecraft:mossy_cobblestone_wall[east=none,north=tall,south=low,up=true,waterlogged=false,west=tall]
08109;bloodborne_blocks:owner_unified_10a2dd37f113e1f971c6;True;/tp @s -226 230 -246;facing=north,root_anchor=canonical,variant=0;minecraft:green_stained_glass_pane[east=true,north=true,south=true,waterlogged=false,west=false]
08110;bloodborne_blocks:owner_unified_10a614e119685429b8fd;True;/tp @s -213 230 -246;facing=north,root_anchor=canonical,variant=0;minecraft:red_nether_brick_wall[east=none,north=tall,south=tall,up=true,waterlogged=false,west=tall]
08111;bloodborne_blocks:owner_unified_10a9741e0b1b079ea945;True;/tp @s -199 230 -246;facing=north,root_anchor=canonical,variant=0;minecraft:brown_stained_glass_pane[east=false,north=false,south=false,waterlogged=false,west=false]
08112;bloodborne_blocks:owner_unified_10aaf7841325ef32b088;True;/tp @s -187 230 -246;facing=north,root_anchor=canonical,variant=0;minecraft:brown_stained_glass_pane[east=true,north=true,south=false,waterlogged=false,west=true]
08113;bloodborne_blocks:owner_unified_10be40caa7506d0cced5;True;/tp @s -175 230 -246;facing=north,root_anchor=canonical,variant=0;minecraft:stone_brick_stairs[facing=north,half=top,shape=straight,waterlogged=false]
08114;bloodborne_blocks:owner_unified_10bfeab268a4a59b520c;True;/tp @s -163 230 -246;facing=north,root_anchor=canonical,variant=0;minecraft:granite_wall[east=low,north=low,south=tall,up=true,waterlogged=false,west=none]
08115;bloodborne_blocks:owner_unified_10cc5b7c3613f5b59046;True;/tp @s -695 230 -233;facing=north,root_anchor=canonical,variant=0;minecraft:deepslate_brick_wall[east=tall,north=none,south=none,up=true,waterlogged=false,west=tall]
08116;bloodborne_blocks:owner_unified_10d14ef201dc85cb7c8d;True;/tp @s -683 230 -233;facing=north,root_anchor=canonical,variant=0;minecraft:cobbled_deepslate_wall[east=tall,north=none,south=none,up=true,waterlogged=false,west=tall]
08117;bloodborne_blocks:owner_unified_10d4ea8cd58afcf67ad0;True;/tp @s -671 230 -233;facing=north,root_anchor=canonical,variant=0;minecraft:deepslate_diamond_ore
08118;bloodborne_blocks:owner_unified_10e1c399bc702fc26b7c;True;/tp @s -659 230 -233;facing=north,root_anchor=canonical,variant=0;minecraft:prismarine_wall[east=low,north=low,south=low,up=true,waterlogged=false,west=tall]
08119;bloodborne_blocks:owner_unified_10e6f39d835c73e65c8f;True;/tp @s -647 230 -233;facing=north,root_anchor=canonical,variant=0;minecraft:nether_brick_stairs[facing=west,half=bottom,shape=straight,waterlogged=false]
08120;bloodborne_blocks:owner_unified_10eb5cb8daff288635e0;True;/tp @s -633 230 -233;facing=north,root_anchor=canonical,variant=0;minecraft:light_blue_stained_glass_pane[east=true,north=false,south=false,waterlogged=false,west=false]
08121;bloodborne_blocks:owner_unified_1108a6a29ea9c71c7b30;True;/tp @s -621 230 -233;facing=north,root_anchor=canonical,variant=0;minecraft:crimson_trapdoor[facing=east,half=top,open=false,powered=false,waterlogged=false] | minecraft:crimson_trapdoor[facing=north,half=top,open=false,powered=false,waterlogged=false] | minecraft:crimson_trapdoor[facing=south,half=top,open=false,powered=false,waterlogged=false]
08122;bloodborne_blocks:owner_unified_110a794a1ec004da5767;True;/tp @s -609 230 -233;facing=north,root_anchor=canonical,variant=0;minecraft:mossy_cobblestone_wall[east=none,north=tall,south=low,up=true,waterlogged=false,west=none]
08123;bloodborne_blocks:owner_unified_111f12aa05ff2bd60ee0;True;/tp @s -597 230 -233;facing=north,root_anchor=canonical,variant=0;minecraft:stone_brick_wall[east=low,north=low,south=low,up=true,waterlogged=false,west=none]
08124;bloodborne_blocks:owner_unified_1129e89178bd9c683ef1;True;/tp @s -585 230 -233;facing=north,root_anchor=canonical,variant=0;minecraft:spruce_fence_gate[facing=east,in_wall=false,open=true,powered=false] | minecraft:spruce_fence_gate[facing=north,in_wall=false,open=true,powered=false] | minecraft:spruce_fence_gate[facing=south,in_wall=false,open=true,powered=false] | minecraft:spruce_fence_gate[facing=west,in_wall=false,open=true,powered=false]
08125;bloodborne_blocks:owner_unified_113632b729c1dc687e62;True;/tp @s -573 230 -233;facing=north,root_anchor=canonical,variant=0;minecraft:snow[layers=1]
08126;bloodborne_blocks:owner_unified_113880e5911b3d08a846;True;/tp @s -560 230 -233;facing=north,root_anchor=canonical,variant=0;minecraft:diorite_stairs[facing=south,half=bottom,shape=straight,waterlogged=false] | minecraft:diorite_stairs[facing=west,half=bottom,shape=straight,waterlogged=false]
08127;bloodborne_blocks:owner_unified_113c429b9d35e1990d37;True;/tp @s -548 230 -233;facing=north,root_anchor=canonical,variant=0;minecraft:stripped_spruce_log[axis=z]
08128;bloodborne_blocks:owner_unified_113dd7de6b0643e16155;True;/tp @s -536 230 -233;facing=north,root_anchor=canonical,variant=0;minecraft:dark_prismarine_stairs[facing=north,half=bottom,shape=straight,waterlogged=false] | minecraft:dark_prismarine_stairs[facing=north,half=bottom,shape=straight,waterlogged=true] | minecraft:dark_prismarine_stairs[facing=west,half=bottom,shape=straight,waterlogged=false]
08129;bloodborne_blocks:owner_unified_114f418d59dc4bd24665;True;/tp @s -523 230 -233;facing=north,root_anchor=canonical,variant=0;minecraft:iron_bars[east=false,north=true,south=false,waterlogged=false,west=true]
08130;bloodborne_blocks:owner_unified_11582e084aa2201b36c8;True;/tp @s -511 230 -233;facing=north,root_anchor=canonical,variant=0;minecraft:dead_horn_coral[waterlogged=false]
08131;bloodborne_blocks:owner_unified_1167864f090b496cf0f6;True;/tp @s -499 230 -233;facing=north,root_anchor=canonical,variant=0;minecraft:green_stained_glass_pane[east=true,north=true,south=false,waterlogged=false,west=false]
08132;bloodborne_blocks:owner_unified_1170e78f5e876f773519;True;/tp @s -487 230 -233;facing=north,root_anchor=canonical,variant=0;minecraft:prismarine_wall[east=none,north=none,south=none,up=true,waterlogged=false,west=tall]
08133;bloodborne_blocks:owner_unified_118a5fd951da76fee809;True;/tp @s -474 230 -233;facing=north,root_anchor=canonical,variant=0;minecraft:cobbled_deepslate_wall[east=none,north=none,south=none,up=true,waterlogged=false,west=tall]
08134;bloodborne_blocks:owner_unified_11931b48886c2e3e5ee3;True;/tp @s -462 230 -233;facing=north,root_anchor=canonical,variant=0;minecraft:bone_block[axis=z] | minecraft:stripped_warped_hyphae[axis=x]
08135;bloodborne_blocks:owner_unified_119e4ebc86ee3b4c514e;True;/tp @s -446 230 -233;facing=north,root_anchor=canonical,variant=0;minecraft:quartz_stairs[facing=west,half=bottom,shape=straight,waterlogged=false]
08136;bloodborne_blocks:owner_unified_11a3ed6751fc14193d70;True;/tp @s -431 230 -233;facing=north,root_anchor=canonical,variant=0;minecraft:granite_stairs[facing=south,half=bottom,shape=straight,waterlogged=false]
08137;bloodborne_blocks:owner_unified_11aa5b670bfe4dc9f97a;True;/tp @s -417 230 -233;facing=north,root_anchor=canonical,variant=0;minecraft:cobbled_deepslate_stairs[facing=south,half=bottom,shape=straight,waterlogged=false]
08138;bloodborne_blocks:owner_unified_11ac8715d2a923cbeb6a;True;/tp @s -405 230 -233;facing=north,root_anchor=canonical,variant=0;minecraft:prismarine_wall[east=tall,north=low,south=none,up=true,waterlogged=false,west=none]
08139;bloodborne_blocks:owner_unified_11ad3cfd27b913b2c4f7;True;/tp @s -391 230 -233;facing=north,root_anchor=canonical,variant=0;minecraft:weathered_cut_copper_stairs[facing=east,half=bottom,shape=straight,waterlogged=false] | minecraft:weathered_cut_copper_stairs[facing=south,half=bottom,shape=straight,waterlogged=false]
08140;bloodborne_blocks:owner_unified_11b079586408165190fd;True;/tp @s -379 230 -233;facing=north,root_anchor=canonical,variant=0;minecraft:mossy_cobblestone_wall[east=none,north=low,south=tall,up=true,waterlogged=false,west=tall]
08141;bloodborne_blocks:owner_unified_11b3bfd8170b7c0b8dfe;True;/tp @s -367 230 -233;facing=north,root_anchor=canonical,variant=0;minecraft:granite_wall[east=tall,north=tall,south=none,up=true,waterlogged=false,west=none]
08142;bloodborne_blocks:owner_unified_11bb7a1f3f8f4851308d;True;/tp @s -355 230 -233;facing=north,root_anchor=canonical,variant=0;minecraft:red_sandstone
08143;bloodborne_blocks:owner_unified_11d5bc73a41b28211668;True;/tp @s -343 230 -233;facing=north,root_anchor=canonical,variant=0;minecraft:stone_brick_wall[east=none,north=none,south=low,up=true,waterlogged=false,west=tall]
08144;bloodborne_blocks:owner_unified_11dad2bf2384ec3bf50f;True;/tp @s -331 230 -233;facing=north,root_anchor=canonical,variant=0;minecraft:dripstone_block
08145;bloodborne_blocks:owner_unified_11ddc2438310f39a666d;True;/tp @s -319 230 -233;facing=north,root_anchor=canonical,variant=0;minecraft:dark_oak_fence[east=false,north=false,south=false,waterlogged=false,west=true] | minecraft:dark_oak_fence[east=false,north=false,south=true,waterlogged=false,west=false] | minecraft:dark_oak_fence[east=false,north=true,south=false,waterlogged=false,west=false] | minecraft:dark_oak_fence[east=true,north=false,south=false,waterlogged=false,west=false]
08146;bloodborne_blocks:owner_unified_11e825e11a3c041f7e5a;True;/tp @s -307 230 -233;facing=north,root_anchor=canonical,variant=0;minecraft:acacia_fence_gate[facing=west,in_wall=false,open=true,powered=false]
08147;bloodborne_blocks:owner_unified_11eff5e7c6b2117fc0e8;True;/tp @s -294 230 -233;facing=north,root_anchor=canonical,variant=0;minecraft:birch_stairs[facing=west,half=bottom,shape=inner_right,waterlogged=false]
08148;bloodborne_blocks:owner_unified_11f54231dc2bfb403479;True;/tp @s -282 230 -233;facing=north,root_anchor=canonical,variant=0;minecraft:deepslate_copper_ore
08149;bloodborne_blocks:owner_unified_1213d09106232dd96e99;True;/tp @s -270 230 -233;facing=north,root_anchor=canonical,variant=0;minecraft:birch_stairs[facing=east,half=top,shape=straight,waterlogged=false]
08150;bloodborne_blocks:owner_unified_121623be6c247046aaa1;True;/tp @s -258 230 -233;facing=north,root_anchor=canonical,variant=0;minecraft:granite_wall[east=none,north=tall,south=none,up=true,waterlogged=false,west=none]
08151;bloodborne_blocks:owner_unified_1220c49d57d7d12a30b9;True;/tp @s -244 230 -233;facing=north,root_anchor=canonical,variant=0;minecraft:brick_stairs[facing=south,half=top,shape=straight,waterlogged=false]
08152;bloodborne_blocks:owner_unified_1226b11a558ed53e53d0;True;/tp @s -226 230 -233;facing=north,root_anchor=canonical,variant=0;minecraft:mossy_cobblestone_wall[east=low,north=tall,south=tall,up=true,waterlogged=false,west=none]
08153;bloodborne_blocks:owner_unified_122c999d090470575d86;True;/tp @s -213 230 -233;facing=north,root_anchor=canonical,variant=0;minecraft:brick_wall[east=none,north=none,south=tall,up=true,waterlogged=false,west=none]
08154;bloodborne_blocks:owner_unified_1238e5765c4a7d7524e6;True;/tp @s -199 230 -233;facing=north,root_anchor=canonical,variant=0;minecraft:end_stone_brick_wall[east=none,north=tall,south=tall,up=true,waterlogged=false,west=tall]
08155;bloodborne_blocks:owner_unified_1267593090533c0e1626;True;/tp @s -187 230 -233;facing=north,root_anchor=canonical,variant=0;minecraft:mossy_cobblestone_wall[east=tall,north=none,south=low,up=true,waterlogged=false,west=tall]
08156;bloodborne_blocks:owner_unified_12724f199e022d324b89;True;/tp @s -175 230 -233;facing=north,root_anchor=canonical,variant=0;minecraft:brick_stairs[facing=east,half=top,shape=inner_left,waterlogged=false] | minecraft:brick_stairs[facing=north,half=top,shape=inner_right,waterlogged=false]
08157;bloodborne_blocks:owner_unified_1280f394680ff1df9f6b;True;/tp @s -163 230 -233;facing=north,root_anchor=canonical,variant=0;minecraft:chiseled_red_sandstone
08158;bloodborne_blocks:owner_unified_1280fce8155999da988e;True;/tp @s -695 230 -218;facing=north,root_anchor=canonical,variant=0;minecraft:cobbled_deepslate_wall[east=tall,north=none,south=none,up=true,waterlogged=false,west=none]
08159;bloodborne_blocks:owner_unified_1287171e80bb0d3f9308;True;/tp @s -683 230 -218;facing=north,root_anchor=canonical,variant=0;minecraft:gray_stained_glass_pane[east=true,north=false,south=false,waterlogged=false,west=true]
08160;bloodborne_blocks:owner_unified_128e80678044ab7a60a5;True;/tp @s -671 230 -218;facing=north,root_anchor=canonical,variant=0;minecraft:prismarine_wall[east=none,north=tall,south=none,up=true,waterlogged=false,west=tall]
08161;bloodborne_blocks:owner_unified_1292328ca5345b04f46f;True;/tp @s -659 230 -218;facing=north,root_anchor=canonical,variant=0;minecraft:lightning_rod[facing=up,powered=false,waterlogged=false]
08162;bloodborne_blocks:owner_unified_1295d0f024ab2e2fc0a5;True;/tp @s -647 230 -218;facing=north,root_anchor=canonical,variant=0;minecraft:cobweb
08163;bloodborne_blocks:owner_unified_129cb72cec2ee9aa0bf7;True;/tp @s -633 230 -218;facing=north,root_anchor=canonical,variant=0;minecraft:coal_block
08164;bloodborne_blocks:owner_unified_12a95008d6dcf40b14c7;True;/tp @s -621 230 -218;facing=north,root_anchor=canonical,variant=0;minecraft:granite_wall[east=none,north=tall,south=low,up=true,waterlogged=false,west=low]
08165;bloodborne_blocks:owner_unified_12b1bdc8096bd4733db6;True;/tp @s -609 230 -218;facing=north,root_anchor=canonical,variant=0;minecraft:red_stained_glass_pane[east=false,north=true,south=true,waterlogged=false,west=true]
08166;bloodborne_blocks:owner_unified_12d0cffaf0b3e05c7e01;True;/tp @s -597 230 -218;facing=north,root_anchor=canonical,variant=0;minecraft:prismarine_wall[east=none,north=low,south=none,up=true,waterlogged=false,west=tall]
08167;bloodborne_blocks:owner_unified_12d399fdbf9b02b5d815;True;/tp @s -585 230 -218;facing=north,root_anchor=canonical,variant=0;minecraft:green_stained_glass_pane[east=false,north=true,south=true,waterlogged=false,west=true]
08168;bloodborne_blocks:owner_unified_12d7f19909324e818cf6;True;/tp @s -573 230 -218;facing=north,root_anchor=canonical,variant=0;minecraft:snow[layers=6]
08169;bloodborne_blocks:owner_unified_12e1e39e41f4444ee7cb;True;/tp @s -560 230 -218;facing=north,root_anchor=canonical,variant=0;minecraft:green_stained_glass_pane[east=true,north=false,south=true,waterlogged=false,west=true]
08170;bloodborne_blocks:owner_unified_12f043d4929bdc90eeb3;True;/tp @s -548 230 -218;facing=north,root_anchor=canonical,variant=0;minecraft:stone_brick_wall[east=low,north=tall,south=low,up=true,waterlogged=false,west=none]
08171;bloodborne_blocks:owner_unified_12f0d76bf863ca750dbd;True;/tp @s -536 230 -218;facing=north,root_anchor=canonical,variant=0;minecraft:mossy_cobblestone_wall[east=tall,north=low,south=tall,up=false,waterlogged=false,west=tall]
08172;bloodborne_blocks:owner_unified_12f6b722faf56a6da8f7;True;/tp @s -523 230 -218;facing=north,root_anchor=canonical,variant=0;minecraft:brown_stained_glass_pane[east=false,north=false,south=true,waterlogged=false,west=true]
08173;bloodborne_blocks:owner_unified_1329065b375d1881f11b;True;/tp @s -511 230 -218;facing=north,root_anchor=canonical,variant=0;minecraft:deepslate_brick_stairs[facing=south,half=bottom,shape=straight,waterlogged=false]
08174;bloodborne_blocks:owner_unified_1337b99a4c5aeb742103;True;/tp @s -499 230 -218;facing=north,root_anchor=canonical,variant=0;minecraft:pink_stained_glass_pane[east=false,north=false,south=true,waterlogged=false,west=true]
08175;bloodborne_blocks:owner_unified_13519d94a66aac59f57b;True;/tp @s -487 230 -218;facing=north,root_anchor=canonical,variant=0;minecraft:red_nether_brick_stairs[facing=north,half=bottom,shape=straight,waterlogged=false]
08176;bloodborne_blocks:owner_unified_135d24ee3ff324686366;True;/tp @s -474 230 -218;facing=north,root_anchor=canonical,variant=0;minecraft:polished_diorite_stairs[facing=east,half=top,shape=straight,waterlogged=false]
08177;bloodborne_blocks:owner_unified_136c2ae5f7bbb8c787a2;True;/tp @s -462 230 -218;facing=north,root_anchor=canonical,variant=0;minecraft:smooth_sandstone_stairs[facing=south,half=top,shape=outer_right,waterlogged=false]
08178;bloodborne_blocks:owner_unified_1378cdf34c08c05aef35;True;/tp @s -446 230 -218;facing=north,root_anchor=canonical,variant=0;minecraft:dried_kelp_block
08179;bloodborne_blocks:owner_unified_137ab20fdc1b42439eb9;True;/tp @s -431 230 -218;facing=north,root_anchor=canonical,variant=0;minecraft:granite_stairs[facing=east,half=top,shape=outer_right,waterlogged=false] | minecraft:granite_stairs[facing=south,half=top,shape=outer_left,waterlogged=false]
08180;bloodborne_blocks:owner_unified_13855bd94e8dc49bc927;True;/tp @s -417 230 -218;facing=north,root_anchor=canonical,variant=0;minecraft:brick_wall[east=none,north=tall,south=low,up=true,waterlogged=false,west=tall]
08181;bloodborne_blocks:owner_unified_1388dab6671c6835ec74;True;/tp @s -405 230 -218;facing=north,root_anchor=canonical,variant=0;minecraft:nether_bricks
08182;bloodborne_blocks:owner_unified_1397131122ad2b025cc9;True;/tp @s -391 230 -218;facing=north,root_anchor=canonical,variant=0;minecraft:birch_log[axis=x] | minecraft:birch_log[axis=y] | minecraft:birch_log[axis=z]
08183;bloodborne_blocks:owner_unified_139b71b794977674e513;True;/tp @s -379 230 -218;facing=north,root_anchor=canonical,variant=0;minecraft:oxidized_copper
08184;bloodborne_blocks:owner_unified_139d54bd68ebb68e2e8b;True;/tp @s -367 230 -218;facing=north,root_anchor=canonical,variant=0;minecraft:jungle_trapdoor[facing=east,half=top,open=false,powered=false,waterlogged=false] | minecraft:jungle_trapdoor[facing=north,half=top,open=false,powered=false,waterlogged=false] | minecraft:jungle_trapdoor[facing=south,half=top,open=false,powered=false,waterlogged=false] | minecraft:jungle_trapdoor[facing=west,half=top,open=false,powered=false,waterlogged=false]
08185;bloodborne_blocks:owner_unified_13a1d7780985dc1fdff0;True;/tp @s -355 230 -218;facing=north,root_anchor=canonical,variant=0;minecraft:brick_stairs[facing=south,half=bottom,shape=straight,waterlogged=false] | minecraft:brick_stairs[facing=south,half=bottom,shape=straight,waterlogged=true]
08186;bloodborne_blocks:owner_unified_13a7ede227f76950e48d;True;/tp @s -343 230 -218;facing=north,root_anchor=canonical,variant=0;minecraft:granite_wall[east=tall,north=tall,south=low,up=true,waterlogged=false,west=tall]
08187;bloodborne_blocks:owner_unified_13b5ed5106493f17f05b;True;/tp @s -331 230 -218;facing=north,root_anchor=canonical,variant=0;minecraft:end_stone_brick_wall[east=low,north=none,south=none,up=true,waterlogged=false,west=none]
08188;bloodborne_blocks:owner_unified_13b89ab775da36a96f41;True;/tp @s -319 230 -218;facing=north,root_anchor=canonical,variant=0;minecraft:pink_stained_glass_pane[east=false,north=false,south=true,waterlogged=false,west=false]
08189;bloodborne_blocks:owner_unified_13bacd082bf6059f2605;True;/tp @s -307 230 -218;facing=north,root_anchor=canonical,variant=0;minecraft:lime_glazed_terracotta[facing=east] | minecraft:lime_glazed_terracotta[facing=west]
08190;bloodborne_blocks:owner_unified_13bda639a2827c6d0e43;True;/tp @s -294 230 -218;facing=north,root_anchor=canonical,variant=0;minecraft:red_stained_glass_pane[east=false,north=false,south=true,waterlogged=false,west=true]
08191;bloodborne_blocks:owner_unified_13bff0ef954d483a0937;True;/tp @s -282 230 -218;facing=north,root_anchor=canonical,variant=0;minecraft:brick_wall[east=tall,north=low,south=low,up=true,waterlogged=false,west=tall]
08192;bloodborne_blocks:owner_unified_13d2cf238ebf06f4c027;True;/tp @s -270 230 -218;facing=north,root_anchor=canonical,variant=0;minecraft:deepslate_brick_wall[east=tall,north=tall,south=tall,up=true,waterlogged=false,west=none]
08193;bloodborne_blocks:owner_unified_13dc425997f4b9e7ea03;True;/tp @s -258 230 -218;facing=north,root_anchor=canonical,variant=0;minecraft:sandstone_stairs[facing=east,half=bottom,shape=straight,waterlogged=false]
08194;bloodborne_blocks:owner_unified_141011b77d657c8dbe76;True;/tp @s -244 230 -218;facing=north,root_anchor=canonical,variant=0;minecraft:mossy_cobblestone_wall[east=tall,north=low,south=low,up=false,waterlogged=false,west=tall]
08195;bloodborne_blocks:owner_unified_1411de7bc3ee2027df22;True;/tp @s -226 230 -218;facing=north,root_anchor=canonical,variant=0;minecraft:prismarine_brick_stairs[facing=east,half=top,shape=straight,waterlogged=false] | minecraft:prismarine_brick_stairs[facing=north,half=top,shape=straight,waterlogged=false] | minecraft:prismarine_brick_stairs[facing=south,half=top,shape=straight,waterlogged=false] | minecraft:prismarine_brick_stairs[facing=west,half=top,shape=straight,waterlogged=false]
08196;bloodborne_blocks:owner_unified_1414a96d1543ce385f5c;True;/tp @s -213 230 -218;facing=north,root_anchor=canonical,variant=0;minecraft:chiseled_deepslate
08197;bloodborne_blocks:owner_unified_1416367ac3d609d76a31;True;/tp @s -199 230 -218;facing=north,root_anchor=canonical,variant=0;minecraft:cyan_stained_glass_pane[east=false,north=true,south=true,waterlogged=false,west=false] | minecraft:cyan_stained_glass_pane[east=true,north=false,south=false,waterlogged=false,west=true]
08198;bloodborne_blocks:owner_unified_143669af1b9bba678608;True;/tp @s -187 230 -218;facing=north,root_anchor=canonical,variant=0;minecraft:mossy_cobblestone_wall[east=none,north=tall,south=none,up=true,waterlogged=false,west=tall]
08199;bloodborne_blocks:owner_unified_143becb86ee86d01adab;True;/tp @s -175 230 -218;facing=north,root_anchor=canonical,variant=0;minecraft:polished_andesite_stairs[facing=south,half=top,shape=straight,waterlogged=false]
08200;bloodborne_blocks:owner_unified_143f5cea8f15ea971268;True;/tp @s -163 230 -218;facing=north,root_anchor=canonical,variant=0;minecraft:jungle_fence_gate[facing=east,in_wall=false,open=false,powered=false] | minecraft:jungle_fence_gate[facing=north,in_wall=false,open=false,powered=false] | minecraft:jungle_fence_gate[facing=south,in_wall=false,open=false,powered=false] | minecraft:jungle_fence_gate[facing=west,in_wall=false,open=false,powered=false]
08201;bloodborne_blocks:owner_unified_14441c3698c57a9fb048;True;/tp @s -695 230 -206;facing=north,root_anchor=canonical,variant=0;minecraft:cobbled_deepslate_stairs[facing=east,half=top,shape=outer_left,waterlogged=false] | minecraft:cobbled_deepslate_stairs[facing=north,half=top,shape=outer_right,waterlogged=false]
08202;bloodborne_blocks:owner_unified_144544d7edc8d97e0798;True;/tp @s -683 230 -206;facing=north,root_anchor=canonical,variant=0;minecraft:cobblestone_wall[east=none,north=tall,south=tall,up=false,waterlogged=false,west=none]
08203;bloodborne_blocks:owner_unified_146f67ce8f2d7d068395;True;/tp @s -671 230 -206;facing=north,root_anchor=canonical,variant=0;minecraft:cobbled_deepslate_wall[east=tall,north=low,south=low,up=true,waterlogged=false,west=low]
08204;bloodborne_blocks:owner_unified_1477045ee53248bd14cf;True;/tp @s -659 230 -206;facing=north,root_anchor=canonical,variant=0;minecraft:oak_stairs[facing=north,half=bottom,shape=inner_right,waterlogged=false]
08205;bloodborne_blocks:owner_unified_147f96dbeb19ef84bc24;True;/tp @s -647 230 -206;facing=north,root_anchor=canonical,variant=0;minecraft:jungle_fence[east=false,north=false,south=false,waterlogged=false,west=true] | minecraft:jungle_fence[east=false,north=true,south=false,waterlogged=false,west=true] | minecraft:jungle_fence[east=true,north=false,south=false,waterlogged=false,west=false] | minecraft:jungle_fence[east=true,north=true,south=false,waterlogged=false,west=false]
08206;bloodborne_blocks:owner_unified_14840682e543755c777b;True;/tp @s -633 230 -206;facing=north,root_anchor=canonical,variant=0;minecraft:prismarine_wall[east=low,north=none,south=none,up=false,waterlogged=false,west=low]
08207;bloodborne_blocks:owner_unified_148f64573e16e8d753fc;True;/tp @s -621 230 -206;facing=north,root_anchor=canonical,variant=0;minecraft:white_stained_glass_pane[east=true,north=false,south=false,waterlogged=false,west=true]
08208;bloodborne_blocks:owner_unified_149986491947aa9c2a54;True;/tp @s -609 230 -206;facing=north,root_anchor=canonical,variant=0;minecraft:mossy_cobblestone_wall[east=tall,north=low,south=tall,up=true,waterlogged=false,west=none]
08209;bloodborne_blocks:owner_unified_14a272678ecd00d0b0ea;True;/tp @s -597 230 -206;facing=north,root_anchor=canonical,variant=0;minecraft:cobbled_deepslate_stairs[facing=north,half=top,shape=outer_left,waterlogged=false] | minecraft:cobbled_deepslate_stairs[facing=west,half=top,shape=outer_right,waterlogged=false]
08210;bloodborne_blocks:owner_unified_14b0015ece8c3f31d309;True;/tp @s -585 230 -206;facing=north,root_anchor=canonical,variant=0;minecraft:brick_stairs[facing=west,half=top,shape=straight,waterlogged=false]
08211;bloodborne_blocks:owner_unified_14bb14b92587a59b3015;True;/tp @s -573 230 -206;facing=north,root_anchor=canonical,variant=0;minecraft:cobblestone_wall[east=low,north=none,south=tall,up=true,waterlogged=false,west=low]
08212;bloodborne_blocks:owner_unified_14c405aba13e65648270;True;/tp @s -560 230 -206;facing=north,root_anchor=canonical,variant=0;minecraft:cobbled_deepslate_slab[type=bottom,waterlogged=false]
08213;bloodborne_blocks:owner_unified_14c58790d1214c67eef7;True;/tp @s -548 230 -206;facing=north,root_anchor=canonical,variant=0;minecraft:brick_wall[east=tall,north=none,south=tall,up=true,waterlogged=false,west=low]
08214;bloodborne_blocks:owner_unified_14e45b4fbfd2ea29e777;True;/tp @s -536 230 -206;facing=north,root_anchor=canonical,variant=0;minecraft:cyan_glazed_terracotta[facing=north] | minecraft:cyan_glazed_terracotta[facing=south]
08215;bloodborne_blocks:owner_unified_14e9bb3ab6ecf8ff86c6;True;/tp @s -523 230 -206;facing=north,root_anchor=canonical,variant=0;minecraft:dead_brain_coral_fan[waterlogged=false]
08216;bloodborne_blocks:owner_unified_14f699ef191262a878b5;True;/tp @s -511 230 -206;facing=north,root_anchor=canonical,variant=0;minecraft:gray_glazed_terracotta[facing=east]
08217;bloodborne_blocks:owner_unified_14fe246ab6c349e95577;True;/tp @s -499 230 -206;facing=north,root_anchor=canonical,variant=0;minecraft:birch_fence_gate[facing=east,in_wall=false,open=true,powered=false] | minecraft:birch_fence_gate[facing=north,in_wall=false,open=true,powered=false] | minecraft:birch_fence_gate[facing=south,in_wall=false,open=true,powered=false] | minecraft:birch_fence_gate[facing=west,in_wall=false,open=true,powered=false]
08218;bloodborne_blocks:owner_unified_150abe6f2b5d8e832a34;True;/tp @s -487 230 -206;facing=north,root_anchor=canonical,variant=0;minecraft:acacia_button[face=floor,facing=east,powered=true] | minecraft:acacia_button[face=floor,facing=north,powered=true] | minecraft:acacia_button[face=floor,facing=south,powered=true] | minecraft:acacia_button[face=floor,facing=west,powered=true]
08219;bloodborne_blocks:owner_unified_151e5e215ae097e98d8d;True;/tp @s -474 230 -206;facing=north,root_anchor=canonical,variant=0;minecraft:stone_brick_wall[east=none,north=low,south=none,up=true,waterlogged=false,west=low]
08220;bloodborne_blocks:owner_unified_1523c1490dc0789a0515;True;/tp @s -462 230 -206;facing=north,root_anchor=canonical,variant=0;minecraft:prismarine_stairs[facing=west,half=top,shape=straight,waterlogged=false]
08221;bloodborne_blocks:owner_unified_15383c47c9b331d04142;True;/tp @s -446 230 -206;facing=north,root_anchor=canonical,variant=0;minecraft:prismarine_wall[east=tall,north=low,south=low,up=true,waterlogged=false,west=low]
08222;bloodborne_blocks:owner_unified_154a95c2c0dcfa739a4c;True;/tp @s -431 230 -206;facing=north,root_anchor=canonical,variant=0;minecraft:mossy_cobblestone_wall[east=low,north=low,south=none,up=true,waterlogged=false,west=low]
08223;bloodborne_blocks:owner_unified_155156aac80ee5de97c8;True;/tp @s -417 230 -206;facing=north,root_anchor=canonical,variant=0;minecraft:exposed_cut_copper_stairs[facing=west,half=bottom,shape=outer_left,waterlogged=false]
08224;bloodborne_blocks:owner_unified_1553d0ca53e7838cfe4f;True;/tp @s -405 230 -206;facing=north,root_anchor=canonical,variant=0;minecraft:stone_brick_stairs[facing=south,half=top,shape=straight,waterlogged=false]
08225;bloodborne_blocks:owner_unified_155b92a9b253e2269731;True;/tp @s -391 230 -206;facing=north,root_anchor=canonical,variant=0;minecraft:oak_planks
08226;bloodborne_blocks:owner_unified_1567cf3eeee6d02352d4;True;/tp @s -379 230 -206;facing=north,root_anchor=canonical,variant=0;minecraft:smooth_sandstone_stairs[facing=east,half=bottom,shape=straight,waterlogged=false] | minecraft:smooth_sandstone_stairs[facing=north,half=bottom,shape=straight,waterlogged=false] | minecraft:smooth_sandstone_stairs[facing=south,half=bottom,shape=straight,waterlogged=false] | minecraft:smooth_sandstone_stairs[facing=west,half=bottom,shape=straight,waterlogged=false]
08227;bloodborne_blocks:owner_unified_156c374e1a9f3239cb10;True;/tp @s -367 230 -206;facing=north,root_anchor=canonical,variant=0;minecraft:iron_bars[east=true,north=false,south=true,waterlogged=false,west=false]
08228;bloodborne_blocks:owner_unified_156d4d59fc1f2a144f04;True;/tp @s -355 230 -206;facing=north,root_anchor=canonical,variant=0;minecraft:end_stone_brick_wall[east=low,north=none,south=tall,up=true,waterlogged=false,west=none]
08229;bloodborne_blocks:owner_unified_157217bbdce2d93835b4;True;/tp @s -343 230 -206;facing=north,root_anchor=canonical,variant=0;minecraft:mossy_cobblestone_wall[east=low,north=tall,south=tall,up=false,waterlogged=false,west=low]
08230;bloodborne_blocks:owner_unified_1583a49176434a03a1b2;True;/tp @s -331 230 -206;facing=north,root_anchor=canonical,variant=0;minecraft:mossy_cobblestone_wall[east=tall,north=none,south=none,up=false,waterlogged=false,west=tall]
08231;bloodborne_blocks:owner_unified_15887d501ce62594fe8d;True;/tp @s -319 230 -206;facing=north,root_anchor=canonical,variant=0;minecraft:end_stone_brick_wall[east=none,north=low,south=none,up=true,waterlogged=false,west=none]
08232;bloodborne_blocks:owner_unified_158c37c3326238249b6d;True;/tp @s -307 230 -206;facing=north,root_anchor=canonical,variant=0;minecraft:stone_brick_wall[east=tall,north=low,south=low,up=true,waterlogged=false,west=none]
08233;bloodborne_blocks:owner_unified_159112d3fc956f3b8d96;True;/tp @s -294 230 -206;facing=north,root_anchor=canonical,variant=0;minecraft:nether_brick_stairs[facing=east,half=top,shape=straight,waterlogged=false]
08234;bloodborne_blocks:owner_unified_1594762368daf0ac36bd;True;/tp @s -282 230 -206;facing=north,root_anchor=canonical,variant=0;minecraft:black_glazed_terracotta[facing=north] | minecraft:black_glazed_terracotta[facing=west]
08235;bloodborne_blocks:owner_unified_15970ba7a77d14ecebed;True;/tp @s -270 230 -206;facing=north,root_anchor=canonical,variant=0;minecraft:andesite_stairs[facing=south,half=bottom,shape=inner_right,waterlogged=false]
08236;bloodborne_blocks:owner_unified_15a407d78fb85899c66e;True;/tp @s -258 230 -206;facing=north,root_anchor=canonical,variant=0;minecraft:netherite_block
08237;bloodborne_blocks:owner_unified_15bd6a61a6b431ae22fc;True;/tp @s -244 230 -206;facing=north,root_anchor=canonical,variant=0;minecraft:granite_wall[east=none,north=tall,south=tall,up=true,waterlogged=false,west=tall]
08238;bloodborne_blocks:owner_unified_15d205b72999ff89c42a;True;/tp @s -226 230 -206;facing=north,root_anchor=canonical,variant=0;minecraft:weathered_cut_copper_stairs[facing=west,half=bottom,shape=straight,waterlogged=false]
08239;bloodborne_blocks:owner_unified_15ecca81f8d0ced9d3d5;True;/tp @s -213 230 -206;facing=north,root_anchor=canonical,variant=0;minecraft:pink_stained_glass_pane[east=true,north=false,south=true,waterlogged=false,west=true]
08240;bloodborne_blocks:owner_unified_1619a23e102d5e4687c2;True;/tp @s -199 230 -206;facing=north,root_anchor=canonical,variant=0;minecraft:granite_wall[east=low,north=tall,south=low,up=true,waterlogged=false,west=none]
08241;bloodborne_blocks:owner_unified_162b21d0201439f77b33;True;/tp @s -187 230 -206;facing=north,root_anchor=canonical,variant=0;minecraft:birch_stairs[facing=north,half=bottom,shape=straight,waterlogged=false]
08242;bloodborne_blocks:owner_unified_162cd0d2ffc2cbf31c69;True;/tp @s -175 230 -206;facing=north,root_anchor=canonical,variant=0;minecraft:granite_wall[east=none,north=low,south=none,up=true,waterlogged=false,west=low]
08243;bloodborne_blocks:owner_unified_1634d0e0089df6882100;True;/tp @s -163 230 -206;facing=north,root_anchor=canonical,variant=0;minecraft:lime_stained_glass_pane[east=true,north=false,south=true,waterlogged=false,west=true]
08244;bloodborne_blocks:owner_unified_16413f7a526024555ec7;True;/tp @s -695 230 -194;facing=north,root_anchor=canonical,variant=0;minecraft:sandstone_wall[east=low,north=low,south=low,up=true,waterlogged=false,west=low] | minecraft:sandstone_wall[east=low,north=tall,south=tall,up=false,waterlogged=false,west=low] | minecraft:sandstone_wall[east=tall,north=low,south=low,up=false,waterlogged=false,west=tall] | minecraft:sandstone_wall[east=tall,north=tall,south=low,up=true,waterlogged=false,west=low] | minecraft:sandstone_wall[east=tall,north=tall,south=low,up=true,waterlogged=false,west=tall] | minecraft:sandstone_wall[east=tall,north=tall,south=tall,up=false,waterlogged=false,west=tall]
08245;bloodborne_blocks:owner_unified_165585e0ba645c6cdbb1;True;/tp @s -683 230 -194;facing=north,root_anchor=canonical,variant=0;minecraft:polished_blackstone_brick_stairs[facing=west,half=top,shape=straight,waterlogged=false] | minecraft:purpur_stairs[facing=west,half=top,shape=straight,waterlogged=false]
08246;bloodborne_blocks:owner_unified_166e6185c70e64e2fe40;True;/tp @s -671 230 -194;facing=north,root_anchor=canonical,variant=0;minecraft:brick_wall[east=none,north=low,south=low,up=true,waterlogged=false,west=none]
08247;bloodborne_blocks:owner_unified_1671193f9eedf02d3954;True;/tp @s -659 230 -194;facing=north,root_anchor=canonical,variant=0;minecraft:copper_ore
08248;bloodborne_blocks:owner_unified_1678ab08794eb7a88ef1;True;/tp @s -647 230 -194;facing=north,root_anchor=canonical,variant=0;minecraft:spruce_trapdoor[facing=east,half=bottom,open=true,powered=false,waterlogged=false] | minecraft:spruce_trapdoor[facing=north,half=bottom,open=true,powered=false,waterlogged=false] | minecraft:spruce_trapdoor[facing=south,half=bottom,open=true,powered=false,waterlogged=false] | minecraft:spruce_trapdoor[facing=west,half=bottom,open=true,powered=false,waterlogged=false]
08249;bloodborne_blocks:owner_unified_1684ad8e8f341a0a7474;True;/tp @s -633 230 -194;facing=north,root_anchor=canonical,variant=0;minecraft:stone_brick_stairs[facing=east,half=bottom,shape=outer_right,waterlogged=false] | minecraft:stone_brick_stairs[facing=south,half=bottom,shape=outer_left,waterlogged=false]
08250;bloodborne_blocks:owner_unified_1685882260b81792f315;True;/tp @s -621 230 -194;facing=north,root_anchor=canonical,variant=0;minecraft:mossy_cobblestone_wall[east=tall,north=tall,south=tall,up=false,waterlogged=false,west=low]
08251;bloodborne_blocks:owner_unified_1685ab7112ead02691e2;True;/tp @s -609 230 -194;facing=north,root_anchor=canonical,variant=0;minecraft:diorite_wall[east=none,north=none,south=none,up=true,waterlogged=false,west=none]
08252;bloodborne_blocks:owner_unified_169c3be353da5036012a;True;/tp @s -597 230 -194;facing=north,root_anchor=canonical,variant=0;minecraft:cobbled_deepslate_wall[east=low,north=none,south=low,up=true,waterlogged=false,west=tall]
08253;bloodborne_blocks:owner_unified_169d63205a12e5be678d;True;/tp @s -585 230 -194;facing=north,root_anchor=canonical,variant=0;minecraft:white_stained_glass_pane[east=true,north=false,south=false,waterlogged=false,west=false]
08254;bloodborne_blocks:owner_unified_16a54f2055682e2b32bd;True;/tp @s -573 230 -194;facing=north,root_anchor=canonical,variant=0;minecraft:prismarine_stairs[facing=west,half=top,shape=outer_right,waterlogged=false]
08255;bloodborne_blocks:owner_unified_16b2a82d47ecfc5c59d8;True;/tp @s -560 230 -194;facing=north,root_anchor=canonical,variant=0;minecraft:brick_stairs[facing=west,half=bottom,shape=straight,waterlogged=false] | minecraft:brick_stairs[facing=west,half=bottom,shape=straight,waterlogged=true]
08256;bloodborne_blocks:owner_unified_16c5713dd956c9626c27;True;/tp @s -548 230 -194;facing=north,root_anchor=canonical,variant=0;minecraft:cobblestone_wall[east=none,north=low,south=none,up=true,waterlogged=false,west=none]
08257;bloodborne_blocks:owner_unified_16da9474cc3b8d7894f1;True;/tp @s -536 230 -194;facing=north,root_anchor=canonical,variant=0;minecraft:stone_brick_wall[east=none,north=none,south=low,up=true,waterlogged=false,west=none]
08258;bloodborne_blocks:owner_unified_16e4b39b11b9c755194f;True;/tp @s -523 230 -194;facing=north,root_anchor=canonical,variant=0;minecraft:polished_andesite_stairs[facing=north,half=bottom,shape=straight,waterlogged=false]
08259;bloodborne_blocks:owner_unified_17004cf0cc5b7f178f24;True;/tp @s -511 230 -194;facing=north,root_anchor=canonical,variant=0;minecraft:brick_stairs[facing=south,half=top,shape=inner_right,waterlogged=false] | minecraft:brick_stairs[facing=west,half=top,shape=inner_left,waterlogged=false]
08260;bloodborne_blocks:owner_unified_171257c4319f74cfb44b;True;/tp @s -499 230 -194;facing=north,root_anchor=canonical,variant=0;minecraft:granite_stairs[facing=south,half=bottom,shape=inner_right,waterlogged=false] | minecraft:granite_stairs[facing=west,half=bottom,shape=inner_left,waterlogged=false]
08261;bloodborne_blocks:owner_unified_17183294b03119923b76;True;/tp @s -487 230 -194;facing=north,root_anchor=canonical,variant=0;minecraft:brick_wall[east=none,north=low,south=none,up=true,waterlogged=false,west=none]
08262;bloodborne_blocks:owner_unified_172b4911db8ddd8453a0;True;/tp @s -474 230 -194;facing=north,root_anchor=canonical,variant=0;minecraft:deepslate_brick_wall[east=none,north=none,south=none,up=true,waterlogged=false,west=low]
08263;bloodborne_blocks:owner_unified_17390db2983a1232b4aa;True;/tp @s -462 230 -194;facing=north,root_anchor=canonical,variant=0;minecraft:stone_stairs[facing=north,half=top,shape=inner_left,waterlogged=false] | minecraft:stone_stairs[facing=west,half=top,shape=inner_right,waterlogged=false]
08264;bloodborne_blocks:owner_unified_174834d6ba370a002a87;True;/tp @s -446 230 -194;facing=north,root_anchor=canonical,variant=0;minecraft:granite_stairs[facing=north,half=top,shape=outer_left,waterlogged=false] | minecraft:granite_stairs[facing=west,half=top,shape=outer_right,waterlogged=false]
08265;bloodborne_blocks:owner_unified_175781872c6c8d627118;True;/tp @s -431 230 -194;facing=north,root_anchor=canonical,variant=0;minecraft:stone_brick_stairs[facing=south,half=bottom,shape=inner_left,waterlogged=false]
08266;bloodborne_blocks:owner_unified_1759f7bb3b7a1e7fba04;True;/tp @s -417 230 -194;facing=north,root_anchor=canonical,variant=0;minecraft:granite_wall[east=none,north=low,south=low,up=false,waterlogged=false,west=none]
08267;bloodborne_blocks:owner_unified_176880e4dfb63cf89b2b;True;/tp @s -405 230 -194;facing=north,root_anchor=canonical,variant=0;minecraft:cobbled_deepslate_stairs[facing=north,half=bottom,shape=straight,waterlogged=false] | minecraft:cobbled_deepslate_stairs[facing=north,half=bottom,shape=straight,waterlogged=true]
08268;bloodborne_blocks:owner_unified_1768ec387126c0c7f690;True;/tp @s -391 230 -194;facing=north,root_anchor=canonical,variant=0;minecraft:stone_stairs[facing=east,half=top,shape=outer_left,waterlogged=false] | minecraft:stone_stairs[facing=north,half=top,shape=outer_right,waterlogged=false]
08269;bloodborne_blocks:owner_unified_176dd5a5dcdfb3edc811;True;/tp @s -379 230 -194;facing=north,root_anchor=canonical,variant=0;minecraft:lime_stained_glass_pane[east=true,north=true,south=false,waterlogged=false,west=false]
08270;bloodborne_blocks:owner_unified_177519a198176f77b472;True;/tp @s -367 230 -194;facing=north,root_anchor=canonical,variant=0;minecraft:stone_brick_wall[east=tall,north=none,south=none,up=false,waterlogged=false,west=low]
08271;bloodborne_blocks:owner_unified_17818d76167d561236e1;True;/tp @s -355 230 -194;facing=north,root_anchor=canonical,variant=0;minecraft:prismarine_wall[east=low,north=low,south=tall,up=true,waterlogged=false,west=low]
08272;bloodborne_blocks:owner_unified_1787ac2422cbe1f34e3c;True;/tp @s -343 230 -194;facing=north,root_anchor=canonical,variant=0;minecraft:cobbled_deepslate_wall[east=low,north=low,south=low,up=true,waterlogged=false,west=tall]
08273;bloodborne_blocks:owner_unified_17885988c562607d4909;True;/tp @s -331 230 -194;facing=north,root_anchor=canonical,variant=0;minecraft:stone_brick_wall[east=tall,north=none,south=none,up=true,waterlogged=false,west=tall]
08274;bloodborne_blocks:owner_unified_178baa1f2da68dba74f7;True;/tp @s -319 230 -194;facing=north,root_anchor=canonical,variant=0;minecraft:granite_wall[east=none,north=tall,south=tall,up=false,waterlogged=false,west=low]
08275;bloodborne_blocks:owner_unified_178f6f0b68b8903ceae2;True;/tp @s -307 230 -194;facing=north,root_anchor=canonical,variant=0;minecraft:stone_brick_wall[east=tall,north=low,south=none,up=true,waterlogged=false,west=tall]
08276;bloodborne_blocks:owner_unified_17928f94b20a89de6c7d;True;/tp @s -294 230 -194;facing=north,root_anchor=canonical,variant=0;minecraft:blackstone_stairs[facing=west,half=bottom,shape=straight,waterlogged=false]
08277;bloodborne_blocks:owner_unified_17984142dc19589658e8;True;/tp @s -282 230 -194;facing=north,root_anchor=canonical,variant=0;minecraft:white_stained_glass_pane[east=true,north=false,south=true,waterlogged=false,west=true]
08278;bloodborne_blocks:owner_unified_17b2e71a5fa4af44da1c;True;/tp @s -270 230 -194;facing=north,root_anchor=canonical,variant=0;minecraft:end_stone_brick_wall[east=tall,north=low,south=none,up=true,waterlogged=false,west=none]
08279;bloodborne_blocks:owner_unified_17baa9e694db76c01d5e;True;/tp @s -258 230 -194;facing=north,root_anchor=canonical,variant=0;minecraft:exposed_cut_copper_stairs[facing=east,half=bottom,shape=outer_right,waterlogged=false]
08280;bloodborne_blocks:owner_unified_17cc8b84ddec36c13286;True;/tp @s -244 230 -194;facing=north,root_anchor=canonical,variant=0;minecraft:granite_stairs[facing=east,half=bottom,shape=straight,waterlogged=false]
08281;bloodborne_blocks:owner_unified_17db2dac51dfdcbfa306;True;/tp @s -226 230 -194;facing=north,root_anchor=canonical,variant=0;minecraft:mossy_stone_brick_stairs[facing=east,half=bottom,shape=outer_right,waterlogged=false] | minecraft:mossy_stone_brick_stairs[facing=north,half=bottom,shape=outer_left,waterlogged=false] | minecraft:mossy_stone_brick_stairs[facing=south,half=bottom,shape=outer_left,waterlogged=false] | minecraft:mossy_stone_brick_stairs[facing=south,half=bottom,shape=outer_right,waterlogged=false] | minecraft:mossy_stone_brick_stairs[facing=west,half=bottom,shape=outer_left,waterlogged=false] | minecraft:mossy_stone_brick_stairs[facing=west,half=bottom,shape=outer_right,waterlogged=false]
08282;bloodborne_blocks:owner_unified_17ea36702dc93824c087;True;/tp @s -213 230 -194;facing=north,root_anchor=canonical,variant=0;minecraft:cobbled_deepslate_wall[east=none,north=low,south=none,up=true,waterlogged=false,west=none]
08283;bloodborne_blocks:owner_unified_17eae2b8684c8862aa68;True;/tp @s -199 230 -194;facing=north,root_anchor=canonical,variant=0;minecraft:cobbled_deepslate_wall[east=none,north=none,south=none,up=true,waterlogged=false,west=low]
08284;bloodborne_blocks:owner_unified_17f42c55c7facc8e5014;True;/tp @s -187 230 -194;facing=north,root_anchor=canonical,variant=0;minecraft:granite_wall[east=low,north=none,south=tall,up=true,waterlogged=false,west=low]
08285;bloodborne_blocks:owner_unified_180394735fe4f1ccc0cf;True;/tp @s -175 230 -194;facing=north,root_anchor=canonical,variant=0;minecraft:dark_oak_trapdoor[facing=east,half=bottom,open=true,powered=false,waterlogged=false] | minecraft:dark_oak_trapdoor[facing=north,half=top,open=true,powered=false,waterlogged=false] | minecraft:dark_oak_trapdoor[facing=south,half=bottom,open=true,powered=false,waterlogged=false] | minecraft:dark_oak_trapdoor[facing=west,half=bottom,open=true,powered=false,waterlogged=false]
08286;bloodborne_blocks:owner_unified_184d2a8193b571cb5ce6;True;/tp @s -163 230 -194;facing=north,root_anchor=canonical,variant=0;minecraft:stone_brick_wall[east=low,north=low,south=tall,up=true,waterlogged=false,west=low]
08287;bloodborne_blocks:owner_unified_184e81a8af843dc138b9;True;/tp @s -695 230 -182;facing=north,root_anchor=canonical,variant=0;minecraft:mossy_cobblestone_wall[east=none,north=low,south=tall,up=true,waterlogged=false,west=low]
08288;bloodborne_blocks:owner_unified_18619e2e9469d7adf244;True;/tp @s -683 230 -182;facing=north,root_anchor=canonical,variant=0;minecraft:stone_brick_wall[east=tall,north=low,south=tall,up=true,waterlogged=false,west=tall]
08289;bloodborne_blocks:owner_unified_1865dc022e94ef7ee2e1;True;/tp @s -671 230 -182;facing=north,root_anchor=canonical,variant=0;minecraft:glass_pane[east=true,north=false,south=false,waterlogged=false,west=true]
08290;bloodborne_blocks:owner_unified_187c477b74263a485219;True;/tp @s -659 230 -182;facing=north,root_anchor=canonical,variant=0;minecraft:stone_brick_wall[east=none,north=low,south=low,up=true,waterlogged=false,west=low]
08291;bloodborne_blocks:owner_unified_188c722cb55e5bed6291;True;/tp @s -647 230 -182;facing=north,root_anchor=canonical,variant=0;minecraft:dead_horn_coral_fan[waterlogged=false]
08292;bloodborne_blocks:owner_unified_188fe86e5d3d0546c042;True;/tp @s -633 230 -182;facing=north,root_anchor=canonical,variant=0;minecraft:brick_wall[east=low,north=none,south=none,up=true,waterlogged=false,west=tall]
08293;bloodborne_blocks:owner_unified_189ddda2a1580fab4c1d;True;/tp @s -621 230 -182;facing=north,root_anchor=canonical,variant=0;minecraft:cut_copper_stairs[facing=north,half=top,shape=straight,waterlogged=false]
08294;bloodborne_blocks:owner_unified_18d087d0b6a6738001a3;True;/tp @s -609 230 -182;facing=north,root_anchor=canonical,variant=0;minecraft:magenta_stained_glass_pane[east=true,north=true,south=true,waterlogged=false,west=false]
08295;bloodborne_blocks:owner_unified_18d4a545b586d4aede1d;True;/tp @s -597 230 -182;facing=north,root_anchor=canonical,variant=0;minecraft:brick_wall[east=none,north=tall,south=none,up=true,waterlogged=false,west=none]
08296;bloodborne_blocks:owner_unified_18db0a90150e90bfe330;True;/tp @s -585 230 -182;facing=north,root_anchor=canonical,variant=0;minecraft:cobbled_deepslate | minecraft:cobbled_deepslate_slab[type=double,waterlogged=false]
08297;bloodborne_blocks:owner_unified_18dcf597571ab3af7dbc;True;/tp @s -573 230 -182;facing=north,root_anchor=canonical,variant=0;minecraft:cobbled_deepslate_wall[east=none,north=low,south=none,up=true,waterlogged=false,west=low]
08298;bloodborne_blocks:owner_unified_18ddabd664dda4689465;True;/tp @s -560 230 -182;facing=north,root_anchor=canonical,variant=0;minecraft:pink_stained_glass_pane[east=true,north=true,south=false,waterlogged=false,west=false]
08299;bloodborne_blocks:owner_unified_18e8fe3c7a33dc787a29;True;/tp @s -548 230 -182;facing=north,root_anchor=canonical,variant=0;minecraft:sandstone_stairs[facing=south,half=top,shape=straight,waterlogged=false]
08300;bloodborne_blocks:owner_unified_18f0a04cc177d5a7f8c9;True;/tp @s -536 230 -182;facing=north,root_anchor=canonical,variant=0;minecraft:cobblestone_stairs[facing=east,half=top,shape=inner_right,waterlogged=false] | minecraft:cobblestone_stairs[facing=south,half=top,shape=inner_left,waterlogged=false]
08301;bloodborne_blocks:owner_unified_190870fc3d6f2c9cd2cc;True;/tp @s -523 230 -182;facing=north,root_anchor=canonical,variant=0;minecraft:end_stone_brick_wall[east=low,north=none,south=tall,up=true,waterlogged=false,west=tall]
08302;bloodborne_blocks:owner_unified_192fe4ee7b69a3db3502;True;/tp @s -511 230 -182;facing=north,root_anchor=canonical,variant=0;minecraft:brown_stained_glass_pane[east=true,north=true,south=true,waterlogged=false,west=true]
08303;bloodborne_blocks:owner_unified_1940914253d36eadbb8b;True;/tp @s -499 230 -182;facing=north,root_anchor=canonical,variant=0;minecraft:end_stone_brick_wall[east=none,north=low,south=none,up=true,waterlogged=false,west=tall]
08304;bloodborne_blocks:owner_unified_194d9fca7d47dc478b67;True;/tp @s -487 230 -182;facing=north,root_anchor=canonical,variant=0;minecraft:granite_wall[east=none,north=tall,south=none,up=true,waterlogged=false,west=tall]
08305;bloodborne_blocks:owner_unified_196682ee87e4ee7e8ee0;True;/tp @s -474 230 -182;facing=north,root_anchor=canonical,variant=0;minecraft:stone_brick_wall[east=low,north=low,south=low,up=true,waterlogged=false,west=tall]
08306;bloodborne_blocks:owner_unified_196d38d009213fcfc3dc;True;/tp @s -462 230 -182;facing=north,root_anchor=canonical,variant=0;minecraft:prismarine_wall[east=low,north=none,south=low,up=true,waterlogged=false,west=none]
08307;bloodborne_blocks:owner_unified_1989a3bc7b3da77c7e85;True;/tp @s -446 230 -182;facing=north,root_anchor=canonical,variant=0;minecraft:orange_stained_glass_pane[east=true,north=true,south=true,waterlogged=false,west=false]
08308;bloodborne_blocks:owner_unified_1998406f99fa8dfdfdff;True;/tp @s -431 230 -182;facing=north,root_anchor=canonical,variant=0;minecraft:dark_oak_button[face=floor,facing=east,powered=true]
08309;bloodborne_blocks:owner_unified_19b19397cb82a7b47c7d;True;/tp @s -417 230 -182;facing=north,root_anchor=canonical,variant=0;minecraft:crimson_stairs[facing=west,half=top,shape=straight,waterlogged=false]
08310;bloodborne_blocks:owner_unified_19b9bd637e22f4523853;True;/tp @s -405 230 -182;facing=north,root_anchor=canonical,variant=0;minecraft:end_stone_brick_wall[east=tall,north=low,south=tall,up=true,waterlogged=false,west=tall]
08311;bloodborne_blocks:owner_unified_19beebcd91f3976b62c8;True;/tp @s -391 230 -182;facing=north,root_anchor=canonical,variant=0;minecraft:end_stone_brick_wall[east=none,north=none,south=none,up=true,waterlogged=false,west=low]
08312;bloodborne_blocks:owner_unified_19c914d81304e31420ba;True;/tp @s -379 230 -182;facing=north,root_anchor=canonical,variant=0;minecraft:prismarine_wall[east=tall,north=none,south=none,up=true,waterlogged=false,west=tall]
08313;bloodborne_blocks:owner_unified_19db6009bbbfff03754b;True;/tp @s -367 230 -182;facing=north,root_anchor=canonical,variant=0;minecraft:polished_andesite | minecraft:polished_andesite_slab[type=double,waterlogged=false]
08314;bloodborne_blocks:owner_unified_19f72325d012a01a7c80;True;/tp @s -355 230 -182;facing=north,root_anchor=canonical,variant=0;minecraft:cobblestone_wall[east=low,north=none,south=low,up=true,waterlogged=false,west=none]
08315;bloodborne_blocks:owner_unified_19fd3b9f207fbdf1d087;True;/tp @s -343 230 -182;facing=north,root_anchor=canonical,variant=0;minecraft:warped_trapdoor[facing=east,half=bottom,open=true,powered=false,waterlogged=false] | minecraft:warped_trapdoor[facing=north,half=bottom,open=true,powered=false,waterlogged=false] | minecraft:warped_trapdoor[facing=south,half=bottom,open=true,powered=false,waterlogged=false] | minecraft:warped_trapdoor[facing=west,half=bottom,open=true,powered=false,waterlogged=false]
08316;bloodborne_blocks:owner_unified_1a05d09457ddd3235f0b;True;/tp @s -331 230 -182;facing=north,root_anchor=canonical,variant=0;minecraft:birch_stairs[facing=south,half=bottom,shape=outer_right,waterlogged=false]
08317;bloodborne_blocks:owner_unified_1a1c21a2fd07a1f2d6cf;True;/tp @s -319 230 -182;facing=north,root_anchor=canonical,variant=0;minecraft:granite_wall[east=tall,north=tall,south=none,up=true,waterlogged=false,west=low]
08318;bloodborne_blocks:owner_unified_1a26e4123a8325ac991a;True;/tp @s -307 230 -182;facing=north,root_anchor=canonical,variant=0;minecraft:brick_wall[east=low,north=none,south=tall,up=true,waterlogged=false,west=low]
08319;bloodborne_blocks:owner_unified_1a2c7070c4983629908d;True;/tp @s -294 230 -182;facing=north,root_anchor=canonical,variant=0;minecraft:stone_brick_wall[east=tall,north=none,south=low,up=true,waterlogged=false,west=none]
08320;bloodborne_blocks:owner_unified_1a3cff40f8a76ef4cde5;True;/tp @s -282 230 -182;facing=north,root_anchor=canonical,variant=0;minecraft:cobbled_deepslate_wall[east=tall,north=none,south=tall,up=true,waterlogged=false,west=low]
08321;bloodborne_blocks:owner_unified_1a42872b801ef27cb3a6;True;/tp @s -270 230 -182;facing=north,root_anchor=canonical,variant=0;minecraft:brown_stained_glass_pane[east=false,north=false,south=true,waterlogged=false,west=false]
08322;bloodborne_blocks:owner_unified_1a4870aeb3ea454a9c70;True;/tp @s -258 230 -182;facing=north,root_anchor=canonical,variant=0;minecraft:stone_stairs[facing=north,half=bottom,shape=straight,waterlogged=false]
08323;bloodborne_blocks:owner_unified_1a565ceee79ce92af2d8;True;/tp @s -244 230 -182;facing=north,root_anchor=canonical,variant=0;minecraft:prismarine_wall[east=low,north=low,south=tall,up=true,waterlogged=false,west=tall]
08324;bloodborne_blocks:owner_unified_1a578b676a2d284048f9;True;/tp @s -226 230 -182;facing=north,root_anchor=canonical,variant=0;minecraft:gray_stained_glass_pane[east=false,north=false,south=false,waterlogged=false,west=true]
08325;bloodborne_blocks:owner_unified_1a6213804b8a002429a8;True;/tp @s -213 230 -182;facing=north,root_anchor=canonical,variant=0;minecraft:stone_brick_wall[east=none,north=tall,south=none,up=true,waterlogged=false,west=tall]
08326;bloodborne_blocks:owner_unified_1a643e2aa77eedb555a2;True;/tp @s -199 230 -182;facing=north,root_anchor=canonical,variant=0;minecraft:polished_diorite_stairs[facing=north,half=bottom,shape=straight,waterlogged=false] | minecraft:polished_diorite_stairs[facing=north,half=bottom,shape=straight,waterlogged=true]
08327;bloodborne_blocks:owner_unified_1a7bcbb51e3c7d893547;True;/tp @s -187 230 -182;facing=north,root_anchor=canonical,variant=0;minecraft:cobbled_deepslate_stairs[facing=south,half=bottom,shape=outer_right,waterlogged=false] | minecraft:cobbled_deepslate_stairs[facing=west,half=bottom,shape=outer_left,waterlogged=false]
08328;bloodborne_blocks:owner_unified_1a7d2ded941c8c052a1e;True;/tp @s -175 230 -182;facing=north,root_anchor=canonical,variant=0;minecraft:glass_pane[east=false,north=false,south=false,waterlogged=false,west=true]
08329;bloodborne_blocks:owner_unified_1a8bca41f3b8367d9d8f;True;/tp @s -163 230 -182;facing=north,root_anchor=canonical,variant=0;minecraft:obsidian
08330;bloodborne_blocks:owner_unified_1a8e4c31fcc4194736dd;True;/tp @s -695 230 -168;facing=north,root_anchor=canonical,variant=0;minecraft:sandstone_wall[east=none,north=none,south=low,up=true,waterlogged=false,west=low] | minecraft:sandstone_wall[east=none,north=none,south=low,up=true,waterlogged=false,west=tall] | minecraft:sandstone_wall[east=none,north=none,south=tall,up=true,waterlogged=false,west=low] | minecraft:sandstone_wall[east=none,north=none,south=tall,up=true,waterlogged=false,west=tall]
08331;bloodborne_blocks:owner_unified_1a9dd59cc608a57d8fe7;True;/tp @s -683 230 -168;facing=north,root_anchor=canonical,variant=0;minecraft:polished_diorite_stairs[facing=north,half=top,shape=straight,waterlogged=false] | minecraft:polished_diorite_stairs[facing=south,half=top,shape=straight,waterlogged=false]
08332;bloodborne_blocks:owner_unified_1ac956650413be3d335e;True;/tp @s -671 230 -168;facing=north,root_anchor=canonical,variant=0;minecraft:green_stained_glass_pane[east=true,north=false,south=true,waterlogged=false,west=false]
08333;bloodborne_blocks:owner_unified_1aca210d0ae4c5d3e479;True;/tp @s -659 230 -168;facing=north,root_anchor=canonical,variant=0;minecraft:white_stained_glass_pane[east=true,north=false,south=true,waterlogged=false,west=false]
08334;bloodborne_blocks:owner_unified_1ae579d80da3b30c68c6;True;/tp @s -647 230 -168;facing=north,root_anchor=canonical,variant=0;minecraft:cobbled_deepslate_stairs[facing=north,half=top,shape=inner_left,waterlogged=false] | minecraft:cobbled_deepslate_stairs[facing=west,half=top,shape=inner_right,waterlogged=false]
08335;bloodborne_blocks:owner_unified_1aef4e8445d095257a8e;True;/tp @s -633 230 -168;facing=north,root_anchor=canonical,variant=0;minecraft:cut_copper_stairs[facing=south,half=top,shape=straight,waterlogged=false] | minecraft:cut_copper_stairs[facing=west,half=top,shape=straight,waterlogged=false]
08336;bloodborne_blocks:owner_unified_1afbfae49080804e8132;True;/tp @s -621 230 -168;facing=north,root_anchor=canonical,variant=0;minecraft:prismarine_wall[east=tall,north=tall,south=none,up=true,waterlogged=false,west=low]
08337;bloodborne_blocks:owner_unified_1b03034feae19af85392;True;/tp @s -609 230 -168;facing=north,root_anchor=canonical,variant=0;minecraft:pink_stained_glass_pane[east=false,north=true,south=false,waterlogged=false,west=false]
08338;bloodborne_blocks:owner_unified_1b053a41a16f5ef1bba8;True;/tp @s -597 230 -168;facing=north,root_anchor=canonical,variant=0;minecraft:end_stone_brick_wall[east=none,north=none,south=low,up=true,waterlogged=false,west=low]
08339;bloodborne_blocks:owner_unified_1b12cdf3d1651869fb91;True;/tp @s -585 230 -168;facing=north,root_anchor=canonical,variant=0;minecraft:purpur_block
08340;bloodborne_blocks:owner_unified_1b48a5e36de554b275b9;True;/tp @s -573 230 -168;facing=north,root_anchor=canonical,variant=0;minecraft:prismarine_wall[east=low,north=low,south=low,up=true,waterlogged=false,west=low]
08341;bloodborne_blocks:owner_unified_1b4c6ef838fa3e8d5cdf;True;/tp @s -560 230 -168;facing=north,root_anchor=canonical,variant=0;minecraft:stone_brick_stairs[facing=east,half=bottom,shape=outer_left,waterlogged=false] | minecraft:stone_brick_stairs[facing=north,half=bottom,shape=outer_right,waterlogged=false]
08342;bloodborne_blocks:owner_unified_1b560f94f1f0fc8e78b1;True;/tp @s -548 230 -168;facing=north,root_anchor=canonical,variant=0;minecraft:prismarine_wall[east=tall,north=tall,south=tall,up=false,waterlogged=false,west=tall]
08343;bloodborne_blocks:owner_unified_1b57e4782ec8480a11a2;True;/tp @s -536 230 -168;facing=north,root_anchor=canonical,variant=0;minecraft:cobblestone_wall[east=low,north=tall,south=tall,up=true,waterlogged=false,west=tall]
08344;bloodborne_blocks:owner_unified_1b6f06ca449ec0e77b7c;True;/tp @s -523 230 -168;facing=north,root_anchor=canonical,variant=0;minecraft:orange_stained_glass_pane[east=false,north=true,south=false,waterlogged=false,west=true]
08345;bloodborne_blocks:owner_unified_1b7a582ed1b650bb7727;True;/tp @s -511 230 -168;facing=north,root_anchor=canonical,variant=0;minecraft:birch_stairs[facing=south,half=bottom,shape=inner_right,waterlogged=false]
08346;bloodborne_blocks:owner_unified_1bb42393d1c590f41d9e;True;/tp @s -499 230 -168;facing=north,root_anchor=canonical,variant=0;minecraft:black_stained_glass_pane[east=false,north=true,south=true,waterlogged=false,west=false]
08347;bloodborne_blocks:owner_unified_1bbf0f33d999f32cf2e8;True;/tp @s -487 230 -168;facing=north,root_anchor=canonical,variant=0;minecraft:cobbled_deepslate_wall[east=none,north=tall,south=low,up=true,waterlogged=false,west=none]
08348;bloodborne_blocks:owner_unified_1bc8c4d006d54244d2dd;True;/tp @s -474 230 -168;facing=north,root_anchor=canonical,variant=0;minecraft:stone_brick_wall[east=low,north=tall,south=tall,up=true,waterlogged=false,west=low]
08349;bloodborne_blocks:owner_unified_1bca06bda60559d0b6d5;True;/tp @s -462 230 -168;facing=north,root_anchor=canonical,variant=0;minecraft:smooth_red_sandstone_stairs[facing=east,half=bottom,shape=straight,waterlogged=false] | minecraft:smooth_red_sandstone_stairs[facing=north,half=bottom,shape=straight,waterlogged=false] | minecraft:smooth_red_sandstone_stairs[facing=south,half=bottom,shape=straight,waterlogged=false] | minecraft:smooth_red_sandstone_stairs[facing=west,half=bottom,shape=straight,waterlogged=false]
08350;bloodborne_blocks:owner_unified_1be355be6b6ff43394d4;True;/tp @s -446 230 -168;facing=north,root_anchor=canonical,variant=0;minecraft:stone_brick_slab[type=bottom,waterlogged=false] | minecraft:stone_brick_slab[type=bottom,waterlogged=true]
08351;bloodborne_blocks:owner_unified_1be3da01a90e08caa799;True;/tp @s -431 230 -168;facing=north,root_anchor=canonical,variant=0;minecraft:granite_stairs[facing=east,half=top,shape=straight,waterlogged=false]
08352;bloodborne_blocks:owner_unified_1bec69abeff8126e7741;True;/tp @s -417 230 -168;facing=north,root_anchor=canonical,variant=0;minecraft:end_stone_brick_wall[east=none,north=none,south=tall,up=true,waterlogged=false,west=none]
08353;bloodborne_blocks:owner_unified_1beef2d4296e24d0f277;True;/tp @s -405 230 -168;facing=north,root_anchor=canonical,variant=0;minecraft:end_stone_brick_wall[east=none,north=none,south=low,up=true,waterlogged=false,west=none]
08354;bloodborne_blocks:owner_unified_1bff8180f510c1be1b92;True;/tp @s -391 230 -168;facing=north,root_anchor=canonical,variant=0;minecraft:brick_wall[east=none,north=low,south=low,up=true,waterlogged=false,west=tall]
08355;bloodborne_blocks:owner_unified_1c0046d035a1a116cae4;True;/tp @s -379 230 -168;facing=north,root_anchor=canonical,variant=0;minecraft:granite_wall[east=none,north=low,south=none,up=true,waterlogged=false,west=tall]
08356;bloodborne_blocks:owner_unified_1c0a22c5cfeb3808d0e3;True;/tp @s -367 230 -168;facing=north,root_anchor=canonical,variant=0;minecraft:brick_wall[east=none,north=none,south=low,up=true,waterlogged=false,west=low]
08357;bloodborne_blocks:owner_unified_1c35068222fe29523edb;True;/tp @s -355 230 -168;facing=north,root_anchor=canonical,variant=0;minecraft:deepslate_brick_wall[east=low,north=tall,south=none,up=true,waterlogged=false,west=low]
08358;bloodborne_blocks:owner_unified_1c35d394b525d0467d94;True;/tp @s -343 230 -168;facing=north,root_anchor=canonical,variant=0;minecraft:sandstone_wall[east=low,north=low,south=low,up=true,waterlogged=false,west=none] | minecraft:sandstone_wall[east=low,north=tall,south=low,up=true,waterlogged=false,west=none] | minecraft:sandstone_wall[east=low,north=tall,south=tall,up=true,waterlogged=false,west=none] | minecraft:sandstone_wall[east=tall,north=low,south=tall,up=true,waterlogged=false,west=none] | minecraft:sandstone_wall[east=tall,north=tall,south=tall,up=true,waterlogged=false,west=none]
08359;bloodborne_blocks:owner_unified_1c6a3d533f81c2524249;True;/tp @s -331 230 -168;facing=north,root_anchor=canonical,variant=0;minecraft:lantern[hanging=false,waterlogged=false]
08360;bloodborne_blocks:owner_unified_1c6cef995737fe41c0bf;True;/tp @s -319 230 -168;facing=north,root_anchor=canonical,variant=0;minecraft:oak_stairs[facing=south,half=bottom,shape=inner_left,waterlogged=false]
08361;bloodborne_blocks:owner_unified_1c71f8013a023b386938;True;/tp @s -307 230 -168;facing=north,root_anchor=canonical,variant=0;minecraft:prismarine_stairs[facing=south,half=bottom,shape=inner_right,waterlogged=false] | minecraft:prismarine_stairs[facing=west,half=bottom,shape=inner_left,waterlogged=false]
08362;bloodborne_blocks:owner_unified_1c736d1b7f9fdadb3733;True;/tp @s -294 230 -168;facing=north,root_anchor=canonical,variant=0;minecraft:mossy_cobblestone_stairs[facing=east,half=bottom,shape=straight,waterlogged=false] | minecraft:mossy_cobblestone_stairs[facing=east,half=bottom,shape=straight,waterlogged=true]
08363;bloodborne_blocks:owner_unified_1c7d77613221cb48f574;True;/tp @s -282 230 -168;facing=north,root_anchor=canonical,variant=0;minecraft:diorite_stairs[facing=east,half=top,shape=outer_left,waterlogged=false] | minecraft:diorite_stairs[facing=east,half=top,shape=outer_right,waterlogged=false] | minecraft:diorite_stairs[facing=north,half=top,shape=outer_left,waterlogged=false] | minecraft:diorite_stairs[facing=north,half=top,shape=outer_right,waterlogged=false] | minecraft:diorite_stairs[facing=south,half=top,shape=outer_left,waterlogged=false] | minecraft:diorite_stairs[facing=south,half=top,shape=outer_right,waterlogged=false] | minecraft:diorite_stairs[facing=west,half=top,shape=outer_left,waterlogged=false] | minecraft:diorite_stairs[facing=west,half=top,shape=outer_right,waterlogged=false]
08364;bloodborne_blocks:owner_unified_1c975c4ad046e813c317;True;/tp @s -270 230 -168;facing=north,root_anchor=canonical,variant=0;minecraft:prismarine_stairs[facing=south,half=top,shape=inner_right,waterlogged=false] | minecraft:prismarine_stairs[facing=west,half=top,shape=inner_left,waterlogged=false]
08365;bloodborne_blocks:owner_unified_1c9f01d8bf45aa351c7a;True;/tp @s -258 230 -168;facing=north,root_anchor=canonical,variant=0;minecraft:tuff
08366;bloodborne_blocks:owner_unified_1cabd9b01e430896579c;True;/tp @s -244 230 -168;facing=north,root_anchor=canonical,variant=0;minecraft:andesite_stairs[facing=west,half=bottom,shape=straight,waterlogged=false]
08367;bloodborne_blocks:owner_unified_1cb29cf09860cf7b590b;True;/tp @s -226 230 -168;facing=north,root_anchor=canonical,variant=0;minecraft:polished_andesite_stairs[facing=east,half=top,shape=inner_right,waterlogged=false] | minecraft:polished_andesite_stairs[facing=south,half=top,shape=inner_left,waterlogged=false]
08368;bloodborne_blocks:owner_unified_1cb3007a02eec5801689;True;/tp @s -213 230 -168;facing=north,root_anchor=canonical,variant=0;minecraft:oxidized_cut_copper_stairs[facing=north,half=bottom,shape=outer_left,waterlogged=false] | minecraft:oxidized_cut_copper_stairs[facing=west,half=bottom,shape=outer_right,waterlogged=false]
08369;bloodborne_blocks:owner_unified_1cc77907c3daa17922b3;True;/tp @s -199 230 -168;facing=north,root_anchor=canonical,variant=0;minecraft:iron_bars[east=false,north=true,south=true,waterlogged=false,west=false]
08370;bloodborne_blocks:owner_unified_1cd120c075f5cecc85f9;True;/tp @s -187 230 -168;facing=north,root_anchor=canonical,variant=0;minecraft:cobblestone_wall[east=none,north=none,south=none,up=true,waterlogged=false,west=none]
08371;bloodborne_blocks:owner_unified_1d0190a8febcb42fe0ee;True;/tp @s -175 230 -168;facing=north,root_anchor=canonical,variant=0;minecraft:polished_andesite_stairs[facing=south,half=bottom,shape=straight,waterlogged=false]
08372;bloodborne_blocks:owner_unified_1d09ffc7b5efc8825cc3;True;/tp @s -163 230 -168;facing=north,root_anchor=canonical,variant=0;minecraft:polished_andesite_stairs[facing=north,half=top,shape=outer_left,waterlogged=false] | minecraft:polished_andesite_stairs[facing=west,half=top,shape=outer_right,waterlogged=false]
08373;bloodborne_blocks:owner_unified_1d0f604053ae8b40c524;True;/tp @s -695 230 -156;facing=north,root_anchor=canonical,variant=0;minecraft:prismarine | minecraft:prismarine_slab[type=double,waterlogged=false]
08374;bloodborne_blocks:owner_unified_1d13434b47aaeadc5de8;True;/tp @s -683 230 -156;facing=north,root_anchor=canonical,variant=0;minecraft:cut_copper_stairs[facing=east,half=top,shape=inner_right,waterlogged=false] | minecraft:cut_copper_stairs[facing=east,half=top,shape=outer_left,waterlogged=false] | minecraft:cut_copper_stairs[facing=north,half=top,shape=outer_left,waterlogged=false] | minecraft:cut_copper_stairs[facing=north,half=top,shape=outer_right,waterlogged=false] | minecraft:cut_copper_stairs[facing=west,half=top,shape=inner_left,waterlogged=false] | minecraft:cut_copper_stairs[facing=west,half=top,shape=outer_right,waterlogged=false]
08375;bloodborne_blocks:owner_unified_1d21e3df28176d0916e2;True;/tp @s -671 230 -156;facing=north,root_anchor=canonical,variant=0;minecraft:prismarine_wall[east=low,north=none,south=none,up=true,waterlogged=false,west=tall]
08376;bloodborne_blocks:owner_unified_1d2d5384d4e05b8fef95;True;/tp @s -659 230 -156;facing=north,root_anchor=canonical,variant=0;minecraft:end_stone_brick_wall[east=tall,north=none,south=tall,up=true,waterlogged=false,west=none]
08377;bloodborne_blocks:owner_unified_1d2f62006ec04808eccb;True;/tp @s -647 230 -156;facing=north,root_anchor=canonical,variant=0;minecraft:andesite | minecraft:andesite_slab[type=double,waterlogged=false]
08378;bloodborne_blocks:owner_unified_1d3f2861367043813e27;True;/tp @s -633 230 -156;facing=north,root_anchor=canonical,variant=0;minecraft:stone_brick_wall[east=none,north=low,south=tall,up=true,waterlogged=false,west=tall]
08379;bloodborne_blocks:owner_unified_1d46bba9500b4ad69cbc;True;/tp @s -621 230 -156;facing=north,root_anchor=canonical,variant=0;minecraft:waxed_cut_copper_stairs[facing=east,half=bottom,shape=straight,waterlogged=false] | minecraft:waxed_cut_copper_stairs[facing=north,half=bottom,shape=straight,waterlogged=false] | minecraft:waxed_cut_copper_stairs[facing=south,half=bottom,shape=straight,waterlogged=false] | minecraft:waxed_cut_copper_stairs[facing=west,half=bottom,shape=straight,waterlogged=false]
08380;bloodborne_blocks:owner_unified_1d733b7257e9cd4d8c54;True;/tp @s -609 230 -156;facing=north,root_anchor=canonical,variant=0;minecraft:polished_blackstone_button[face=floor,facing=west,powered=false]
08381;bloodborne_blocks:owner_unified_1d805e76401563a8fe25;True;/tp @s -597 230 -156;facing=north,root_anchor=canonical,variant=0;minecraft:brick_wall[east=tall,north=tall,south=low,up=false,waterlogged=false,west=tall]
08382;bloodborne_blocks:owner_unified_1d8e5d0e6537890992d9;True;/tp @s -585 230 -156;facing=north,root_anchor=canonical,variant=0;minecraft:stone_brick_wall[east=none,north=none,south=tall,up=true,waterlogged=false,west=low]
08383;bloodborne_blocks:owner_unified_1d93436a92c94c972275;True;/tp @s -573 230 -156;facing=north,root_anchor=canonical,variant=0;minecraft:mossy_cobblestone_stairs[facing=south,half=top,shape=inner_right,waterlogged=false] | minecraft:mossy_cobblestone_stairs[facing=west,half=top,shape=inner_left,waterlogged=false]
08384;bloodborne_blocks:owner_unified_1daa54731477ab1b3b03;True;/tp @s -560 230 -156;facing=north,root_anchor=canonical,variant=0;minecraft:oak_stairs[facing=north,half=bottom,shape=straight,waterlogged=false] | minecraft:oak_stairs[facing=south,half=bottom,shape=straight,waterlogged=false] | minecraft:oak_stairs[facing=west,half=bottom,shape=straight,waterlogged=false]
08385;bloodborne_blocks:owner_unified_1dbae6803357b369cfff;True;/tp @s -548 230 -156;facing=north,root_anchor=canonical,variant=0;minecraft:birch_stairs[facing=east,half=bottom,shape=straight,waterlogged=false]
08386;bloodborne_blocks:owner_unified_1dbd14bd9f867ec57446;True;/tp @s -536 230 -156;facing=north,root_anchor=canonical,variant=0;minecraft:jungle_planks
08387;bloodborne_blocks:owner_unified_1dbee4cbbfdae0db904f;True;/tp @s -523 230 -156;facing=north,root_anchor=canonical,variant=0;minecraft:end_stone_brick_slab[type=top,waterlogged=false]
08388;bloodborne_blocks:owner_unified_1dc5a5d66e2834e8aa71;True;/tp @s -511 230 -156;facing=north,root_anchor=canonical,variant=0;minecraft:stone_brick_wall[east=tall,north=none,south=none,up=true,waterlogged=false,west=none]
08389;bloodborne_blocks:owner_unified_1ddc221aab51dd21e1bc;True;/tp @s -499 230 -156;facing=north,root_anchor=canonical,variant=0;minecraft:granite_wall[east=low,north=tall,south=none,up=true,waterlogged=false,west=none]
08390;bloodborne_blocks:owner_unified_1de38aed1f31c554e951;True;/tp @s -487 230 -156;facing=north,root_anchor=canonical,variant=0;minecraft:granite_wall[east=tall,north=tall,south=tall,up=true,waterlogged=false,west=none]
08391;bloodborne_blocks:owner_unified_1dfb0a9d46abb143502b;True;/tp @s -474 230 -156;facing=north,root_anchor=canonical,variant=0;minecraft:prismarine_stairs[facing=north,half=bottom,shape=outer_left,waterlogged=false] | minecraft:prismarine_stairs[facing=west,half=bottom,shape=outer_right,waterlogged=false]
08392;bloodborne_blocks:owner_unified_1e2c5ab1153f29604936;True;/tp @s -462 230 -156;facing=north,root_anchor=canonical,variant=0;minecraft:diamond_block
08393;bloodborne_blocks:owner_unified_1e3960a9c8144a5202bc;True;/tp @s -446 230 -156;facing=north,root_anchor=canonical,variant=0;minecraft:stone_brick_wall[east=none,north=tall,south=none,up=true,waterlogged=false,west=none]
08394;bloodborne_blocks:owner_unified_1e3a2797a17f746e9891;True;/tp @s -431 230 -156;facing=north,root_anchor=canonical,variant=0;minecraft:prismarine_stairs[facing=east,half=top,shape=inner_right,waterlogged=false] | minecraft:prismarine_stairs[facing=south,half=top,shape=inner_left,waterlogged=false]
08395;bloodborne_blocks:owner_unified_1e4dfdc8d68cb085e385;True;/tp @s -417 230 -156;facing=north,root_anchor=canonical,variant=0;minecraft:dead_fire_coral_fan[waterlogged=false]
08396;bloodborne_blocks:owner_unified_1e5cffcef0b4f2a8775c;True;/tp @s -405 230 -156;facing=north,root_anchor=canonical,variant=0;minecraft:quartz_bricks
08397;bloodborne_blocks:owner_unified_1e7185e9fbd196b3578c;True;/tp @s -391 230 -156;facing=north,root_anchor=canonical,variant=0;minecraft:brick_wall[east=tall,north=tall,south=low,up=true,waterlogged=false,west=none]
08398;bloodborne_blocks:owner_unified_1e850e0246a022f93806;True;/tp @s -379 230 -156;facing=north,root_anchor=canonical,variant=0;minecraft:gilded_blackstone
08399;bloodborne_blocks:owner_unified_1ead9c5b4c485e41212d;True;/tp @s -367 230 -156;facing=north,root_anchor=canonical,variant=0;minecraft:end_stone_brick_wall[east=low,north=none,south=low,up=true,waterlogged=false,west=none]
08400;bloodborne_blocks:owner_unified_1eae1d20188f8e03f29f;True;/tp @s -355 230 -156;facing=north,root_anchor=canonical,variant=0;minecraft:prismarine_wall[east=tall,north=none,south=none,up=true,waterlogged=false,west=none]
08401;bloodborne_blocks:owner_unified_1ec5ccbf2489fe328a56;True;/tp @s -343 230 -156;facing=north,root_anchor=canonical,variant=0;minecraft:oak_trapdoor[facing=east,half=bottom,open=true,powered=false,waterlogged=false] | minecraft:oak_trapdoor[facing=north,half=bottom,open=true,powered=false,waterlogged=false]
08402;bloodborne_blocks:owner_unified_1ec69dc8c91923a22147;True;/tp @s -331 230 -156;facing=north,root_anchor=canonical,variant=0;minecraft:stone_stairs[facing=east,half=bottom,shape=outer_right,waterlogged=false] | minecraft:stone_stairs[facing=south,half=bottom,shape=outer_left,waterlogged=false]
08403;bloodborne_blocks:owner_unified_1ecbb8aec36f84680c96;True;/tp @s -319 230 -156;facing=north,root_anchor=canonical,variant=0;minecraft:cobbled_deepslate_wall[east=none,north=low,south=low,up=false,waterlogged=false,west=none]
08404;bloodborne_blocks:owner_unified_1efc044ccc18740e8c2d;True;/tp @s -307 230 -156;facing=north,root_anchor=canonical,variant=0;minecraft:black_stained_glass_pane[east=false,north=true,south=true,waterlogged=false,west=true]
08405;bloodborne_blocks:owner_unified_1f1c00a9ff55f45307bc;True;/tp @s -294 230 -156;facing=north,root_anchor=canonical,variant=0;minecraft:mossy_cobblestone_wall[east=tall,north=tall,south=tall,up=true,waterlogged=false,west=tall]
08406;bloodborne_blocks:owner_unified_1f1dc159d65b6af35dcd;True;/tp @s -282 230 -156;facing=north,root_anchor=canonical,variant=0;minecraft:stone_brick_wall[east=low,north=low,south=tall,up=true,waterlogged=false,west=none]
08407;bloodborne_blocks:owner_unified_1f363bfe039dbecdf96e;True;/tp @s -270 230 -156;facing=north,root_anchor=canonical,variant=0;minecraft:oak_wood[axis=y]
08408;bloodborne_blocks:owner_unified_1f3bec25b943da58de3f;True;/tp @s -258 230 -156;facing=north,root_anchor=canonical,variant=0;minecraft:bone_block[axis=y]
08409;bloodborne_blocks:owner_unified_1f4759c174dbb27deaa1;True;/tp @s -244 230 -156;facing=north,root_anchor=canonical,variant=0;minecraft:brick_wall[east=none,north=low,south=tall,up=true,waterlogged=false,west=low]
08410;bloodborne_blocks:owner_unified_1f505208f2ea14f1b4a5;True;/tp @s -226 230 -156;facing=north,root_anchor=canonical,variant=0;minecraft:light_gray_terracotta
08411;bloodborne_blocks:owner_unified_1f51cc42f6fc659d0c7c;True;/tp @s -213 230 -156;facing=north,root_anchor=canonical,variant=0;minecraft:exposed_cut_copper_stairs[facing=east,half=top,shape=inner_left,waterlogged=false]
08412;bloodborne_blocks:owner_unified_1f585b848571bfc1a500;True;/tp @s -199 230 -156;facing=north,root_anchor=canonical,variant=0;minecraft:stripped_jungle_log[axis=x] | minecraft:stripped_jungle_log[axis=z]
08413;bloodborne_blocks:owner_unified_1f6558ca0441ddf216d7;True;/tp @s -187 230 -156;facing=north,root_anchor=canonical,variant=0;minecraft:prismarine_wall[east=none,north=none,south=none,up=true,waterlogged=false,west=low]
08414;bloodborne_blocks:owner_unified_1f9c0e96700a260c61b4;True;/tp @s -175 230 -156;facing=north,root_anchor=canonical,variant=0;minecraft:brick_wall[east=none,north=tall,south=none,up=true,waterlogged=false,west=tall]
08415;bloodborne_blocks:owner_unified_1f9ef973bb0da55df8ee;True;/tp @s -163 230 -156;facing=north,root_anchor=canonical,variant=0;minecraft:prismarine_stairs[facing=east,half=bottom,shape=inner_right,waterlogged=false] | minecraft:prismarine_stairs[facing=south,half=bottom,shape=inner_left,waterlogged=false]
08416;bloodborne_blocks:owner_unified_1fa1a15308fc01bef4b0;True;/tp @s -695 230 -142;facing=north,root_anchor=canonical,variant=0;minecraft:cobbled_deepslate_wall[east=low,north=none,south=none,up=true,waterlogged=false,west=none]
08417;bloodborne_blocks:owner_unified_1fa54966a0c0dc4475e6;True;/tp @s -683 230 -142;facing=north,root_anchor=canonical,variant=0;minecraft:smooth_quartz_stairs[facing=east,half=bottom,shape=straight,waterlogged=false]
08418;bloodborne_blocks:owner_unified_1fa95ae0f636015d9e94;True;/tp @s -671 230 -142;facing=north,root_anchor=canonical,variant=0;minecraft:cobblestone_wall[east=low,north=tall,south=none,up=true,waterlogged=false,west=tall]
08419;bloodborne_blocks:owner_unified_1fadf112781497e46113;True;/tp @s -659 230 -142;facing=north,root_anchor=canonical,variant=0;minecraft:spruce_fence[east=false,north=false,south=false,waterlogged=false,west=false] | minecraft:spruce_fence[east=false,north=true,south=false,waterlogged=false,west=false]
08420;bloodborne_blocks:owner_unified_1fc0f140d411502aecc6;True;/tp @s -647 230 -142;facing=north,root_anchor=canonical,variant=0;minecraft:stone_brick_wall[east=low,north=none,south=low,up=true,waterlogged=false,west=none]
08421;bloodborne_blocks:owner_unified_1fe3efd7c65e60283e25;True;/tp @s -633 230 -142;facing=north,root_anchor=canonical,variant=0;minecraft:red_nether_brick_wall[east=tall,north=tall,south=tall,up=false,waterlogged=false,west=tall]
08422;bloodborne_blocks:owner_unified_1ff009dfe7133cb8ab64;True;/tp @s -621 230 -142;facing=north,root_anchor=canonical,variant=0;minecraft:mossy_stone_brick_wall[east=low,north=none,south=none,up=false,waterlogged=false,west=low] | minecraft:mossy_stone_brick_wall[east=none,north=low,south=low,up=false,waterlogged=false,west=none]
08423;bloodborne_blocks:owner_unified_1ff7665dfd809bed2319;True;/tp @s -609 230 -142;facing=north,root_anchor=canonical,variant=0;minecraft:prismarine_wall[east=low,north=tall,south=none,up=true,waterlogged=false,west=tall]
08424;bloodborne_blocks:owner_unified_2001a585c0a7edf3a232;True;/tp @s -597 230 -142;facing=north,root_anchor=canonical,variant=0;minecraft:stone_brick_wall[east=low,north=none,south=low,up=true,waterlogged=false,west=tall]
08425;bloodborne_blocks:owner_unified_20089b9db0464def6ce3;True;/tp @s -585 230 -142;facing=north,root_anchor=canonical,variant=0;minecraft:light_blue_stained_glass_pane[east=false,north=true,south=false,waterlogged=false,west=true]
08426;bloodborne_blocks:owner_unified_201b2471311c84359a98;True;/tp @s -573 230 -142;facing=north,root_anchor=canonical,variant=0;minecraft:light_gray_stained_glass
08427;bloodborne_blocks:owner_unified_202c2d43d3e54a4491a5;True;/tp @s -560 230 -142;facing=north,root_anchor=canonical,variant=0;minecraft:polished_diorite
08428;bloodborne_blocks:owner_unified_202e0ea92b4f4935d77b;True;/tp @s -548 230 -142;facing=north,root_anchor=canonical,variant=0;minecraft:cobbled_deepslate_wall[east=none,north=none,south=tall,up=true,waterlogged=false,west=low]
08429;bloodborne_blocks:owner_unified_2039bb7c61f216f210a7;True;/tp @s -536 230 -142;facing=north,root_anchor=canonical,variant=0;minecraft:dark_oak_button[face=floor,facing=south,powered=false]
08430;bloodborne_blocks:owner_unified_203d8b07da84e2af8f19;True;/tp @s -523 230 -142;facing=north,root_anchor=canonical,variant=0;minecraft:deepslate_brick_wall[east=none,north=low,south=low,up=true,waterlogged=false,west=tall]
08431;bloodborne_blocks:owner_unified_20651b07cc0a0bf5c094;True;/tp @s -511 230 -142;facing=north,root_anchor=canonical,variant=0;minecraft:warped_trapdoor[facing=east,half=bottom,open=false,powered=false,waterlogged=false] | minecraft:warped_trapdoor[facing=north,half=bottom,open=false,powered=false,waterlogged=false] | minecraft:warped_trapdoor[facing=south,half=bottom,open=false,powered=false,waterlogged=false] | minecraft:warped_trapdoor[facing=west,half=bottom,open=false,powered=false,waterlogged=false]
08432;bloodborne_blocks:owner_unified_206861b82938c2b511ac;True;/tp @s -499 230 -142;facing=north,root_anchor=canonical,variant=0;minecraft:deepslate_brick_wall[east=none,north=tall,south=tall,up=false,waterlogged=false,west=none]
08433;bloodborne_blocks:owner_unified_20954bb67781d80d07df;True;/tp @s -487 230 -142;facing=north,root_anchor=canonical,variant=0;minecraft:dark_oak_stairs[facing=east,half=bottom,shape=straight,waterlogged=false] | minecraft:dark_oak_stairs[facing=north,half=bottom,shape=straight,waterlogged=false] | minecraft:dark_oak_stairs[facing=south,half=bottom,shape=straight,waterlogged=false] | minecraft:dark_oak_stairs[facing=west,half=bottom,shape=straight,waterlogged=false]
08434;bloodborne_blocks:owner_unified_209a5b986d883eba660d;True;/tp @s -474 230 -142;facing=north,root_anchor=canonical,variant=0;minecraft:prismarine_wall[east=low,north=none,south=tall,up=true,waterlogged=false,west=low]
08435;bloodborne_blocks:owner_unified_209c12d9ed7951214ccf;True;/tp @s -462 230 -142;facing=north,root_anchor=canonical,variant=0;minecraft:mossy_cobblestone_stairs[facing=south,half=bottom,shape=outer_right,waterlogged=false] | minecraft:mossy_cobblestone_stairs[facing=west,half=bottom,shape=outer_left,waterlogged=false]
08436;bloodborne_blocks:owner_unified_20ba7d1a170f4e5abe55;True;/tp @s -446 230 -142;facing=north,root_anchor=canonical,variant=0;minecraft:polished_diorite_stairs[facing=west,half=bottom,shape=straight,waterlogged=false]
08437;bloodborne_blocks:owner_unified_20bbbdd2230e4bf0a6d2;True;/tp @s -431 230 -142;facing=north,root_anchor=canonical,variant=0;minecraft:warped_button[face=floor,facing=east,powered=false] | minecraft:warped_button[face=floor,facing=north,powered=false] | minecraft:warped_button[face=floor,facing=south,powered=false] | minecraft:warped_button[face=floor,facing=west,powered=false]
08438;bloodborne_blocks:owner_unified_20e6d59c35fc4c112a73;True;/tp @s -417 230 -142;facing=north,root_anchor=canonical,variant=0;minecraft:magenta_stained_glass_pane[east=false,north=false,south=false,waterlogged=false,west=true]
08439;bloodborne_blocks:owner_unified_210e643e6ed9748c3e61;True;/tp @s -405 230 -142;facing=north,root_anchor=canonical,variant=0;minecraft:spruce_fence_gate[facing=east,in_wall=false,open=false,powered=false]
08440;bloodborne_blocks:owner_unified_2115fa0f488ab8a2710c;True;/tp @s -391 230 -142;facing=north,root_anchor=canonical,variant=0;minecraft:dark_oak_button[face=floor,facing=south,powered=true]
08441;bloodborne_blocks:owner_unified_21215617d5e68d7ac1cc;True;/tp @s -379 230 -142;facing=north,root_anchor=canonical,variant=0;minecraft:brick_wall[east=tall,north=none,south=none,up=false,waterlogged=false,west=low]
08442;bloodborne_blocks:owner_unified_212d59095d01a7a0db95;True;/tp @s -367 230 -142;facing=north,root_anchor=canonical,variant=0;minecraft:mossy_cobblestone_wall[east=low,north=tall,south=tall,up=false,waterlogged=false,west=tall]
08443;bloodborne_blocks:owner_unified_213193a9328c552a1679;True;/tp @s -355 230 -142;facing=north,root_anchor=canonical,variant=0;minecraft:mossy_cobblestone_wall[east=tall,north=tall,south=low,up=false,waterlogged=false,west=tall]
08444;bloodborne_blocks:owner_unified_21369c3f892bfa391822;True;/tp @s -343 230 -142;facing=north,root_anchor=canonical,variant=0;minecraft:andesite_stairs[facing=north,half=bottom,shape=inner_right,waterlogged=false]
08445;bloodborne_blocks:owner_unified_213a2921040df204187c;True;/tp @s -331 230 -142;facing=north,root_anchor=canonical,variant=0;minecraft:stone_brick_wall[east=none,north=tall,south=low,up=true,waterlogged=false,west=none]
08446;bloodborne_blocks:owner_unified_2147571949c772ad78ba;True;/tp @s -319 230 -142;facing=north,root_anchor=canonical,variant=0;minecraft:dead_fire_coral_wall_fan[facing=west,waterlogged=false]
08447;bloodborne_blocks:owner_unified_21484a08786c4298edd0;True;/tp @s -307 230 -142;facing=north,root_anchor=canonical,variant=0;minecraft:prismarine_wall[east=tall,north=low,south=tall,up=true,waterlogged=false,west=none]
08448;bloodborne_blocks:owner_unified_215f6b29d7303c381aaf;True;/tp @s -294 230 -142;facing=north,root_anchor=canonical,variant=0;minecraft:yellow_terracotta
08449;bloodborne_blocks:owner_unified_219d20cd0d8645919c26;True;/tp @s -282 230 -142;facing=north,root_anchor=canonical,variant=0;minecraft:cobbled_deepslate_wall[east=low,north=none,south=tall,up=true,waterlogged=false,west=none]
08450;bloodborne_blocks:owner_unified_21a25d9b7f09aa81e0a7;True;/tp @s -270 230 -142;facing=north,root_anchor=canonical,variant=0;minecraft:granite
08451;bloodborne_blocks:owner_unified_21ab7b32df633c5575f9;True;/tp @s -258 230 -142;facing=north,root_anchor=canonical,variant=0;minecraft:mossy_cobblestone_stairs[facing=east,half=top,shape=outer_left,waterlogged=false] | minecraft:mossy_cobblestone_stairs[facing=north,half=top,shape=outer_right,waterlogged=false]
08452;bloodborne_blocks:owner_unified_21c2922393df8f8094a5;True;/tp @s -244 230 -142;facing=north,root_anchor=canonical,variant=0;minecraft:mossy_cobblestone_wall[east=low,north=tall,south=none,up=true,waterlogged=false,west=low]
08453;bloodborne_blocks:owner_unified_21ca9be539609ad44b11;True;/tp @s -226 230 -142;facing=north,root_anchor=canonical,variant=0;minecraft:rail[shape=east_west,waterlogged=false] | minecraft:rail[shape=north_south,waterlogged=false]
08454;bloodborne_blocks:owner_unified_21d8e4dd5a647e82bdf5;True;/tp @s -213 230 -142;facing=north,root_anchor=canonical,variant=0;minecraft:prismarine_wall[east=none,north=low,south=tall,up=false,waterlogged=false,west=none]
08455;bloodborne_blocks:owner_unified_22190864956edd05f846;True;/tp @s -199 230 -142;facing=north,root_anchor=canonical,variant=0;minecraft:granite_wall[east=tall,north=none,south=tall,up=true,waterlogged=false,west=tall]
08456;bloodborne_blocks:owner_unified_222269e1f3255c50c4a3;True;/tp @s -187 230 -142;facing=north,root_anchor=canonical,variant=0;minecraft:gray_stained_glass_pane[east=false,north=true,south=false,waterlogged=false,west=true]
08457;bloodborne_blocks:owner_unified_222794de2d0cb11ea126;True;/tp @s -175 230 -142;facing=north,root_anchor=canonical,variant=0;minecraft:cobbled_deepslate_wall[east=none,north=tall,south=tall,up=true,waterlogged=false,west=none]
08458;bloodborne_blocks:owner_unified_222cd4cae11cc128f355;True;/tp @s -163 230 -142;facing=north,root_anchor=canonical,variant=0;minecraft:light_blue_glazed_terracotta[facing=east] | minecraft:light_blue_glazed_terracotta[facing=north] | minecraft:light_blue_glazed_terracotta[facing=south] | minecraft:light_blue_glazed_terracotta[facing=west]
08459;bloodborne_blocks:owner_unified_223fd11ed5a2469678e5;True;/tp @s -695 230 -129;facing=north,root_anchor=canonical,variant=0;minecraft:cobblestone_wall[east=none,north=none,south=tall,up=true,waterlogged=false,west=none]
08460;bloodborne_blocks:owner_unified_224b25f9bc10d822f648;True;/tp @s -683 230 -129;facing=north,root_anchor=canonical,variant=0;minecraft:mossy_cobblestone_wall[east=tall,north=tall,south=none,up=true,waterlogged=false,west=low]
08461;bloodborne_blocks:owner_unified_2256c6130057964d5315;True;/tp @s -671 230 -129;facing=north,root_anchor=canonical,variant=0;minecraft:end_stone_brick_wall[east=tall,north=tall,south=low,up=true,waterlogged=false,west=low]
08462;bloodborne_blocks:owner_unified_22581561415ac124a9ef;True;/tp @s -659 230 -129;facing=north,root_anchor=canonical,variant=0;minecraft:deepslate_tile_stairs[facing=north,half=bottom,shape=straight,waterlogged=false]
08463;bloodborne_blocks:owner_unified_22689138e5918ec725f5;True;/tp @s -647 230 -129;facing=north,root_anchor=canonical,variant=0;minecraft:andesite_stairs[facing=south,half=bottom,shape=straight,waterlogged=false]
08464;bloodborne_blocks:owner_unified_226a7948b70baac57b85;True;/tp @s -633 230 -129;facing=north,root_anchor=canonical,variant=0;minecraft:cobbled_deepslate_wall[east=none,north=none,south=low,up=true,waterlogged=false,west=none]
08465;bloodborne_blocks:owner_unified_22810fe17f2bcd58f509;True;/tp @s -621 230 -129;facing=north,root_anchor=canonical,variant=0;minecraft:glass_pane[east=true,north=false,south=true,waterlogged=false,west=true]
08466;bloodborne_blocks:owner_unified_22968f1ec14394b36421;True;/tp @s -609 230 -129;facing=north,root_anchor=canonical,variant=0;minecraft:brick_slab[type=double,waterlogged=false] | minecraft:bricks
08467;bloodborne_blocks:owner_unified_2297e8c6e8e10aba4eca;True;/tp @s -597 230 -129;facing=north,root_anchor=canonical,variant=0;minecraft:granite_stairs[facing=south,half=top,shape=outer_right,waterlogged=false] | minecraft:granite_stairs[facing=west,half=top,shape=outer_left,waterlogged=false]
08468;bloodborne_blocks:owner_unified_22bf76e553aa56985208;True;/tp @s -585 230 -129;facing=north,root_anchor=canonical,variant=0;minecraft:stripped_crimson_hyphae[axis=x] | minecraft:stripped_crimson_hyphae[axis=y] | minecraft:stripped_crimson_hyphae[axis=z] | minecraft:stripped_warped_hyphae[axis=y]
08469;bloodborne_blocks:owner_unified_22dee30c8d31192fb7e1;True;/tp @s -573 230 -129;facing=north,root_anchor=canonical,variant=0;minecraft:andesite_stairs[facing=north,half=bottom,shape=straight,waterlogged=false]
08470;bloodborne_blocks:owner_unified_22ec413737b2e36f8109;True;/tp @s -560 230 -129;facing=north,root_anchor=canonical,variant=0;minecraft:stripped_spruce_wood[axis=y]
08471;bloodborne_blocks:owner_unified_22ed6940c7203e7c765a;True;/tp @s -548 230 -129;facing=north,root_anchor=canonical,variant=0;minecraft:red_nether_brick_wall[east=tall,north=none,south=none,up=false,waterlogged=false,west=none] | minecraft:red_nether_brick_wall[east=tall,north=none,south=none,up=true,waterlogged=false,west=low] | minecraft:red_nether_brick_wall[east=tall,north=none,south=none,up=true,waterlogged=false,west=none]
08472;bloodborne_blocks:owner_unified_22f489284389563f688f;True;/tp @s -536 230 -129;facing=north,root_anchor=canonical,variant=0;minecraft:granite_wall[east=tall,north=none,south=low,up=true,waterlogged=false,west=none]
08473;bloodborne_blocks:owner_unified_2301f9ceb806ecfeb66b;True;/tp @s -523 230 -129;facing=north,root_anchor=canonical,variant=0;minecraft:polished_blackstone_slab[type=bottom,waterlogged=false]
08474;bloodborne_blocks:owner_unified_2306a72154bf95a8dbf7;True;/tp @s -511 230 -129;facing=north,root_anchor=canonical,variant=0;minecraft:pink_stained_glass_pane[east=true,north=true,south=false,waterlogged=false,west=true]
08475;bloodborne_blocks:owner_unified_2309bc9eef69614cfd33;True;/tp @s -499 230 -129;facing=north,root_anchor=canonical,variant=0;minecraft:mossy_cobblestone_wall[east=low,north=low,south=tall,up=true,waterlogged=false,west=none]
08476;bloodborne_blocks:owner_unified_23145c281afaed2672b6;True;/tp @s -487 230 -129;facing=north,root_anchor=canonical,variant=0;minecraft:prismarine_wall[east=low,north=tall,south=none,up=true,waterlogged=false,west=none]
08477;bloodborne_blocks:owner_unified_232e8bb08e1b41faaff4;True;/tp @s -474 230 -129;facing=north,root_anchor=canonical,variant=0;minecraft:mossy_cobblestone_wall[east=low,north=tall,south=none,up=true,waterlogged=false,west=tall]
08478;bloodborne_blocks:owner_unified_238a5e1fe3d42465c9c9;True;/tp @s -462 230 -129;facing=north,root_anchor=canonical,variant=0;minecraft:brick_wall[east=low,north=low,south=low,up=true,waterlogged=false,west=none]
08479;bloodborne_blocks:owner_unified_23978ebe3264e50e6619;True;/tp @s -446 230 -129;facing=north,root_anchor=canonical,variant=0;minecraft:bone_block[axis=x] | minecraft:stripped_warped_hyphae[axis=z]
08480;bloodborne_blocks:owner_unified_23b431b08eea207a18c3;True;/tp @s -431 230 -129;facing=north,root_anchor=canonical,variant=0;minecraft:prismarine_stairs[facing=south,half=top,shape=outer_right,waterlogged=false] | minecraft:prismarine_stairs[facing=west,half=top,shape=outer_left,waterlogged=false]
08481;bloodborne_blocks:owner_unified_23bf96b56b9d05325846;True;/tp @s -417 230 -129;facing=north,root_anchor=canonical,variant=0;minecraft:polished_blackstone_stairs[facing=east,half=bottom,shape=outer_right,waterlogged=false]
08482;bloodborne_blocks:owner_unified_23c9c2662f6f0337850d;True;/tp @s -405 230 -129;facing=north,root_anchor=canonical,variant=0;minecraft:nether_brick_fence[east=true,north=true,south=false,waterlogged=false,west=true]
08483;bloodborne_blocks:owner_unified_23d761d87640927faf7b;True;/tp @s -391 230 -129;facing=north,root_anchor=canonical,variant=0;minecraft:cobbled_deepslate_wall[east=none,north=none,south=tall,up=true,waterlogged=false,west=tall]
08484;bloodborne_blocks:owner_unified_23deec3f5bc3e9993e63;True;/tp @s -379 230 -129;facing=north,root_anchor=canonical,variant=0;minecraft:black_stained_glass_pane[east=true,north=false,south=true,waterlogged=false,west=true]
08485;bloodborne_blocks:owner_unified_23e94964fb374bf1e68f;True;/tp @s -367 230 -129;facing=north,root_anchor=canonical,variant=0;minecraft:cut_red_sandstone_slab[type=bottom,waterlogged=false]
08486;bloodborne_blocks:owner_unified_2406c756914e9f9f74b0;True;/tp @s -355 230 -129;facing=north,root_anchor=canonical,variant=0;minecraft:cobbled_deepslate_wall[east=low,north=low,south=low,up=true,waterlogged=false,west=none]
08487;bloodborne_blocks:owner_unified_24079341553c63628183;True;/tp @s -343 230 -129;facing=north,root_anchor=canonical,variant=0;minecraft:cobbled_deepslate_stairs[facing=east,half=bottom,shape=inner_left,waterlogged=false] | minecraft:cobbled_deepslate_stairs[facing=north,half=bottom,shape=inner_right,waterlogged=false]
08488;bloodborne_blocks:owner_unified_243ff77619c91648ae4a;True;/tp @s -331 230 -129;facing=north,root_anchor=canonical,variant=0;minecraft:mossy_cobblestone_stairs[facing=north,half=top,shape=inner_left,waterlogged=false] | minecraft:mossy_cobblestone_stairs[facing=west,half=top,shape=inner_right,waterlogged=false]
08489;bloodborne_blocks:owner_unified_2447844717ed385fec3f;True;/tp @s -319 230 -129;facing=north,root_anchor=canonical,variant=0;minecraft:granite_stairs[facing=west,half=top,shape=straight,waterlogged=false]
08490;bloodborne_blocks:owner_unified_24585ff8a40816eb610d;True;/tp @s -307 230 -129;facing=north,root_anchor=canonical,variant=0;minecraft:green_stained_glass_pane[east=true,north=true,south=false,waterlogged=false,west=true]
08491;bloodborne_blocks:owner_unified_245b5d3e1d84098c8fb3;True;/tp @s -294 230 -129;facing=north,root_anchor=canonical,variant=0;minecraft:mossy_cobblestone_wall[east=none,north=low,south=low,up=false,waterlogged=false,west=none]
08492;bloodborne_blocks:owner_unified_24613cde288bf7a52440;True;/tp @s -282 230 -129;facing=north,root_anchor=canonical,variant=0;minecraft:oak_stairs[facing=east,half=bottom,shape=outer_left,waterlogged=false] | minecraft:oak_stairs[facing=east,half=bottom,shape=outer_right,waterlogged=false] | minecraft:oak_stairs[facing=north,half=bottom,shape=outer_left,waterlogged=false] | minecraft:oak_stairs[facing=north,half=bottom,shape=outer_right,waterlogged=false] | minecraft:oak_stairs[facing=south,half=bottom,shape=outer_left,waterlogged=false] | minecraft:oak_stairs[facing=south,half=bottom,shape=outer_right,waterlogged=false] | minecraft:oak_stairs[facing=west,half=bottom,shape=outer_left,waterlogged=false] | minecraft:oak_stairs[facing=west,half=bottom,shape=outer_right,waterlogged=false]
08493;bloodborne_blocks:owner_unified_246ff24df8e63908d4d5;True;/tp @s -270 230 -129;facing=north,root_anchor=canonical,variant=0;minecraft:iron_ore
08494;bloodborne_blocks:owner_unified_247577d2b06c163bb8e9;True;/tp @s -258 230 -129;facing=north,root_anchor=canonical,variant=0;minecraft:cobbled_deepslate_wall[east=none,north=tall,south=tall,up=false,waterlogged=false,west=none]
08495;bloodborne_blocks:owner_unified_247b945b23608c87e548;True;/tp @s -244 230 -129;facing=north,root_anchor=canonical,variant=0;minecraft:light_gray_stained_glass_pane[east=false,north=false,south=false,waterlogged=false,west=true]
08496;bloodborne_blocks:owner_unified_247d99d83c3f3d161b18;True;/tp @s -226 230 -129;facing=north,root_anchor=canonical,variant=0;minecraft:magenta_stained_glass_pane[east=true,north=false,south=false,waterlogged=false,west=true]
08497;bloodborne_blocks:owner_unified_24804cf250236e24df85;True;/tp @s -213 230 -129;facing=north,root_anchor=canonical,variant=0;minecraft:spruce_stairs[facing=east,half=bottom,shape=straight,waterlogged=false]
08498;bloodborne_blocks:owner_unified_248918ff6d588d8fd79f;True;/tp @s -199 230 -129;facing=north,root_anchor=canonical,variant=0;minecraft:purpur_pillar[axis=z]
08499;bloodborne_blocks:owner_unified_249d9a557746fe4a2521;True;/tp @s -187 230 -129;facing=north,root_anchor=canonical,variant=0;minecraft:granite_wall[east=low,north=low,south=none,up=true,waterlogged=false,west=none]
08500;bloodborne_blocks:owner_unified_24aa53da1b843e902d3b;True;/tp @s -175 230 -129;facing=north,root_anchor=canonical,variant=0;minecraft:mossy_cobblestone_wall[east=tall,north=none,south=tall,up=true,waterlogged=false,west=low]
08501;bloodborne_blocks:owner_unified_24b2d43416f6e483ff25;True;/tp @s -163 230 -129;facing=north,root_anchor=canonical,variant=0;minecraft:black_stained_glass_pane[east=true,north=true,south=true,waterlogged=false,west=true]
08502;bloodborne_blocks:owner_unified_24c5bc237a4db8dec864;True;/tp @s -695 230 -113;facing=north,root_anchor=canonical,variant=0;minecraft:mossy_cobblestone_wall[east=tall,north=none,south=none,up=true,waterlogged=false,west=low]
08503;bloodborne_blocks:owner_unified_24c9eae27501a4eb6e73;True;/tp @s -683 230 -113;facing=north,root_anchor=canonical,variant=0;minecraft:mossy_cobblestone_wall[east=tall,north=none,south=none,up=true,waterlogged=false,west=tall]
08504;bloodborne_blocks:owner_unified_24d2a07ec76c02dc3075;True;/tp @s -671 230 -113;facing=north,root_anchor=canonical,variant=0;minecraft:blackstone_stairs[facing=east,half=bottom,shape=straight,waterlogged=false] | minecraft:blackstone_stairs[facing=north,half=bottom,shape=straight,waterlogged=false]
08505;bloodborne_blocks:owner_unified_24e0683db3824e47a12f;True;/tp @s -659 230 -113;facing=north,root_anchor=canonical,variant=0;minecraft:cobblestone_wall[east=low,north=low,south=none,up=true,waterlogged=false,west=low]
08506;bloodborne_blocks:owner_unified_24e6fcec7df48234e89a;True;/tp @s -647 230 -113;facing=north,root_anchor=canonical,variant=0;minecraft:iron_bars[east=true,north=true,south=true,waterlogged=false,west=false]
08507;bloodborne_blocks:owner_unified_250b61783b0bc5d0a3c1;True;/tp @s -633 230 -113;facing=north,root_anchor=canonical,variant=0;minecraft:deepslate_tiles
08508;bloodborne_blocks:owner_unified_2514048672029869d684;True;/tp @s -621 230 -113;facing=north,root_anchor=canonical,variant=0;minecraft:red_sandstone_stairs[facing=east,half=top,shape=straight,waterlogged=false]
08509;bloodborne_blocks:owner_unified_252962dd79eb3c8db2aa;True;/tp @s -609 230 -113;facing=north,root_anchor=canonical,variant=0;minecraft:mossy_cobblestone_wall[east=low,north=low,south=tall,up=true,waterlogged=false,west=low]
08510;bloodborne_blocks:owner_unified_253bd92a98792c6637ad;True;/tp @s -597 230 -113;facing=north,root_anchor=canonical,variant=0;minecraft:green_glazed_terracotta[facing=east]
08511;bloodborne_blocks:owner_unified_253cd3f54f2bd9787d11;True;/tp @s -585 230 -113;facing=north,root_anchor=canonical,variant=0;minecraft:cobblestone_stairs[facing=east,half=bottom,shape=straight,waterlogged=false]
08512;bloodborne_blocks:owner_unified_253de9c142041afd49a7;True;/tp @s -573 230 -113;facing=north,root_anchor=canonical,variant=0;minecraft:deepslate_brick_wall[east=low,north=low,south=low,up=true,waterlogged=false,west=none]
08513;bloodborne_blocks:owner_unified_25554e36be5b68d94b71;True;/tp @s -560 230 -113;facing=north,root_anchor=canonical,variant=0;minecraft:white_stained_glass_pane[east=false,north=true,south=true,waterlogged=false,west=true]
08514;bloodborne_blocks:owner_unified_255d9c5eecf509d2a060;True;/tp @s -548 230 -113;facing=north,root_anchor=canonical,variant=0;minecraft:cobbled_deepslate_slab[type=top,waterlogged=false]
08515;bloodborne_blocks:owner_unified_25673cc79107233fb2a1;True;/tp @s -536 230 -113;facing=north,root_anchor=canonical,variant=0;minecraft:cobbled_deepslate_stairs[facing=east,half=top,shape=inner_right,waterlogged=false] | minecraft:cobbled_deepslate_stairs[facing=south,half=top,shape=inner_left,waterlogged=false]
08516;bloodborne_blocks:owner_unified_2571a79d46a9cc1fe573;True;/tp @s -523 230 -113;facing=north,root_anchor=canonical,variant=0;minecraft:red_glazed_terracotta[facing=east] | minecraft:red_glazed_terracotta[facing=south]
08517;bloodborne_blocks:owner_unified_257b61c54571ae7f3e84;True;/tp @s -511 230 -113;facing=north,root_anchor=canonical,variant=0;minecraft:stone_brick_stairs[facing=east,half=top,shape=straight,waterlogged=false]
08518;bloodborne_blocks:owner_unified_25865219b0b789f2320f;True;/tp @s -499 230 -113;facing=north,root_anchor=canonical,variant=0;minecraft:end_stone_brick_wall[east=tall,north=none,south=tall,up=true,waterlogged=false,west=tall]
08519;bloodborne_blocks:owner_unified_258d26f93da804e2be2f;True;/tp @s -487 230 -113;facing=north,root_anchor=canonical,variant=0;minecraft:tinted_glass
08520;bloodborne_blocks:owner_unified_25a67c21daf24cecbd1a;True;/tp @s -474 230 -113;facing=north,root_anchor=canonical,variant=0;minecraft:stone_stairs[facing=east,half=bottom,shape=straight,waterlogged=false]
08521;bloodborne_blocks:owner_unified_25cd5876f1d30bddc948;True;/tp @s -462 230 -113;facing=north,root_anchor=canonical,variant=0;minecraft:mossy_cobblestone_wall[east=none,north=none,south=tall,up=true,waterlogged=false,west=low]
08522;bloodborne_blocks:owner_unified_25df95725df5f35bbb63;True;/tp @s -446 230 -113;facing=north,root_anchor=canonical,variant=0;minecraft:cobbled_deepslate_wall[east=low,north=none,south=none,up=true,waterlogged=false,west=tall]
08523;bloodborne_blocks:owner_unified_25e2d40ac5ae0896b68a;True;/tp @s -431 230 -113;facing=north,root_anchor=canonical,variant=0;minecraft:polished_blackstone_stairs[facing=west,half=bottom,shape=outer_left,waterlogged=false]
08524;bloodborne_blocks:owner_unified_25e38d2351d014e2c649;True;/tp @s -417 230 -113;facing=north,root_anchor=canonical,variant=0;minecraft:brick_wall[east=tall,north=none,south=none,up=false,waterlogged=false,west=tall]
08525;bloodborne_blocks:owner_unified_262d2206bb2cfbd1a53a;True;/tp @s -405 230 -113;facing=north,root_anchor=canonical,variant=0;minecraft:red_stained_glass_pane[east=false,north=true,south=false,waterlogged=false,west=false]
08526;bloodborne_blocks:owner_unified_2639d99c3f0d619b1226;True;/tp @s -391 230 -113;facing=north,root_anchor=canonical,variant=0;minecraft:prismarine_wall[east=low,north=low,south=none,up=true,waterlogged=false,west=low]
08527;bloodborne_blocks:owner_unified_2647fa19f69c7dca6886;True;/tp @s -379 230 -113;facing=north,root_anchor=canonical,variant=0;minecraft:crimson_trapdoor[facing=west,half=top,open=false,powered=false,waterlogged=false]
08528;bloodborne_blocks:owner_unified_264806b9531c9b36869f;True;/tp @s -367 230 -113;facing=north,root_anchor=canonical,variant=0;minecraft:granite_wall[east=tall,north=low,south=tall,up=true,waterlogged=false,west=tall]
08529;bloodborne_blocks:owner_unified_2699a8c0b1687d628975;True;/tp @s -355 230 -113;facing=north,root_anchor=canonical,variant=0;minecraft:cobbled_deepslate_stairs[facing=east,half=top,shape=outer_right,waterlogged=false] | minecraft:cobbled_deepslate_stairs[facing=south,half=top,shape=outer_left,waterlogged=false]
08530;bloodborne_blocks:owner_unified_26a351d43631864ca2e8;True;/tp @s -343 230 -113;facing=north,root_anchor=canonical,variant=0;minecraft:cobblestone_slab[type=bottom,waterlogged=false]
08531;bloodborne_blocks:owner_unified_26b45fafa15dddf6ee8e;True;/tp @s -331 230 -113;facing=north,root_anchor=canonical,variant=0;minecraft:prismarine_wall[east=low,north=tall,south=low,up=true,waterlogged=false,west=tall]
08532;bloodborne_blocks:owner_unified_26dca4f8ffa7dc4b05b5;True;/tp @s -319 230 -113;facing=north,root_anchor=canonical,variant=0;minecraft:stone_brick_wall[east=none,north=tall,south=tall,up=true,waterlogged=false,west=tall]
08533;bloodborne_blocks:owner_unified_26eaa97a2b8771fb3a3a;True;/tp @s -307 230 -113;facing=north,root_anchor=canonical,variant=0;minecraft:red_sandstone_slab[type=top,waterlogged=false]
08534;bloodborne_blocks:owner_unified_26f3793b9ca28eee8cc7;True;/tp @s -294 230 -113;facing=north,root_anchor=canonical,variant=0;minecraft:prismarine_stairs[facing=north,half=bottom,shape=inner_left,waterlogged=false] | minecraft:prismarine_stairs[facing=west,half=bottom,shape=inner_right,waterlogged=false]
08535;bloodborne_blocks:owner_unified_26fbd601af057465bd3c;True;/tp @s -282 230 -113;facing=north,root_anchor=canonical,variant=0;minecraft:warped_stairs[facing=south,half=bottom,shape=straight,waterlogged=false] | minecraft:warped_stairs[facing=west,half=bottom,shape=straight,waterlogged=false]
08536;bloodborne_blocks:owner_unified_26ff5073e306686f44d3;True;/tp @s -270 230 -113;facing=north,root_anchor=canonical,variant=0;minecraft:stone_stairs[facing=east,half=top,shape=straight,waterlogged=false]
08537;bloodborne_blocks:owner_unified_27012af7a425f01e612f;True;/tp @s -258 230 -113;facing=north,root_anchor=canonical,variant=0;minecraft:granite_stairs[facing=north,half=bottom,shape=inner_left,waterlogged=false] | minecraft:granite_stairs[facing=west,half=bottom,shape=inner_right,waterlogged=false]
08538;bloodborne_blocks:owner_unified_272b24b8d89c8eb2d3f0;True;/tp @s -244 230 -113;facing=north,root_anchor=canonical,variant=0;minecraft:hay_block[axis=x] | minecraft:hay_block[axis=z]
08539;bloodborne_blocks:owner_unified_2737a771a3769118aa02;True;/tp @s -226 230 -113;facing=north,root_anchor=canonical,variant=0;minecraft:lime_stained_glass_pane[east=true,north=true,south=true,waterlogged=false,west=false]
08540;bloodborne_blocks:owner_unified_274c0272b026dbcb6351;True;/tp @s -213 230 -113;facing=north,root_anchor=canonical,variant=0;minecraft:diorite_stairs[facing=east,half=top,shape=straight,waterlogged=false]
08541;bloodborne_blocks:owner_unified_2768a3d46eaefb41833e;True;/tp @s -199 230 -113;facing=north,root_anchor=canonical,variant=0;minecraft:blackstone_stairs[facing=south,half=bottom,shape=straight,waterlogged=false]
08542;bloodborne_blocks:owner_unified_27a1444149a125fb7197;True;/tp @s -187 230 -113;facing=north,root_anchor=canonical,variant=0;minecraft:diorite_stairs[facing=north,half=top,shape=straight,waterlogged=false]
08543;bloodborne_blocks:owner_unified_27b17edea4469ad929e5;True;/tp @s -175 230 -113;facing=north,root_anchor=canonical,variant=0;minecraft:cobblestone_wall[east=none,north=tall,south=none,up=true,waterlogged=false,west=tall]
08544;bloodborne_blocks:owner_unified_27e798b218e8b2588575;True;/tp @s -163 230 -113;facing=north,root_anchor=canonical,variant=0;minecraft:cracked_deepslate_bricks
08545;bloodborne_blocks:owner_unified_27ead323b9e4bff364c1;True;/tp @s -695 230 -101;facing=north,root_anchor=canonical,variant=0;minecraft:cobblestone_wall[east=tall,north=tall,south=tall,up=true,waterlogged=false,west=low]
08546;bloodborne_blocks:owner_unified_27fc3660a02d3e3a0740;True;/tp @s -683 230 -101;facing=north,root_anchor=canonical,variant=0;minecraft:sandstone_slab[type=top,waterlogged=false]
08547;bloodborne_blocks:owner_unified_28049a22ccaf3c8bad4a;True;/tp @s -671 230 -101;facing=north,root_anchor=canonical,variant=0;minecraft:light_gray_stained_glass_pane[east=true,north=true,south=false,waterlogged=false,west=true]
08548;bloodborne_blocks:owner_unified_281f34195d20a97606b2;True;/tp @s -659 230 -101;facing=north,root_anchor=canonical,variant=0;minecraft:stone_brick_wall[east=tall,north=low,south=low,up=false,waterlogged=false,west=low]
08549;bloodborne_blocks:owner_unified_282941329758ef561a84;True;/tp @s -647 230 -101;facing=north,root_anchor=canonical,variant=0;minecraft:polished_blackstone_brick_stairs[facing=east,half=bottom,shape=straight,waterlogged=false] | minecraft:polished_blackstone_brick_stairs[facing=north,half=bottom,shape=straight,waterlogged=false]
08550;bloodborne_blocks:owner_unified_2832b95ab95150290c03;True;/tp @s -633 230 -101;facing=north,root_anchor=canonical,variant=0;minecraft:cobblestone_stairs[facing=west,half=top,shape=inner_right,waterlogged=false]
08551;bloodborne_blocks:owner_unified_2835623d5874aa897868;True;/tp @s -621 230 -101;facing=north,root_anchor=canonical,variant=0;minecraft:cyan_terracotta
08552;bloodborne_blocks:owner_unified_2835d4eab248fed32d02;True;/tp @s -609 230 -101;facing=north,root_anchor=canonical,variant=0;minecraft:deepslate_brick_stairs[facing=north,half=top,shape=outer_left,waterlogged=false]
08553;bloodborne_blocks:owner_unified_2849dfe3f0c3e507817b;True;/tp @s -597 230 -101;facing=north,root_anchor=canonical,variant=0;minecraft:deepslate_brick_stairs[facing=west,half=top,shape=straight,waterlogged=false]
08554;bloodborne_blocks:owner_unified_284d3db3005e3cc4e579;True;/tp @s -585 230 -101;facing=north,root_anchor=canonical,variant=0;minecraft:brick_wall[east=tall,north=low,south=low,up=true,waterlogged=false,west=none]
08555;bloodborne_blocks:owner_unified_287c091f2912b29dca60;True;/tp @s -573 230 -101;facing=north,root_anchor=canonical,variant=0;minecraft:lime_glazed_terracotta[facing=north]
08556;bloodborne_blocks:owner_unified_287f4473ec120213aa09;True;/tp @s -560 230 -101;facing=north,root_anchor=canonical,variant=0;minecraft:brick_wall[east=tall,north=tall,south=low,up=true,waterlogged=false,west=tall]
08557;bloodborne_blocks:owner_unified_2899b012bf572956f38a;True;/tp @s -548 230 -101;facing=north,root_anchor=canonical,variant=0;minecraft:deepslate_brick_wall[east=low,north=none,south=tall,up=true,waterlogged=false,west=low]
08558;bloodborne_blocks:owner_unified_289e9e920560bb3c7305;True;/tp @s -536 230 -101;facing=north,root_anchor=canonical,variant=0;minecraft:sandstone_stairs[facing=north,half=bottom,shape=straight,waterlogged=false]
08559;bloodborne_blocks:owner_unified_28bb8187de47f7821f39;True;/tp @s -523 230 -101;facing=north,root_anchor=canonical,variant=0;minecraft:prismarine_wall[east=low,north=tall,south=low,up=true,waterlogged=false,west=low]
08560;bloodborne_blocks:owner_unified_28c3ddcc5b04eed9adc9;True;/tp @s -511 230 -101;facing=north,root_anchor=canonical,variant=0;minecraft:smooth_stone
08561;bloodborne_blocks:owner_unified_28c820b6aded154fd386;True;/tp @s -499 230 -101;facing=north,root_anchor=canonical,variant=0;minecraft:white_stained_glass_pane[east=true,north=true,south=true,waterlogged=false,west=true]
08562;bloodborne_blocks:owner_unified_28c9a2126fd752657a9a;True;/tp @s -487 230 -101;facing=north,root_anchor=canonical,variant=0;minecraft:light_blue_wool
08563;bloodborne_blocks:owner_unified_28d0bd9870e377f67c75;True;/tp @s -474 230 -101;facing=north,root_anchor=canonical,variant=0;minecraft:red_stained_glass_pane[east=true,north=false,south=true,waterlogged=false,west=true]
08564;bloodborne_blocks:owner_unified_28d32567a1225386f491;True;/tp @s -462 230 -101;facing=north,root_anchor=canonical,variant=0;minecraft:glass_pane[east=true,north=true,south=true,waterlogged=false,west=true]
08565;bloodborne_blocks:owner_unified_28d9f3bf9432e5a48e89;True;/tp @s -446 230 -101;facing=north,root_anchor=canonical,variant=0;minecraft:cobblestone_stairs[facing=south,half=top,shape=outer_right,waterlogged=false] | minecraft:cobblestone_stairs[facing=west,half=top,shape=outer_left,waterlogged=false]
08566;bloodborne_blocks:owner_unified_28f284219fc58ee98a62;True;/tp @s -431 230 -101;facing=north,root_anchor=canonical,variant=0;minecraft:mossy_cobblestone_wall[east=none,north=none,south=low,up=true,waterlogged=false,west=tall]
08567;bloodborne_blocks:owner_unified_28fa58b97b0c80025947;True;/tp @s -417 230 -101;facing=north,root_anchor=canonical,variant=0;minecraft:orange_glazed_terracotta[facing=east] | minecraft:orange_glazed_terracotta[facing=north] | minecraft:orange_glazed_terracotta[facing=south] | minecraft:orange_glazed_terracotta[facing=west]
08568;bloodborne_blocks:owner_unified_28fa7801f40b3862f192;True;/tp @s -405 230 -101;facing=north,root_anchor=canonical,variant=0;minecraft:stone_brick_wall[east=none,north=tall,south=low,up=false,waterlogged=false,west=none]
08569;bloodborne_blocks:owner_unified_2919e1865eb609927d5d;True;/tp @s -391 230 -101;facing=north,root_anchor=canonical,variant=0;minecraft:oak_door[facing=east,half=upper,hinge=right,open=false,powered=false] | minecraft:oak_door[facing=east,half=upper,hinge=right,open=true,powered=false] | minecraft:oak_door[facing=north,half=upper,hinge=left,open=false,powered=false] | minecraft:oak_door[facing=west,half=upper,hinge=left,open=true,powered=false] | minecraft:oak_door[facing=west,half=upper,hinge=right,open=true,powered=false]
08570;bloodborne_blocks:owner_unified_2930ddb826e6c6f3dd0e;True;/tp @s -379 230 -101;facing=north,root_anchor=canonical,variant=0;minecraft:brick_stairs[facing=east,half=bottom,shape=inner_left,waterlogged=false] | minecraft:brick_stairs[facing=north,half=bottom,shape=inner_right,waterlogged=false]
08571;bloodborne_blocks:owner_unified_295bfe64a24863d6206e;True;/tp @s -367 230 -101;facing=north,root_anchor=canonical,variant=0;minecraft:glass_pane[east=false,north=false,south=true,waterlogged=false,west=false]
08572;bloodborne_blocks:owner_unified_295eca3b60a3caf2c352;True;/tp @s -355 230 -101;facing=north,root_anchor=canonical,variant=0;minecraft:andesite_stairs[facing=south,half=top,shape=outer_right,waterlogged=false] | minecraft:andesite_stairs[facing=west,half=top,shape=outer_left,waterlogged=false]
08573;bloodborne_blocks:owner_unified_2961260531fb94cc31d7;True;/tp @s -343 230 -101;facing=north,root_anchor=canonical,variant=0;minecraft:red_stained_glass_pane[east=false,north=false,south=true,waterlogged=false,west=false]
08574;bloodborne_blocks:owner_unified_29753c188e90f95e4c34;True;/tp @s -331 230 -101;facing=north,root_anchor=canonical,variant=0;minecraft:stone_brick_wall[east=low,north=low,south=none,up=true,waterlogged=false,west=low]
08575;bloodborne_blocks:owner_unified_297a7a4dd9e69e35b57a;True;/tp @s -319 230 -101;facing=north,root_anchor=canonical,variant=0;minecraft:waxed_oxidized_cut_copper_stairs[facing=south,half=top,shape=straight,waterlogged=false] | minecraft:waxed_oxidized_cut_copper_stairs[facing=west,half=top,shape=straight,waterlogged=false]
08576;bloodborne_blocks:owner_unified_297ba7022b4b968a040e;True;/tp @s -307 230 -101;facing=north,root_anchor=canonical,variant=0;minecraft:stone_stairs[facing=west,half=top,shape=straight,waterlogged=false]
08577;bloodborne_blocks:owner_unified_29a78f4f1c289c1daeb1;True;/tp @s -294 230 -101;facing=north,root_anchor=canonical,variant=0;minecraft:spruce_trapdoor[facing=east,half=top,open=false,powered=false,waterlogged=false] | minecraft:spruce_trapdoor[facing=north,half=top,open=false,powered=false,waterlogged=false] | minecraft:spruce_trapdoor[facing=south,half=top,open=false,powered=false,waterlogged=false] | minecraft:spruce_trapdoor[facing=west,half=top,open=false,powered=false,waterlogged=false]
08578;bloodborne_blocks:owner_unified_29aa17246b4cba357709;True;/tp @s -282 230 -101;facing=north,root_anchor=canonical,variant=0;minecraft:gray_stained_glass_pane[east=true,north=false,south=true,waterlogged=false,west=false]
08579;bloodborne_blocks:owner_unified_29b2f142cdffe637e9ae;True;/tp @s -270 230 -101;facing=north,root_anchor=canonical,variant=0;minecraft:terracotta
08580;bloodborne_blocks:owner_unified_29b9d0637f7e678bae51;True;/tp @s -258 230 -101;facing=north,root_anchor=canonical,variant=0;minecraft:stone_brick_wall[east=tall,north=none,south=low,up=true,waterlogged=false,west=tall]
08581;bloodborne_blocks:owner_unified_29bae9bf6d7a158e148d;True;/tp @s -244 230 -101;facing=north,root_anchor=canonical,variant=0;minecraft:mossy_cobblestone_wall[east=low,north=none,south=none,up=true,waterlogged=false,west=none]
08582;bloodborne_blocks:owner_unified_29bf256fd7f53dfd18a3;True;/tp @s -226 230 -101;facing=north,root_anchor=canonical,variant=0;minecraft:diorite_stairs[facing=south,half=top,shape=straight,waterlogged=false]
08583;bloodborne_blocks:owner_unified_29c92ba1fa7563d970d1;True;/tp @s -213 230 -101;facing=north,root_anchor=canonical,variant=0;minecraft:pink_stained_glass_pane[east=false,north=true,south=true,waterlogged=false,west=false]
08584;bloodborne_blocks:owner_unified_29d3cb60342fd8b84faf;True;/tp @s -199 230 -101;facing=north,root_anchor=canonical,variant=0;minecraft:white_glazed_terracotta[facing=east] | minecraft:white_glazed_terracotta[facing=north] | minecraft:white_glazed_terracotta[facing=south] | minecraft:white_glazed_terracotta[facing=west]
08585;bloodborne_blocks:owner_unified_29e56c06ebb92ce83836;True;/tp @s -187 230 -101;facing=north,root_anchor=canonical,variant=0;minecraft:granite_wall[east=low,north=none,south=low,up=true,waterlogged=false,west=none]
08586;bloodborne_blocks:owner_unified_29efef1cb26cb0a5a4ed;True;/tp @s -175 230 -101;facing=north,root_anchor=canonical,variant=0;minecraft:deepslate_brick_wall[east=low,north=none,south=none,up=true,waterlogged=false,west=none]
08587;bloodborne_blocks:owner_unified_29fcdb7789468246abc3;True;/tp @s -163 230 -101;facing=north,root_anchor=canonical,variant=0;minecraft:polished_andesite_stairs[facing=north,half=bottom,shape=outer_left,waterlogged=false] | minecraft:polished_andesite_stairs[facing=west,half=bottom,shape=outer_right,waterlogged=false]
08588;bloodborne_blocks:owner_unified_2a1cf45c2454f595daa6;True;/tp @s -695 230 -89;facing=north,root_anchor=canonical,variant=0;minecraft:stone_brick_stairs[facing=west,half=bottom,shape=straight,waterlogged=false]
08589;bloodborne_blocks:owner_unified_2a1f4c6f7acb91411934;True;/tp @s -683 230 -89;facing=north,root_anchor=canonical,variant=0;minecraft:deepslate_tile_wall[east=none,north=tall,south=none,up=true,waterlogged=false,west=none]
08590;bloodborne_blocks:owner_unified_2a2733d6da9b9e240868;True;/tp @s -671 230 -89;facing=north,root_anchor=canonical,variant=0;minecraft:pink_stained_glass_pane[east=false,north=false,south=false,waterlogged=false,west=true]
08591;bloodborne_blocks:owner_unified_2a3320194bff6e225286;True;/tp @s -659 230 -89;facing=north,root_anchor=canonical,variant=0;minecraft:mossy_cobblestone_wall[east=none,north=low,south=low,up=true,waterlogged=false,west=tall]
08592;bloodborne_blocks:owner_unified_2a3b6511a64e63629c8f;True;/tp @s -647 230 -89;facing=north,root_anchor=canonical,variant=0;minecraft:brown_stained_glass_pane[east=false,north=true,south=true,waterlogged=false,west=true]
08593;bloodborne_blocks:owner_unified_2a46c81e124d632596b2;True;/tp @s -633 230 -89;facing=north,root_anchor=canonical,variant=0;minecraft:chiseled_nether_bricks
08594;bloodborne_blocks:owner_unified_2a568508d0d74c05e1fd;True;/tp @s -621 230 -89;facing=north,root_anchor=canonical,variant=0;minecraft:prismarine_wall[east=low,north=tall,south=none,up=true,waterlogged=false,west=low]
08595;bloodborne_blocks:owner_unified_2a608d3f997f0824d7ae;True;/tp @s -609 230 -89;facing=north,root_anchor=canonical,variant=0;minecraft:cobbled_deepslate_wall[east=low,north=low,south=none,up=true,waterlogged=false,west=none]
08596;bloodborne_blocks:owner_unified_2a68cc5e007bdd567568;True;/tp @s -597 230 -89;facing=north,root_anchor=canonical,variant=0;minecraft:granite_wall[east=low,north=tall,south=tall,up=true,waterlogged=false,west=none]
08597;bloodborne_blocks:owner_unified_2a70b093a0b3859e4a1f;True;/tp @s -585 230 -89;facing=north,root_anchor=canonical,variant=0;minecraft:red_nether_brick_wall[east=tall,north=tall,south=none,up=true,waterlogged=false,west=tall]
08598;bloodborne_blocks:owner_unified_2a9c47301e05a3c8f4e0;True;/tp @s -573 230 -89;facing=north,root_anchor=canonical,variant=0;minecraft:spruce_stairs[facing=east,half=bottom,shape=outer_right,waterlogged=false] | minecraft:spruce_stairs[facing=south,half=bottom,shape=outer_left,waterlogged=false]
08599;bloodborne_blocks:owner_unified_2ac6f8599aad62b302ec;True;/tp @s -560 230 -89;facing=north,root_anchor=canonical,variant=0;minecraft:granite_wall[east=none,north=none,south=tall,up=true,waterlogged=false,west=low]
08600;bloodborne_blocks:owner_unified_2ad08a9ca65fd9f4f316;True;/tp @s -548 230 -89;facing=north,root_anchor=canonical,variant=0;minecraft:stone_brick_wall[east=tall,north=none,south=none,up=true,waterlogged=false,west=low]
08601;bloodborne_blocks:owner_unified_2adfc8d5078e9be552d7;True;/tp @s -536 230 -89;facing=north,root_anchor=canonical,variant=0;minecraft:granite_wall[east=tall,north=tall,south=tall,up=false,waterlogged=false,west=tall]
08602;bloodborne_blocks:owner_unified_2aed97e4ca80e3e6eafd;True;/tp @s -523 230 -89;facing=north,root_anchor=canonical,variant=0;minecraft:cobblestone_wall[east=none,north=none,south=low,up=true,waterlogged=false,west=low]
08603;bloodborne_blocks:owner_unified_2aedb83a0de03185d106;True;/tp @s -511 230 -89;facing=north,root_anchor=canonical,variant=0;minecraft:dark_prismarine
08604;bloodborne_blocks:owner_unified_2af4701ea348d7c7faa5;True;/tp @s -499 230 -89;facing=north,root_anchor=canonical,variant=0;minecraft:andesite_stairs[facing=east,half=bottom,shape=straight,waterlogged=false]
08605;bloodborne_blocks:owner_unified_2afb02020bae1d8d4b01;True;/tp @s -487 230 -89;facing=north,root_anchor=canonical,variant=0;minecraft:mossy_cobblestone_wall[east=tall,north=none,south=none,up=true,waterlogged=false,west=none]
08606;bloodborne_blocks:owner_unified_2b0839509b0ed22dfbdd;True;/tp @s -474 230 -89;facing=north,root_anchor=canonical,variant=0;minecraft:cobblestone_wall[east=low,north=low,south=low,up=true,waterlogged=false,west=none]
08607;bloodborne_blocks:owner_unified_2b18984d1214e497736c;True;/tp @s -462 230 -89;facing=north,root_anchor=canonical,variant=0;minecraft:mossy_cobblestone_stairs[facing=west,half=bottom,shape=inner_left,waterlogged=false]
08608;bloodborne_blocks:owner_unified_2b18fd400d7d6f01453a;True;/tp @s -446 230 -89;facing=north,root_anchor=canonical,variant=0;minecraft:stone_brick_wall[east=none,north=none,south=none,up=true,waterlogged=false,west=low]
08609;bloodborne_blocks:owner_unified_2b2c5e431c78204873e8;True;/tp @s -431 230 -89;facing=north,root_anchor=canonical,variant=0;minecraft:stone_brick_wall[east=none,north=low,south=none,up=true,waterlogged=false,west=tall]
08610;bloodborne_blocks:owner_unified_2b3cdc16c6c9efa9ccfc;True;/tp @s -417 230 -89;facing=north,root_anchor=canonical,variant=0;minecraft:end_stone_brick_wall[east=low,north=tall,south=tall,up=true,waterlogged=false,west=tall]
08611;bloodborne_blocks:owner_unified_2b414b89a281cbf200fd;True;/tp @s -405 230 -89;facing=north,root_anchor=canonical,variant=0;minecraft:stone_brick_wall[east=none,north=low,south=none,up=true,waterlogged=false,west=none]
08612;bloodborne_blocks:owner_unified_2b4d9f8255b0de7146f1;True;/tp @s -391 230 -89;facing=north,root_anchor=canonical,variant=0;minecraft:stone_brick_stairs[facing=west,half=top,shape=outer_right,waterlogged=false]
08613;bloodborne_blocks:owner_unified_2ba7fb7f6ec6e74ba27c;True;/tp @s -379 230 -89;facing=north,root_anchor=canonical,variant=0;minecraft:cobblestone_wall[east=low,north=tall,south=low,up=true,waterlogged=false,west=tall]
08614;bloodborne_blocks:owner_unified_2baec7ca9ce6fe886e09;True;/tp @s -367 230 -89;facing=north,root_anchor=canonical,variant=0;minecraft:white_stained_glass_pane[east=false,north=false,south=false,waterlogged=false,west=true]
08615;bloodborne_blocks:owner_unified_2bb5772703784064e123;True;/tp @s -355 230 -89;facing=north,root_anchor=canonical,variant=0;minecraft:red_sandstone_stairs[facing=east,half=bottom,shape=straight,waterlogged=false] | minecraft:red_sandstone_stairs[facing=north,half=bottom,shape=straight,waterlogged=false] | minecraft:red_sandstone_stairs[facing=south,half=bottom,shape=straight,waterlogged=false] | minecraft:red_sandstone_stairs[facing=west,half=bottom,shape=straight,waterlogged=false]
08616;bloodborne_blocks:owner_unified_2bd4efc04e1edb25be1d;True;/tp @s -343 230 -89;facing=north,root_anchor=canonical,variant=0;minecraft:stone_brick_stairs[facing=north,half=top,shape=inner_left,waterlogged=false]
08617;bloodborne_blocks:owner_unified_2bfcefba6f566052003a;True;/tp @s -331 230 -89;facing=north,root_anchor=canonical,variant=0;minecraft:prismarine_slab[type=top,waterlogged=false]
08618;bloodborne_blocks:owner_unified_2c07dbac00db5f4e653a;True;/tp @s -319 230 -89;facing=north,root_anchor=canonical,variant=0;minecraft:end_stone_brick_wall[east=tall,north=low,south=tall,up=true,waterlogged=false,west=low]
08619;bloodborne_blocks:owner_unified_2c1195ac1121ab5c3a56;True;/tp @s -307 230 -89;facing=north,root_anchor=canonical,variant=0;minecraft:prismarine_wall[east=none,north=none,south=tall,up=true,waterlogged=false,west=none]
08620;bloodborne_blocks:owner_unified_2c11dab8e8b49c4e1f5e;True;/tp @s -294 230 -89;facing=north,root_anchor=canonical,variant=0;minecraft:granite_stairs[facing=east,half=top,shape=inner_right,waterlogged=false] | minecraft:granite_stairs[facing=south,half=top,shape=inner_left,waterlogged=false]
08621;bloodborne_blocks:owner_unified_2c32ee12d0841335f15d;True;/tp @s -282 230 -89;facing=north,root_anchor=canonical,variant=0;minecraft:blackstone_wall[east=low,north=low,south=low,up=true,waterlogged=false,west=none] | minecraft:blackstone_wall[east=low,north=low,south=none,up=true,waterlogged=false,west=none] | minecraft:blackstone_wall[east=low,north=low,south=none,up=true,waterlogged=false,west=tall] | minecraft:blackstone_wall[east=low,north=low,south=tall,up=true,waterlogged=false,west=none] | minecraft:blackstone_wall[east=low,north=none,south=low,up=true,waterlogged=false,west=low] | minecraft:blackstone_wall[east=low,north=none,south=low,up=true,waterlogged=false,west=none] | minecraft:blackstone_wall[east=low,north=none,south=none,up=true,waterlogged=false,west=none] | minecraft:blackstone_wall[east=low,north=none,south=none,up=true,waterlogged=false,west=tall] | minecraft:blackstone_wall[east=low,north=none,south=tall,up=true,waterlogged=false,west=none] | minecraft:blackstone_wall[east=low,north=tall,south=none,up=true,waterlogged=false,west=none] | minecraft:blackstone_wall[east=low,north=tall,south=tall,up=true,waterlogged=false,west=none] | minecraft:blackstone_wall[east=none,north=low,south=low,up=true,waterlogged=false,west=low] | minecraft:blackstone_wall[east=none,north=low,south=low,up=true,waterlogged=false,west=none] | minecraft:blackstone_wall[east=none,north=low,south=none,up=true,waterlogged=false,west=low] | minecraft:blackstone_wall[east=none,north=low,south=none,up=true,waterlogged=false,west=none] | minecraft:blackstone_wall[east=none,north=low,south=none,up=true,waterlogged=false,west=tall] | minecraft:blackstone_wall[east=none,north=low,south=tall,up=true,waterlogged=false,west=low] | minecraft:blackstone_wall[east=none,north=low,south=tall,up=true,waterlogged=false,west=none] | minecraft:blackstone_wall[east=none,north=low,south=tall,up=true,waterlogged=false,west=tall] | minecraft:blackstone_wall[east=none,north=none,south=low,up=true,waterlogged=false,west=low] | minecraft:blackstone_wall[east=none,north=none,south=low,up=true,waterlogged=false,west=none] | minecraft:blackstone_wall[east=none,north=none,south=low,up=true,waterlogged=false,west=tall] | minecraft:blackstone_wall[east=none,north=none,south=none,up=true,waterlogged=false,west=low] | minecraft:blackstone_wall[east=none,north=none,south=none,up=true,waterlogged=false,west=none] | minecraft:blackstone_wall[east=none,north=none,south=none,up=true,waterlogged=false,west=tall] | minecraft:blackstone_wall[east=none,north=none,south=none,up=true,waterlogged=true,west=none] | minecraft:blackstone_wall[east=none,north=none,south=tall,up=true,waterlogged=false,west=low] | minecraft:blackstone_wall[east=none,north=none,south=tall,up=true,waterlogged=false,west=none] | minecraft:blackstone_wall[east=none,north=none,south=tall,up=true,waterlogged=false,west=tall] | minecraft:blackstone_wall[east=none,north=tall,south=low,up=true,waterlogged=false,west=none] | minecraft:blackstone_wall[east=none,north=tall,south=low,up=true,waterlogged=false,west=tall] | minecraft:blackstone_wall[east=none,north=tall,south=none,up=true,waterlogged=false,west=low] | minecraft:blackstone_wall[east=none,north=tall,south=none,up=true,waterlogged=false,west=none] | minecraft:blackstone_wall[east=none,north=tall,south=none,up=true,waterlogged=false,west=tall] | minecraft:blackstone_wall[east=none,north=tall,south=tall,up=true,waterlogged=false,west=low] | minecraft:blackstone_wall[east=none,north=tall,south=tall,up=true,waterlogged=false,west=none] | minecraft:blackstone_wall[east=tall,north=low,south=none,up=true,waterlogged=false,west=low] | minecraft:blackstone_wall[east=tall,north=low,south=none,up=true,waterlogged=false,west=none] | minecraft:blackstone_wall[east=tall,north=low,south=none,up=true,waterlogged=false,west=tall] | minecraft:blackstone_wall[east=tall,north=low,south=tall,up=true,waterlogged=false,west=low] | minecraft:blackstone_wall[east=tall,north=low,south=tall,up=true,waterlogged=false,west=none] | minecraft:blackstone_wall[east=tall,north=none,south=low,up=true,waterlogged=false,west=none] | minecraft:blackstone_wall[east=tall,north=none,south=low,up=true,waterlogged=false,west=tall] | minecraft:blackstone_wall[east=tall,north=none,south=none,up=true,waterlogged=false,west=low] | minecraft:blackstone_wall[east=tall,north=none,south=none,up=true,waterlogged=false,west=none] | minecraft:blackstone_wall[east=tall,north=none,south=none,up=true,waterlogged=false,west=tall] | minecraft:blackstone_wall[east=tall,north=none,south=tall,up=true,waterlogged=false,west=none] | minecraft:blackstone_wall[east=tall,north=none,south=tall,up=true,waterlogged=false,west=tall] | minecraft:blackstone_wall[east=tall,north=tall,south=none,up=true,waterlogged=false,west=none] | minecraft:blackstone_wall[east=tall,north=tall,south=none,up=true,waterlogged=false,west=tall] | minecraft:blackstone_wall[east=tall,north=tall,south=tall,up=true,waterlogged=false,west=none]
08622;bloodborne_blocks:owner_unified_2c40457c49564eeba893;True;/tp @s -270 230 -89;facing=north,root_anchor=canonical,variant=0;minecraft:stone_brick_wall[east=low,north=none,south=none,up=false,waterlogged=false,west=low]
08623;bloodborne_blocks:owner_unified_2c4d5500e7c8888586f8;True;/tp @s -258 230 -89;facing=north,root_anchor=canonical,variant=0;minecraft:waxed_weathered_cut_copper_stairs[facing=east,half=top,shape=straight,waterlogged=false] | minecraft:waxed_weathered_cut_copper_stairs[facing=north,half=top,shape=straight,waterlogged=false] | minecraft:waxed_weathered_cut_copper_stairs[facing=south,half=top,shape=straight,waterlogged=false] | minecraft:waxed_weathered_cut_copper_stairs[facing=west,half=top,shape=straight,waterlogged=false]
08624;bloodborne_blocks:owner_unified_2c63da3ce2e74351fd98;True;/tp @s -244 230 -89;facing=north,root_anchor=canonical,variant=0;minecraft:brick_wall[east=tall,north=tall,south=tall,up=false,waterlogged=false,west=low]
08625;bloodborne_blocks:owner_unified_2c7972f1597705b3a4f5;True;/tp @s -226 230 -89;facing=north,root_anchor=canonical,variant=0;minecraft:mossy_cobblestone_wall[east=none,north=none,south=none,up=true,waterlogged=false,west=tall]
08626;bloodborne_blocks:owner_unified_2c8c2733a31ae147aa7e;True;/tp @s -213 230 -89;facing=north,root_anchor=canonical,variant=0;minecraft:granite_wall[east=tall,north=none,south=tall,up=true,waterlogged=false,west=low]
08627;bloodborne_blocks:owner_unified_2c8dcbf99dbb774d2aed;True;/tp @s -199 230 -89;facing=north,root_anchor=canonical,variant=0;minecraft:stone_brick_wall[east=tall,north=tall,south=low,up=false,waterlogged=false,west=low]
08628;bloodborne_blocks:owner_unified_2c98491b29717831f4ea;True;/tp @s -187 230 -89;facing=north,root_anchor=canonical,variant=0;minecraft:light_blue_stained_glass
08629;bloodborne_blocks:owner_unified_2ca7c9e570ad6b92c9a3;True;/tp @s -175 230 -89;facing=north,root_anchor=canonical,variant=0;minecraft:polished_diorite_stairs[facing=north,half=top,shape=outer_right,waterlogged=false]
08630;bloodborne_blocks:owner_unified_2ccba1dadcbc3e7e46eb;True;/tp @s -163 230 -89;facing=north,root_anchor=canonical,variant=0;minecraft:pink_stained_glass_pane[east=true,north=true,south=true,waterlogged=false,west=false]
08631;bloodborne_blocks:owner_unified_2cdb11e9de4feb186a80;True;/tp @s -695 230 -75;facing=north,root_anchor=canonical,variant=0;minecraft:brick_wall[east=low,north=tall,south=low,up=true,waterlogged=false,west=tall]
08632;bloodborne_blocks:owner_unified_2cf85d4e7c388857f3d8;True;/tp @s -683 230 -75;facing=north,root_anchor=canonical,variant=0;minecraft:deepslate_brick_wall[east=tall,north=tall,south=low,up=true,waterlogged=false,west=low]
08633;bloodborne_blocks:owner_unified_2d1de4a5b59803366fcc;True;/tp @s -671 230 -75;facing=north,root_anchor=canonical,variant=0;minecraft:end_stone_brick_wall[east=tall,north=tall,south=low,up=true,waterlogged=false,west=none]
08634;bloodborne_blocks:owner_unified_2d1e2cd1e40491f40c5a;True;/tp @s -659 230 -75;facing=north,root_anchor=canonical,variant=0;minecraft:orange_stained_glass_pane[east=false,north=false,south=true,waterlogged=false,west=false]
08635;bloodborne_blocks:owner_unified_2d2921d3af390da332fc;True;/tp @s -647 230 -75;facing=north,root_anchor=canonical,variant=0;minecraft:yellow_glazed_terracotta[facing=east] | minecraft:yellow_glazed_terracotta[facing=north] | minecraft:yellow_glazed_terracotta[facing=south] | minecraft:yellow_glazed_terracotta[facing=west]
08636;bloodborne_blocks:owner_unified_2d36e254d4bce4e44863;True;/tp @s -633 230 -75;facing=north,root_anchor=canonical,variant=0;minecraft:deepslate_brick_stairs[facing=north,half=top,shape=straight,waterlogged=false]
08637;bloodborne_blocks:owner_unified_2d3b211635b184fbafa0;True;/tp @s -621 230 -75;facing=north,root_anchor=canonical,variant=0;minecraft:mossy_cobblestone_wall[east=low,north=none,south=tall,up=true,waterlogged=false,west=tall]
08638;bloodborne_blocks:owner_unified_2d5df88e23288c28b1c2;True;/tp @s -609 230 -75;facing=north,root_anchor=canonical,variant=0;minecraft:gold_block
08639;bloodborne_blocks:owner_unified_2d776cfa2a62a4754b74;True;/tp @s -597 230 -75;facing=north,root_anchor=canonical,variant=0;minecraft:polished_deepslate_stairs[facing=south,half=top,shape=straight,waterlogged=false]
08640;bloodborne_blocks:owner_unified_2d7c137104079cb6e69b;True;/tp @s -585 230 -75;facing=north,root_anchor=canonical,variant=0;minecraft:diorite_stairs[facing=east,half=top,shape=inner_left,waterlogged=false] | minecraft:diorite_stairs[facing=north,half=top,shape=inner_left,waterlogged=false] | minecraft:diorite_stairs[facing=north,half=top,shape=inner_right,waterlogged=false] | minecraft:diorite_stairs[facing=south,half=top,shape=inner_right,waterlogged=false] | minecraft:diorite_stairs[facing=west,half=top,shape=inner_left,waterlogged=false] | minecraft:diorite_stairs[facing=west,half=top,shape=inner_right,waterlogged=false]
08641;bloodborne_blocks:owner_unified_2d89b4fdc6e43e5fdc4d;True;/tp @s -573 230 -75;facing=north,root_anchor=canonical,variant=0;minecraft:cobblestone_wall[east=tall,north=tall,south=tall,up=true,waterlogged=false,west=none]
08642;bloodborne_blocks:owner_unified_2da95430c6ff3ed84b04;True;/tp @s -560 230 -75;facing=north,root_anchor=canonical,variant=0;minecraft:deepslate_brick_wall[east=tall,north=none,south=none,up=false,waterlogged=false,west=tall]
08643;bloodborne_blocks:owner_unified_2db08e97281744350df7;True;/tp @s -548 230 -75;facing=north,root_anchor=canonical,variant=0;minecraft:prismarine_stairs[facing=south,half=top,shape=straight,waterlogged=false]
08644;bloodborne_blocks:owner_unified_2ddb273ea9b832c8b150;True;/tp @s -536 230 -75;facing=north,root_anchor=canonical,variant=0;minecraft:stone_stairs[facing=east,half=bottom,shape=inner_left,waterlogged=false] | minecraft:stone_stairs[facing=north,half=bottom,shape=inner_right,waterlogged=false]
08645;bloodborne_blocks:owner_unified_2df88764a6f02ae4eede;True;/tp @s -523 230 -75;facing=north,root_anchor=canonical,variant=0;minecraft:quartz_stairs[facing=east,half=top,shape=straight,waterlogged=false] | minecraft:quartz_stairs[facing=south,half=top,shape=straight,waterlogged=false]
08646;bloodborne_blocks:owner_unified_2dffe570f264074dfa8f;True;/tp @s -511 230 -75;facing=north,root_anchor=canonical,variant=0;minecraft:flower_pot
08647;bloodborne_blocks:owner_unified_2e134da0e6bfbaf65dbc;True;/tp @s -499 230 -75;facing=north,root_anchor=canonical,variant=0;minecraft:cobbled_deepslate_stairs[facing=north,half=bottom,shape=inner_left,waterlogged=false] | minecraft:cobbled_deepslate_stairs[facing=west,half=bottom,shape=inner_right,waterlogged=false]
08648;bloodborne_blocks:owner_unified_2e1c7b1533fcfcb87568;True;/tp @s -487 230 -75;facing=north,root_anchor=canonical,variant=0;minecraft:brick_wall[east=tall,north=none,south=low,up=true,waterlogged=false,west=low]
08649;bloodborne_blocks:owner_unified_2e2fcd226d060b1dcd91;True;/tp @s -474 230 -75;facing=north,root_anchor=canonical,variant=0;minecraft:brick_wall[east=low,north=low,south=low,up=false,waterlogged=false,west=low]
08650;bloodborne_blocks:owner_unified_2e37be1674b843df3d6b;True;/tp @s -462 230 -75;facing=north,root_anchor=canonical,variant=0;minecraft:mossy_cobblestone_slab[type=top,waterlogged=false]
08651;bloodborne_blocks:owner_unified_2e6da1deba4cc2b4e7d2;True;/tp @s -446 230 -75;facing=north,root_anchor=canonical,variant=0;minecraft:ladder[facing=east,waterlogged=false] | minecraft:ladder[facing=north,waterlogged=false] | minecraft:ladder[facing=south,waterlogged=false] | minecraft:ladder[facing=west,waterlogged=false]
08652;bloodborne_blocks:owner_unified_2e8b57522b5a367e5074;True;/tp @s -431 230 -75;facing=north,root_anchor=canonical,variant=0;minecraft:cobblestone_wall[east=tall,north=tall,south=low,up=true,waterlogged=false,west=tall]
08653;bloodborne_blocks:owner_unified_2eafbd940cd95f65ebd4;True;/tp @s -417 230 -75;facing=north,root_anchor=canonical,variant=0;minecraft:stone_slab[type=double,waterlogged=false]
08654;bloodborne_blocks:owner_unified_2ec4740e5b6fa65a26ce;True;/tp @s -405 230 -75;facing=north,root_anchor=canonical,variant=0;minecraft:rail[shape=south_east,waterlogged=false] | minecraft:rail[shape=south_west,waterlogged=false]
08655;bloodborne_blocks:owner_unified_2ed58ed93dfc83237d5b;True;/tp @s -391 230 -75;facing=north,root_anchor=canonical,variant=0;minecraft:raw_gold_block
08656;bloodborne_blocks:owner_unified_2ee8c6c289696a2e0eb1;True;/tp @s -379 230 -75;facing=north,root_anchor=canonical,variant=0;minecraft:cobbled_deepslate_wall[east=low,north=none,south=low,up=true,waterlogged=false,west=low]
08657;bloodborne_blocks:owner_unified_2eecb29c1902038b004e;True;/tp @s -367 230 -75;facing=north,root_anchor=canonical,variant=0;minecraft:mossy_cobblestone_wall[east=tall,north=low,south=tall,up=true,waterlogged=false,west=tall]
08658;bloodborne_blocks:owner_unified_2f0d917ffa6ca259becb;True;/tp @s -355 230 -75;facing=north,root_anchor=canonical,variant=0;minecraft:smooth_quartz_stairs[facing=north,half=bottom,shape=straight,waterlogged=false]
08659;bloodborne_blocks:owner_unified_2f2aa719aef4e2f91bd9;True;/tp @s -343 230 -75;facing=north,root_anchor=canonical,variant=0;minecraft:polished_deepslate_stairs[facing=north,half=bottom,shape=straight,waterlogged=false] | minecraft:polished_deepslate_stairs[facing=north,half=bottom,shape=straight,waterlogged=true]
08660;bloodborne_blocks:owner_unified_2f37303e275ad2f2d59e;True;/tp @s -331 230 -75;facing=north,root_anchor=canonical,variant=0;minecraft:andesite_stairs[facing=east,half=top,shape=outer_left,waterlogged=false] | minecraft:andesite_stairs[facing=north,half=top,shape=outer_right,waterlogged=false]
08661;bloodborne_blocks:owner_unified_2f3a0b0854c841ceb13b;True;/tp @s -319 230 -75;facing=north,root_anchor=canonical,variant=0;minecraft:deepslate[axis=y]
08662;bloodborne_blocks:owner_unified_2f5427cce4206730e925;True;/tp @s -307 230 -75;facing=north,root_anchor=canonical,variant=0;minecraft:light_blue_stained_glass_pane[east=false,north=false,south=true,waterlogged=false,west=true]
08663;bloodborne_blocks:owner_unified_2f5997b43ed0319d6621;True;/tp @s -294 230 -75;facing=north,root_anchor=canonical,variant=0;minecraft:warped_fence[east=false,north=false,south=false,waterlogged=false,west=false] | minecraft:warped_fence[east=false,north=false,south=false,waterlogged=false,west=true] | minecraft:warped_fence[east=false,north=false,south=true,waterlogged=false,west=false] | minecraft:warped_fence[east=false,north=false,south=true,waterlogged=false,west=true] | minecraft:warped_fence[east=false,north=true,south=false,waterlogged=false,west=false] | minecraft:warped_fence[east=false,north=true,south=false,waterlogged=false,west=true] | minecraft:warped_fence[east=false,north=true,south=true,waterlogged=false,west=false] | minecraft:warped_fence[east=false,north=true,south=true,waterlogged=false,west=true] | minecraft:warped_fence[east=true,north=false,south=false,waterlogged=false,west=false] | minecraft:warped_fence[east=true,north=false,south=false,waterlogged=false,west=true] | minecraft:warped_fence[east=true,north=false,south=true,waterlogged=false,west=false] | minecraft:warped_fence[east=true,north=false,south=true,waterlogged=false,west=true] | minecraft:warped_fence[east=true,north=true,south=false,waterlogged=false,west=false] | minecraft:warped_fence[east=true,north=true,south=false,waterlogged=false,west=true] | minecraft:warped_fence[east=true,north=true,south=true,waterlogged=false,west=false] | minecraft:warped_fence[east=true,north=true,south=true,waterlogged=false,west=true]
08664;bloodborne_blocks:owner_unified_2f6eef14325289f9f611;True;/tp @s -282 230 -75;facing=north,root_anchor=canonical,variant=0;minecraft:stone_brick_wall[east=none,north=low,south=low,up=true,waterlogged=false,west=none]
08665;bloodborne_blocks:owner_unified_2f805dd743bbc48e0224;True;/tp @s -270 230 -75;facing=north,root_anchor=canonical,variant=0;minecraft:oxidized_cut_copper_stairs[facing=east,half=bottom,shape=straight,waterlogged=false] | minecraft:oxidized_cut_copper_stairs[facing=north,half=bottom,shape=straight,waterlogged=false] | minecraft:oxidized_cut_copper_stairs[facing=south,half=bottom,shape=straight,waterlogged=false] | minecraft:oxidized_cut_copper_stairs[facing=west,half=bottom,shape=straight,waterlogged=false]
08666;bloodborne_blocks:owner_unified_2f98921147b47f188f7b;True;/tp @s -258 230 -75;facing=north,root_anchor=canonical,variant=0;minecraft:black_stained_glass_pane[east=false,north=true,south=false,waterlogged=false,west=true]
08667;bloodborne_blocks:owner_unified_2f9efeafdfb6f2f726f3;True;/tp @s -244 230 -75;facing=north,root_anchor=canonical,variant=0;minecraft:dark_oak_button[face=floor,facing=north,powered=false]
08668;bloodborne_blocks:owner_unified_2fa24b96a145a6d0073a;True;/tp @s -226 230 -75;facing=north,root_anchor=canonical,variant=0;minecraft:iron_bars[east=false,north=true,south=true,waterlogged=false,west=true]
08669;bloodborne_blocks:owner_unified_2fa30d44a1b32516e562;True;/tp @s -213 230 -75;facing=north,root_anchor=canonical,variant=0;minecraft:spruce_fence[east=false,north=false,south=false,waterlogged=false,west=true] | minecraft:spruce_fence[east=false,north=true,south=false,waterlogged=false,west=true]
08670;bloodborne_blocks:owner_unified_2fad7264954a783aa1b1;True;/tp @s -199 230 -75;facing=north,root_anchor=canonical,variant=0;minecraft:acacia_wood[axis=y]
08671;bloodborne_blocks:owner_unified_2fc5b2aa544c92982cc6;True;/tp @s -187 230 -75;facing=north,root_anchor=canonical,variant=0;minecraft:cobblestone_wall[east=none,north=low,south=tall,up=true,waterlogged=false,west=none]
08672;bloodborne_blocks:owner_unified_2fc6120e7ca695f9ecb3;True;/tp @s -175 230 -75;facing=north,root_anchor=canonical,variant=0;minecraft:green_glazed_terracotta[facing=north]
08673;bloodborne_blocks:owner_unified_2ff36b45649e1eb2005a;True;/tp @s -163 230 -75;facing=north,root_anchor=canonical,variant=0;minecraft:black_stained_glass_pane[east=true,north=true,south=false,waterlogged=false,west=true]
08674;bloodborne_blocks:owner_unified_30147c282d3ef20c3ec8;True;/tp @s -695 230 -62;facing=north,root_anchor=canonical,variant=0;minecraft:spruce_stairs[facing=east,half=top,shape=straight,waterlogged=false]
08675;bloodborne_blocks:owner_unified_303599966ecb4e69df29;True;/tp @s -683 230 -62;facing=north,root_anchor=canonical,variant=0;minecraft:brick_wall[east=none,north=low,south=tall,up=true,waterlogged=false,west=none]
08676;bloodborne_blocks:owner_unified_3036f96c6d53d18b3431;True;/tp @s -671 230 -62;facing=north,root_anchor=canonical,variant=0;minecraft:polished_blackstone_stairs[facing=east,half=top,shape=straight,waterlogged=false]
08677;bloodborne_blocks:owner_unified_303b2c32671e840ee83a;True;/tp @s -659 230 -62;facing=north,root_anchor=canonical,variant=0;minecraft:blue_glazed_terracotta[facing=north] | minecraft:blue_glazed_terracotta[facing=south]
08678;bloodborne_blocks:owner_unified_303ea4354cc7c4cd3194;True;/tp @s -647 230 -62;facing=north,root_anchor=canonical,variant=0;minecraft:cobbled_deepslate_wall[east=low,north=tall,south=tall,up=true,waterlogged=false,west=tall]
08679;bloodborne_blocks:owner_unified_304326cca09c04042833;True;/tp @s -633 230 -62;facing=north,root_anchor=canonical,variant=0;minecraft:light_gray_stained_glass_pane[east=true,north=false,south=false,waterlogged=false,west=true]
08680;bloodborne_blocks:owner_unified_305d0edfc54393653e4a;True;/tp @s -621 230 -62;facing=north,root_anchor=canonical,variant=0;minecraft:dark_oak_fence_gate[facing=east,in_wall=false,open=false,powered=false] | minecraft:dark_oak_fence_gate[facing=north,in_wall=false,open=false,powered=false]
08681;bloodborne_blocks:owner_unified_306131879fd182ca012d;True;/tp @s -609 230 -62;facing=north,root_anchor=canonical,variant=0;minecraft:cobblestone_wall[east=tall,north=none,south=tall,up=true,waterlogged=false,west=none]
08682;bloodborne_blocks:owner_unified_306ef8e6957b25d887fb;True;/tp @s -597 230 -62;facing=north,root_anchor=canonical,variant=0;minecraft:stone_brick_wall[east=low,north=none,south=none,up=false,waterlogged=false,west=tall]
08683;bloodborne_blocks:owner_unified_30777ddabd75369e9e33;True;/tp @s -585 230 -62;facing=north,root_anchor=canonical,variant=0;minecraft:brick_stairs[facing=east,half=bottom,shape=inner_right,waterlogged=false] | minecraft:brick_stairs[facing=east,half=bottom,shape=inner_right,waterlogged=true] | minecraft:brick_stairs[facing=south,half=bottom,shape=inner_left,waterlogged=false]
08684;bloodborne_blocks:owner_unified_307c5a9cd97e823fe098;True;/tp @s -573 230 -62;facing=north,root_anchor=canonical,variant=0;minecraft:deepslate_brick_wall[east=none,north=low,south=low,up=true,waterlogged=false,west=low]
08685;bloodborne_blocks:owner_unified_308a9e36ccda4ab66144;True;/tp @s -560 230 -62;facing=north,root_anchor=canonical,variant=0;minecraft:iron_bars[east=false,north=false,south=true,waterlogged=false,west=true]
08686;bloodborne_blocks:owner_unified_3096a7c1f75496dace71;True;/tp @s -548 230 -62;facing=north,root_anchor=canonical,variant=0;minecraft:deepslate_brick_wall[east=none,north=tall,south=tall,up=true,waterlogged=false,west=tall]
08687;bloodborne_blocks:owner_unified_30a3dffac0e9aeba8403;True;/tp @s -536 230 -62;facing=north,root_anchor=canonical,variant=0;minecraft:light_blue_stained_glass_pane[east=true,north=false,south=true,waterlogged=false,west=true]
08688;bloodborne_blocks:owner_unified_30aa99e3c936cb1a594a;True;/tp @s -523 230 -62;facing=north,root_anchor=canonical,variant=0;minecraft:cobbled_deepslate_wall[east=none,north=tall,south=none,up=true,waterlogged=false,west=tall]
08689;bloodborne_blocks:owner_unified_30c08abb7cd1c42b19fb;True;/tp @s -511 230 -62;facing=north,root_anchor=canonical,variant=0;minecraft:mossy_cobblestone_wall[east=none,north=tall,south=low,up=true,waterlogged=false,west=low]
08690;bloodborne_blocks:owner_unified_313169f8cadb25e295be;True;/tp @s -499 230 -62;facing=north,root_anchor=canonical,variant=0;minecraft:red_nether_brick_wall[east=tall,north=none,south=tall,up=true,waterlogged=false,west=tall]
08691;bloodborne_blocks:owner_unified_31418e1c20691e178081;True;/tp @s -487 230 -62;facing=north,root_anchor=canonical,variant=0;minecraft:deepslate_brick_wall[east=none,north=low,south=low,up=false,waterlogged=false,west=none]
08692;bloodborne_blocks:owner_unified_3147a6900eae5db24bc2;True;/tp @s -474 230 -62;facing=north,root_anchor=canonical,variant=0;minecraft:lime_stained_glass
08693;bloodborne_blocks:owner_unified_3158528e2579ac870664;True;/tp @s -462 230 -62;facing=north,root_anchor=canonical,variant=0;minecraft:prismarine_wall[east=tall,north=none,south=none,up=false,waterlogged=false,west=tall]
08694;bloodborne_blocks:owner_unified_316c6831007027d4b30e;True;/tp @s -446 230 -62;facing=north,root_anchor=canonical,variant=0;minecraft:mossy_cobblestone_wall[east=tall,north=tall,south=none,up=true,waterlogged=false,west=tall]
08695;bloodborne_blocks:owner_unified_3170453e555c6dc0dbb7;True;/tp @s -431 230 -62;facing=north,root_anchor=canonical,variant=0;minecraft:magenta_stained_glass_pane[east=false,north=true,south=true,waterlogged=false,west=true]
08696;bloodborne_blocks:owner_unified_3180dcc66ce13ec1e5cb;True;/tp @s -417 230 -62;facing=north,root_anchor=canonical,variant=0;minecraft:nether_brick_fence[east=true,north=false,south=true,waterlogged=false,west=true]
08697;bloodborne_blocks:owner_unified_31b72f328d8b99ca563e;True;/tp @s -405 230 -62;facing=north,root_anchor=canonical,variant=0;minecraft:deepslate_brick_wall[east=none,north=none,south=none,up=true,waterlogged=false,west=none]
08698;bloodborne_blocks:owner_unified_31bdc089ccc794dc63c8;True;/tp @s -391 230 -62;facing=north,root_anchor=canonical,variant=0;minecraft:magenta_stained_glass
08699;bloodborne_blocks:owner_unified_31bdcd5f5cab3ae3ed9f;True;/tp @s -379 230 -62;facing=north,root_anchor=canonical,variant=0;minecraft:lapis_block
08700;bloodborne_blocks:owner_unified_31c62e72ccba2f5b20ed;True;/tp @s -367 230 -62;facing=north,root_anchor=canonical,variant=0;minecraft:brick_wall[east=low,north=low,south=tall,up=true,waterlogged=false,west=none]
08701;bloodborne_blocks:owner_unified_31d2d7efd2bded0014ef;True;/tp @s -355 230 -62;facing=north,root_anchor=canonical,variant=0;minecraft:orange_stained_glass_pane[east=false,north=false,south=true,waterlogged=false,west=true]
08702;bloodborne_blocks:owner_unified_31de263da7adeb1fdca2;True;/tp @s -343 230 -62;facing=north,root_anchor=canonical,variant=0;minecraft:magenta_stained_glass_pane[east=false,north=true,south=true,waterlogged=false,west=false]
08703;bloodborne_blocks:owner_unified_31e5826bda86cac0c81d;True;/tp @s -331 230 -62;facing=north,root_anchor=canonical,variant=0;minecraft:cobbled_deepslate_stairs[facing=north,half=bottom,shape=outer_left,waterlogged=false] | minecraft:cobbled_deepslate_stairs[facing=west,half=bottom,shape=outer_right,waterlogged=false]
08704;bloodborne_blocks:owner_unified_31f899dc00592204b0e8;True;/tp @s -319 230 -62;facing=north,root_anchor=canonical,variant=0;minecraft:pink_stained_glass_pane[east=true,north=true,south=true,waterlogged=false,west=true]
08705;bloodborne_blocks:owner_unified_321889e2036f50a94375;True;/tp @s -307 230 -62;facing=north,root_anchor=canonical,variant=0;minecraft:cobbled_deepslate_wall[east=low,north=low,south=tall,up=true,waterlogged=false,west=tall]
08706;bloodborne_blocks:owner_unified_3240d83ae7ee38472a80;True;/tp @s -294 230 -62;facing=north,root_anchor=canonical,variant=0;minecraft:brick_wall[east=none,north=low,south=tall,up=true,waterlogged=false,west=tall]
08707;bloodborne_blocks:owner_unified_3250e536d33be54b56c8;True;/tp @s -282 230 -62;facing=north,root_anchor=canonical,variant=0;minecraft:granite_wall[east=tall,north=tall,south=none,up=true,waterlogged=false,west=tall]
08708;bloodborne_blocks:owner_unified_325be163a1105edb3b1c;True;/tp @s -270 230 -62;facing=north,root_anchor=canonical,variant=0;minecraft:polished_blackstone
08709;bloodborne_blocks:owner_unified_325d4bacea5eddae33c1;True;/tp @s -258 230 -62;facing=north,root_anchor=canonical,variant=0;minecraft:brick_stairs[facing=east,half=bottom,shape=outer_right,waterlogged=false] | minecraft:brick_stairs[facing=east,half=bottom,shape=outer_right,waterlogged=true] | minecraft:brick_stairs[facing=south,half=bottom,shape=outer_left,waterlogged=false]
08710;bloodborne_blocks:owner_unified_3260c9a163082caa91e0;True;/tp @s -244 230 -62;facing=north,root_anchor=canonical,variant=0;minecraft:blackstone_wall[east=none,north=tall,south=low,up=false,waterlogged=false,west=none] | minecraft:blackstone_wall[east=none,north=tall,south=none,up=false,waterlogged=false,west=none]
08711;bloodborne_blocks:owner_unified_3273c4a3168db4340808;True;/tp @s -226 230 -62;facing=north,root_anchor=canonical,variant=0;minecraft:brick_wall[east=tall,north=none,south=tall,up=true,waterlogged=false,west=tall]
08712;bloodborne_blocks:owner_unified_3278cfccd2339c17bca3;True;/tp @s -213 230 -62;facing=north,root_anchor=canonical,variant=0;minecraft:light_gray_glazed_terracotta[facing=north] | minecraft:light_gray_glazed_terracotta[facing=south]
08713;bloodborne_blocks:owner_unified_328464bb69dc3ce482d1;True;/tp @s -199 230 -62;facing=north,root_anchor=canonical,variant=0;minecraft:light_blue_stained_glass_pane[east=false,north=true,south=true,waterlogged=false,west=false]
08714;bloodborne_blocks:owner_unified_328bf9a8bad9bac69ca1;True;/tp @s -187 230 -62;facing=north,root_anchor=canonical,variant=0;minecraft:stone_brick_wall[east=tall,north=tall,south=low,up=true,waterlogged=false,west=tall]
08715;bloodborne_blocks:owner_unified_32963c62dfa943979052;True;/tp @s -175 230 -62;facing=north,root_anchor=canonical,variant=0;minecraft:stone_brick_wall[east=tall,north=none,south=tall,up=true,waterlogged=false,west=low]
08716;bloodborne_blocks:owner_unified_32acb796c69b2b2bebd4;True;/tp @s -163 230 -62;facing=north,root_anchor=canonical,variant=0;minecraft:brick_wall[east=tall,north=low,south=low,up=true,waterlogged=false,west=low]
08717;bloodborne_blocks:owner_unified_32b93e9c5586ccc535f8;True;/tp @s -695 230 -50;facing=north,root_anchor=canonical,variant=0;minecraft:cobbled_deepslate_wall[east=low,north=tall,south=none,up=true,waterlogged=false,west=none]
08718;bloodborne_blocks:owner_unified_32c4dc7ad28d849064a6;True;/tp @s -683 230 -50;facing=north,root_anchor=canonical,variant=0;minecraft:black_stained_glass
08719;bloodborne_blocks:owner_unified_32cf4eb91bf8953f7153;True;/tp @s -671 230 -50;facing=north,root_anchor=canonical,variant=0;minecraft:granite_wall[east=tall,north=tall,south=tall,up=true,waterlogged=false,west=low]
08720;bloodborne_blocks:owner_unified_32dbf6e766f99ebcd376;True;/tp @s -659 230 -50;facing=north,root_anchor=canonical,variant=0;minecraft:nether_brick_fence[east=true,north=false,south=false,waterlogged=false,west=true]
08721;bloodborne_blocks:owner_unified_32fb06bcaff042225c3c;True;/tp @s -647 230 -50;facing=north,root_anchor=canonical,variant=0;minecraft:deepslate_gold_ore
08722;bloodborne_blocks:owner_unified_330459ff846936e8b964;True;/tp @s -633 230 -50;facing=north,root_anchor=canonical,variant=0;minecraft:granite_wall[east=low,north=tall,south=tall,up=true,waterlogged=false,west=tall]
08723;bloodborne_blocks:owner_unified_331febb46335e44c35c8;True;/tp @s -621 230 -50;facing=north,root_anchor=canonical,variant=0;minecraft:diorite_stairs[facing=south,half=bottom,shape=inner_left,waterlogged=false]
08724;bloodborne_blocks:owner_unified_3321df664192ac16f051;True;/tp @s -609 230 -50;facing=north,root_anchor=canonical,variant=0;minecraft:deepslate_tile_stairs[facing=north,half=top,shape=straight,waterlogged=false] | minecraft:deepslate_tile_stairs[facing=south,half=top,shape=straight,waterlogged=false]
08725;bloodborne_blocks:owner_unified_332556b5eb29211dd33d;True;/tp @s -597 230 -50;facing=north,root_anchor=canonical,variant=0;minecraft:mossy_cobblestone_wall[east=low,north=low,south=low,up=true,waterlogged=false,west=tall]
08726;bloodborne_blocks:owner_unified_332b85e21fc587121993;True;/tp @s -585 230 -50;facing=north,root_anchor=canonical,variant=0;minecraft:cyan_stained_glass
08727;bloodborne_blocks:owner_unified_333ee2c0447be963b489;True;/tp @s -573 230 -50;facing=north,root_anchor=canonical,variant=0;minecraft:polished_diorite_stairs[facing=east,half=bottom,shape=straight,waterlogged=false] | minecraft:polished_diorite_stairs[facing=south,half=bottom,shape=straight,waterlogged=false]
08728;bloodborne_blocks:owner_unified_336ebf00e8d6a9b5578c;True;/tp @s -560 230 -50;facing=north,root_anchor=canonical,variant=0;minecraft:brick_wall[east=low,north=low,south=tall,up=true,waterlogged=false,west=tall]
08729;bloodborne_blocks:owner_unified_336ed57f66028bc9e918;True;/tp @s -548 230 -50;facing=north,root_anchor=canonical,variant=0;minecraft:end_stone_brick_wall[east=low,north=low,south=tall,up=true,waterlogged=false,west=tall]
08730;bloodborne_blocks:owner_unified_336eef258d7fd2fac36e;True;/tp @s -536 230 -50;facing=north,root_anchor=canonical,variant=0;minecraft:oak_stairs[facing=east,half=bottom,shape=straight,waterlogged=false]
08731;bloodborne_blocks:owner_unified_337329440f9a2e412be9;True;/tp @s -523 230 -50;facing=north,root_anchor=canonical,variant=0;minecraft:end_stone_brick_wall[east=none,north=tall,south=none,up=true,waterlogged=false,west=none]
08732;bloodborne_blocks:owner_unified_33837e2653401c09d1be;True;/tp @s -511 230 -50;facing=north,root_anchor=canonical,variant=0;minecraft:stone_brick_wall[east=tall,north=tall,south=none,up=true,waterlogged=false,west=low]
08733;bloodborne_blocks:owner_unified_339525621a267457e3f2;True;/tp @s -499 230 -50;facing=north,root_anchor=canonical,variant=0;minecraft:mossy_cobblestone_slab[type=bottom,waterlogged=false]
08734;bloodborne_blocks:owner_unified_339d167f372bc24c8184;True;/tp @s -487 230 -50;facing=north,root_anchor=canonical,variant=0;minecraft:sandstone_stairs[facing=south,half=bottom,shape=straight,waterlogged=false]
08735;bloodborne_blocks:owner_unified_3406aea1fe3ce7363bc9;True;/tp @s -474 230 -50;facing=north,root_anchor=canonical,variant=0;minecraft:mossy_cobblestone_stairs[facing=west,half=bottom,shape=inner_right,waterlogged=false]
08736;bloodborne_blocks:owner_unified_341b41f106224497a53d;True;/tp @s -462 230 -50;facing=north,root_anchor=canonical,variant=0;minecraft:polished_blackstone_stairs[facing=north,half=bottom,shape=inner_left,waterlogged=false] | minecraft:polished_blackstone_stairs[facing=west,half=bottom,shape=inner_right,waterlogged=false]
08737;bloodborne_blocks:owner_unified_34276628b1b452fd1f7e;True;/tp @s -446 230 -50;facing=north,root_anchor=canonical,variant=0;minecraft:red_nether_brick_wall[east=none,north=none,south=tall,up=true,waterlogged=false,west=none]
08738;bloodborne_blocks:owner_unified_3451a0c8a279936ffe33;True;/tp @s -431 230 -50;facing=north,root_anchor=canonical,variant=0;minecraft:mossy_cobblestone_wall[east=low,north=tall,south=low,up=true,waterlogged=false,west=low]
08739;bloodborne_blocks:owner_unified_3495f286c0adcc1f5609;True;/tp @s -417 230 -50;facing=north,root_anchor=canonical,variant=0;minecraft:cobbled_deepslate_stairs[facing=south,half=top,shape=straight,waterlogged=false]
08740;bloodborne_blocks:owner_unified_34a55fce72294cdfab89;True;/tp @s -405 230 -50;facing=north,root_anchor=canonical,variant=0;minecraft:cobbled_deepslate_wall[east=none,north=tall,south=low,up=true,waterlogged=false,west=tall]
08741;bloodborne_blocks:owner_unified_34acecbbb8fb3305f567;True;/tp @s -391 230 -50;facing=north,root_anchor=canonical,variant=0;minecraft:stone_brick_wall[east=low,north=none,south=tall,up=true,waterlogged=false,west=none]
08742;bloodborne_blocks:owner_unified_34bc66a2465a0ac4d0d8;True;/tp @s -379 230 -50;facing=north,root_anchor=canonical,variant=0;minecraft:green_stained_glass_pane[east=false,north=false,south=true,waterlogged=false,west=true]
08743;bloodborne_blocks:owner_unified_34c77b217d242b8cfaf4;True;/tp @s -367 230 -50;facing=north,root_anchor=canonical,variant=0;minecraft:dark_oak_trapdoor[facing=south,half=top,open=true,powered=false,waterlogged=false]
08744;bloodborne_blocks:owner_unified_34c907266343c0af751a;True;/tp @s -355 230 -50;facing=north,root_anchor=canonical,variant=0;minecraft:dead_fire_coral_wall_fan[facing=east,waterlogged=false] | minecraft:dead_fire_coral_wall_fan[facing=north,waterlogged=false] | minecraft:dead_fire_coral_wall_fan[facing=south,waterlogged=false]
08745;bloodborne_blocks:owner_unified_34d751b13ae714a4f482;True;/tp @s -343 230 -50;facing=north,root_anchor=canonical,variant=0;minecraft:mossy_cobblestone_wall[east=low,north=none,south=none,up=false,waterlogged=false,west=low]
08746;bloodborne_blocks:owner_unified_34d7bc72d3a2e0989f58;True;/tp @s -331 230 -50;facing=north,root_anchor=canonical,variant=0;minecraft:magenta_stained_glass_pane[east=false,north=true,south=false,waterlogged=false,west=false]
08747;bloodborne_blocks:owner_unified_34faf2e966dd92c25f62;True;/tp @s -319 230 -50;facing=north,root_anchor=canonical,variant=0;minecraft:diorite
08748;bloodborne_blocks:owner_unified_34fd2e00bc62c9912594;True;/tp @s -307 230 -50;facing=north,root_anchor=canonical,variant=0;minecraft:brick_wall[east=none,north=none,south=none,up=true,waterlogged=false,west=none]
08749;bloodborne_blocks:owner_unified_352fa80bd5eb604321ae;True;/tp @s -294 230 -50;facing=north,root_anchor=canonical,variant=0;minecraft:jungle_trapdoor[facing=east,half=bottom,open=false,powered=false,waterlogged=false] | minecraft:jungle_trapdoor[facing=north,half=bottom,open=false,powered=false,waterlogged=false]
08750;bloodborne_blocks:owner_unified_35378437d052fbda0f49;True;/tp @s -282 230 -50;facing=north,root_anchor=canonical,variant=0;minecraft:magenta_stained_glass_pane[east=true,north=false,south=true,waterlogged=false,west=true]
08751;bloodborne_blocks:owner_unified_354654a2e9edded5f619;True;/tp @s -270 230 -50;facing=north,root_anchor=canonical,variant=0;minecraft:magenta_stained_glass_pane[east=false,north=true,south=false,waterlogged=false,west=true]
08752;bloodborne_blocks:owner_unified_3552c59672517ea652e4;True;/tp @s -258 230 -50;facing=north,root_anchor=canonical,variant=0;minecraft:brick_wall[east=low,north=tall,south=low,up=false,waterlogged=false,west=tall]
08753;bloodborne_blocks:owner_unified_3583d1b6d1ab2bfb855a;True;/tp @s -244 230 -50;facing=north,root_anchor=canonical,variant=0;minecraft:quartz_stairs[facing=north,half=top,shape=straight,waterlogged=false]
08754;bloodborne_blocks:owner_unified_358e6d701ac14d5a221c;True;/tp @s -226 230 -50;facing=north,root_anchor=canonical,variant=0;minecraft:mossy_cobblestone_wall[east=none,north=none,south=none,up=true,waterlogged=false,west=low]
08755;bloodborne_blocks:owner_unified_35a1b47db439029919f2;True;/tp @s -213 230 -50;facing=north,root_anchor=canonical,variant=0;minecraft:chiseled_sandstone
08756;bloodborne_blocks:owner_unified_35cfa85283a26360820a;True;/tp @s -199 230 -50;facing=north,root_anchor=canonical,variant=0;minecraft:cobbled_deepslate_wall[east=none,north=low,south=tall,up=true,waterlogged=false,west=tall]
08757;bloodborne_blocks:owner_unified_35d118553b2bc5fd998c;True;/tp @s -187 230 -50;facing=north,root_anchor=canonical,variant=0;minecraft:cobblestone_wall[east=none,north=none,south=none,up=true,waterlogged=false,west=low]
08758;bloodborne_blocks:owner_unified_35de9f4fa48651b3f434;True;/tp @s -175 230 -50;facing=north,root_anchor=canonical,variant=0;minecraft:mossy_cobblestone_stairs[facing=east,half=top,shape=inner_left,waterlogged=false] | minecraft:mossy_cobblestone_stairs[facing=north,half=top,shape=inner_right,waterlogged=false]
08759;bloodborne_blocks:owner_unified_35dea4f27478a726fdf9;True;/tp @s -163 230 -50;facing=north,root_anchor=canonical,variant=0;minecraft:cobbled_deepslate_wall[east=tall,north=low,south=tall,up=true,waterlogged=false,west=tall]
08760;bloodborne_blocks:owner_unified_35dfe3e0ff7776e5e634;True;/tp @s -695 230 -38;facing=north,root_anchor=canonical,variant=0;minecraft:cobbled_deepslate_wall[east=low,north=none,south=low,up=true,waterlogged=false,west=none]
08761;bloodborne_blocks:owner_unified_35f373e6580ad43646a2;True;/tp @s -683 230 -38;facing=north,root_anchor=canonical,variant=0;minecraft:granite_wall[east=none,north=tall,south=tall,up=true,waterlogged=false,west=low]
08762;bloodborne_blocks:owner_unified_36031beb7b12f94248ba;True;/tp @s -671 230 -38;facing=north,root_anchor=canonical,variant=0;minecraft:quartz_stairs[facing=north,half=bottom,shape=outer_left,waterlogged=false] | minecraft:quartz_stairs[facing=west,half=bottom,shape=outer_right,waterlogged=false]
08763;bloodborne_blocks:owner_unified_3629051b451f911f6257;True;/tp @s -659 230 -38;facing=north,root_anchor=canonical,variant=0;minecraft:diorite_stairs[facing=east,half=top,shape=inner_right,waterlogged=false] | minecraft:diorite_stairs[facing=south,half=top,shape=inner_left,waterlogged=false]
08764;bloodborne_blocks:owner_unified_362f7d2dd5e9993d4c87;True;/tp @s -647 230 -38;facing=north,root_anchor=canonical,variant=0;minecraft:spruce_trapdoor[facing=east,half=bottom,open=false,powered=false,waterlogged=false] | minecraft:spruce_trapdoor[facing=north,half=bottom,open=false,powered=false,waterlogged=false] | minecraft:spruce_trapdoor[facing=south,half=bottom,open=false,powered=false,waterlogged=false] | minecraft:spruce_trapdoor[facing=west,half=bottom,open=false,powered=false,waterlogged=false]
08765;bloodborne_blocks:owner_unified_3632b7409578a6b6dd08;True;/tp @s -633 230 -38;facing=north,root_anchor=canonical,variant=0;minecraft:orange_stained_glass_pane[east=false,north=true,south=true,waterlogged=false,west=false]
08766;bloodborne_blocks:owner_unified_365212714a337845f81f;True;/tp @s -621 230 -38;facing=north,root_anchor=canonical,variant=0;minecraft:mossy_cobblestone_stairs[facing=east,half=bottom,shape=outer_right,waterlogged=false] | minecraft:mossy_cobblestone_stairs[facing=south,half=bottom,shape=outer_left,waterlogged=false]
08767;bloodborne_blocks:owner_unified_366edc2fe3c4645ad3c2;True;/tp @s -609 230 -38;facing=north,root_anchor=canonical,variant=0;minecraft:sandstone_stairs[facing=west,half=bottom,shape=straight,waterlogged=false]
08768;bloodborne_blocks:owner_unified_368f446f09644f37a972;True;/tp @s -597 230 -38;facing=north,root_anchor=canonical,variant=0;minecraft:birch_stairs[facing=north,half=top,shape=straight,waterlogged=false]
08769;bloodborne_blocks:owner_unified_36ad18ced0edb62e9c10;True;/tp @s -585 230 -38;facing=north,root_anchor=canonical,variant=0;minecraft:red_stained_glass_pane[east=true,north=true,south=false,waterlogged=false,west=true]
08770;bloodborne_blocks:owner_unified_36c5c17719c49fbae180;True;/tp @s -573 230 -38;facing=north,root_anchor=canonical,variant=0;minecraft:calcite
08771;bloodborne_blocks:owner_unified_36cfd1bb590ff43b2836;True;/tp @s -560 230 -38;facing=north,root_anchor=canonical,variant=0;minecraft:light_gray_stained_glass_pane[east=true,north=true,south=true,waterlogged=false,west=true]
08772;bloodborne_blocks:owner_unified_36dbc91d2d71ce2fb867;True;/tp @s -548 230 -38;facing=north,root_anchor=canonical,variant=0;minecraft:end_stone_brick_wall[east=low,north=tall,south=none,up=true,waterlogged=false,west=none]
08773;bloodborne_blocks:owner_unified_36e1102910e56614e13d;True;/tp @s -536 230 -38;facing=north,root_anchor=canonical,variant=0;minecraft:acacia_fence_gate[facing=east,in_wall=false,open=true,powered=false]
08774;bloodborne_blocks:owner_unified_36f373e13a2ee0f532e5;True;/tp @s -523 230 -38;facing=north,root_anchor=canonical,variant=0;minecraft:end_stone_brick_wall[east=none,north=tall,south=none,up=true,waterlogged=false,west=tall]
08775;bloodborne_blocks:owner_unified_36f61215e74271d59370;True;/tp @s -511 230 -38;facing=north,root_anchor=canonical,variant=0;minecraft:granite_stairs[facing=north,half=top,shape=straight,waterlogged=false]
08776;bloodborne_blocks:owner_unified_374b7abca48a2d04ac50;True;/tp @s -499 230 -38;facing=north,root_anchor=canonical,variant=0;minecraft:prismarine_wall[east=low,north=none,south=low,up=true,waterlogged=false,west=low]
08777;bloodborne_blocks:owner_unified_375ee4a64e7eaf371471;True;/tp @s -487 230 -38;facing=north,root_anchor=canonical,variant=0;minecraft:granite_wall[east=low,north=none,south=none,up=true,waterlogged=false,west=none]
08778;bloodborne_blocks:owner_unified_377386f31f645c4b12cb;True;/tp @s -474 230 -38;facing=north,root_anchor=canonical,variant=0;minecraft:sandstone_wall[east=low,north=none,south=tall,up=true,waterlogged=false,west=low] | minecraft:sandstone_wall[east=low,north=none,south=tall,up=true,waterlogged=false,west=tall] | minecraft:sandstone_wall[east=tall,north=none,south=low,up=true,waterlogged=false,west=tall] | minecraft:sandstone_wall[east=tall,north=none,south=tall,up=true,waterlogged=false,west=low] | minecraft:sandstone_wall[east=tall,north=none,south=tall,up=true,waterlogged=false,west=tall]
08779;bloodborne_blocks:owner_unified_37741b6ebc7308a22c45;True;/tp @s -462 230 -38;facing=north,root_anchor=canonical,variant=0;minecraft:stone_brick_slab[type=top,waterlogged=false]
08780;bloodborne_blocks:owner_unified_377987d6d2f9fda9703c;True;/tp @s -446 230 -38;facing=north,root_anchor=canonical,variant=0;minecraft:spruce_stairs[facing=west,half=top,shape=straight,waterlogged=false]
08781;bloodborne_blocks:owner_unified_37909fd8279abd892ae5;True;/tp @s -431 230 -38;facing=north,root_anchor=canonical,variant=0;minecraft:deepslate_brick_wall[east=low,north=low,south=low,up=false,waterlogged=false,west=low]
08782;bloodborne_blocks:owner_unified_3791144e13e3d3e8efbb;True;/tp @s -417 230 -38;facing=north,root_anchor=canonical,variant=0;minecraft:red_nether_brick_wall[east=tall,north=tall,south=tall,up=true,waterlogged=false,west=none]
08783;bloodborne_blocks:owner_unified_37d6ea29e28dad859192;True;/tp @s -405 230 -38;facing=north,root_anchor=canonical,variant=0;minecraft:brick_stairs[facing=north,half=bottom,shape=outer_left,waterlogged=false] | minecraft:brick_stairs[facing=west,half=bottom,shape=outer_right,waterlogged=false]
08784;bloodborne_blocks:owner_unified_37fb0025e9e30b988fb5;True;/tp @s -391 230 -38;facing=north,root_anchor=canonical,variant=0;minecraft:end_stone_bricks
08785;bloodborne_blocks:owner_unified_3807553efc638405dcf6;True;/tp @s -379 230 -38;facing=north,root_anchor=canonical,variant=0;minecraft:prismarine_wall[east=tall,north=tall,south=none,up=true,waterlogged=false,west=tall]
08786;bloodborne_blocks:owner_unified_3836b0e1fa60ee69d324;True;/tp @s -367 230 -38;facing=north,root_anchor=canonical,variant=0;minecraft:magenta_stained_glass_pane[east=false,north=false,south=false,waterlogged=false,west=false]
08787;bloodborne_blocks:owner_unified_3864076e2922928a705a;True;/tp @s -355 230 -38;facing=north,root_anchor=canonical,variant=0;minecraft:oak_stairs[facing=south,half=bottom,shape=inner_right,waterlogged=false]
08788;bloodborne_blocks:owner_unified_386e7f805cae11e43811;True;/tp @s -343 230 -38;facing=north,root_anchor=canonical,variant=0;minecraft:birch_fence_gate[facing=east,in_wall=false,open=false,powered=false] | minecraft:birch_fence_gate[facing=north,in_wall=false,open=false,powered=false] | minecraft:birch_fence_gate[facing=south,in_wall=false,open=false,powered=false] | minecraft:birch_fence_gate[facing=west,in_wall=false,open=false,powered=false]
08789;bloodborne_blocks:owner_unified_388986c638c81a06cffd;True;/tp @s -331 230 -38;facing=north,root_anchor=canonical,variant=0;minecraft:brick_stairs[facing=east,half=top,shape=outer_left,waterlogged=false] | minecraft:brick_stairs[facing=north,half=top,shape=outer_right,waterlogged=false]
08790;bloodborne_blocks:owner_unified_38b7f6358adf8f03f8ed;True;/tp @s -319 230 -38;facing=north,root_anchor=canonical,variant=0;minecraft:white_stained_glass_pane[east=false,north=false,south=false,waterlogged=false,west=false]
08791;bloodborne_blocks:owner_unified_38bc485a99acc5d08f7e;True;/tp @s -307 230 -38;facing=north,root_anchor=canonical,variant=0;minecraft:quartz_stairs[facing=east,half=bottom,shape=inner_left,waterlogged=false] | minecraft:quartz_stairs[facing=east,half=bottom,shape=inner_right,waterlogged=false] | minecraft:quartz_stairs[facing=east,half=top,shape=inner_left,waterlogged=false] | minecraft:quartz_stairs[facing=east,half=top,shape=inner_right,waterlogged=false] | minecraft:quartz_stairs[facing=north,half=top,shape=inner_left,waterlogged=false] | minecraft:quartz_stairs[facing=north,half=top,shape=inner_right,waterlogged=false] | minecraft:quartz_stairs[facing=south,half=bottom,shape=inner_left,waterlogged=false] | minecraft:quartz_stairs[facing=south,half=bottom,shape=inner_right,waterlogged=false] | minecraft:quartz_stairs[facing=south,half=top,shape=inner_left,waterlogged=false] | minecraft:quartz_stairs[facing=south,half=top,shape=inner_right,waterlogged=false] | minecraft:quartz_stairs[facing=west,half=bottom,shape=inner_left,waterlogged=false] | minecraft:quartz_stairs[facing=west,half=bottom,shape=inner_right,waterlogged=false] | minecraft:quartz_stairs[facing=west,half=top,shape=inner_left,waterlogged=false] | minecraft:quartz_stairs[facing=west,half=top,shape=inner_right,waterlogged=false]
08792;bloodborne_blocks:owner_unified_38e1e9581891cccbe699;True;/tp @s -294 230 -38;facing=north,root_anchor=canonical,variant=0;minecraft:granite_wall[east=tall,north=none,south=none,up=true,waterlogged=false,west=tall]
08793;bloodborne_blocks:owner_unified_38e80acb17a449a9dfa0;True;/tp @s -282 230 -38;facing=north,root_anchor=canonical,variant=0;minecraft:brick_stairs[facing=north,half=top,shape=inner_left,waterlogged=false] | minecraft:brick_stairs[facing=west,half=top,shape=inner_right,waterlogged=false]
08794;bloodborne_blocks:owner_unified_390c04c21badd008f80a;True;/tp @s -270 230 -38;facing=north,root_anchor=canonical,variant=0;minecraft:nether_brick_fence[east=true,north=true,south=false,waterlogged=false,west=false]
08795;bloodborne_blocks:owner_unified_3932cccd7a89baa70c9c;True;/tp @s -258 230 -38;facing=north,root_anchor=canonical,variant=0;minecraft:green_stained_glass_pane[east=false,north=true,south=false,waterlogged=false,west=true]
08796;bloodborne_blocks:owner_unified_393799c7ae93574bf4fa;True;/tp @s -244 230 -38;facing=north,root_anchor=canonical,variant=0;minecraft:cobblestone_stairs[facing=north,half=top,shape=inner_right,waterlogged=false]
08797;bloodborne_blocks:owner_unified_39509ec61f0350531718;True;/tp @s -226 230 -38;facing=north,root_anchor=canonical,variant=0;minecraft:nether_brick_fence[east=false,north=false,south=false,waterlogged=false,west=false]
08798;bloodborne_blocks:owner_unified_398c067299cd535703a6;True;/tp @s -213 230 -38;facing=north,root_anchor=canonical,variant=0;minecraft:green_terracotta
08799;bloodborne_blocks:owner_unified_399bd0dcddfb12e4ac12;True;/tp @s -199 230 -38;facing=north,root_anchor=canonical,variant=0;minecraft:end_stone_brick_wall[east=tall,north=none,south=low,up=true,waterlogged=false,west=none]
08800;bloodborne_blocks:owner_unified_39a45bedef930302a4b0;True;/tp @s -187 230 -38;facing=north,root_anchor=canonical,variant=0;minecraft:brick_stairs[facing=east,half=top,shape=inner_right,waterlogged=false] | minecraft:brick_stairs[facing=south,half=top,shape=inner_left,waterlogged=false]
08801;bloodborne_blocks:owner_unified_39b657a0821e827e8b50;True;/tp @s -175 230 -38;facing=north,root_anchor=canonical,variant=0;minecraft:cobblestone_wall[east=none,north=tall,south=none,up=true,waterlogged=false,west=low]
08802;bloodborne_blocks:owner_unified_39cbbd57c3650c4f2cd8;True;/tp @s -163 230 -38;facing=north,root_anchor=canonical,variant=0;minecraft:potted_spruce_sapling
08803;bloodborne_blocks:owner_unified_39cfba0f424716f450c7;True;/tp @s -695 230 -26;facing=north,root_anchor=canonical,variant=0;minecraft:red_glazed_terracotta[facing=west]
08804;bloodborne_blocks:owner_unified_39e4c4b620972a74847a;True;/tp @s -683 230 -26;facing=north,root_anchor=canonical,variant=0;minecraft:spruce_fence[east=true,north=false,south=true,waterlogged=false,west=false]
08805;bloodborne_blocks:owner_unified_3a002be20abe8aa1a270;True;/tp @s -671 230 -26;facing=north,root_anchor=canonical,variant=0;minecraft:polished_blackstone_stairs[facing=west,half=top,shape=inner_right,waterlogged=false]
08806;bloodborne_blocks:owner_unified_3a0934c95e8f5c2529db;True;/tp @s -659 230 -26;facing=north,root_anchor=canonical,variant=0;minecraft:stone_brick_wall[east=none,north=tall,south=tall,up=true,waterlogged=false,west=none]
08807;bloodborne_blocks:owner_unified_3a12a38d2184612f5246;True;/tp @s -647 230 -26;facing=north,root_anchor=canonical,variant=0;minecraft:deepslate_brick_wall[east=low,north=none,south=none,up=false,waterlogged=false,west=low]
08808;bloodborne_blocks:owner_unified_3a165a4fb641a238c7d9;True;/tp @s -633 230 -26;facing=north,root_anchor=canonical,variant=0;minecraft:gray_stained_glass_pane[east=true,north=true,south=false,waterlogged=false,west=true]
08809;bloodborne_blocks:owner_unified_3a25aa7f45376617e544;True;/tp @s -621 230 -26;facing=north,root_anchor=canonical,variant=0;minecraft:brick_wall[east=tall,north=tall,south=tall,up=false,waterlogged=false,west=tall]
08810;bloodborne_blocks:owner_unified_3a2ce5bf0ef5517f6df2;True;/tp @s -609 230 -26;facing=north,root_anchor=canonical,variant=0;minecraft:red_nether_brick_wall[east=none,north=tall,south=none,up=true,waterlogged=false,west=tall]
08811;bloodborne_blocks:owner_unified_3a450e35b2c1a19f5223;True;/tp @s -597 230 -26;facing=north,root_anchor=canonical,variant=0;minecraft:polished_andesite_stairs[facing=south,half=top,shape=inner_right,waterlogged=false] | minecraft:polished_andesite_stairs[facing=west,half=top,shape=inner_left,waterlogged=false]
08812;bloodborne_blocks:owner_unified_3a5cbcad438e2a097529;True;/tp @s -585 230 -26;facing=north,root_anchor=canonical,variant=0;minecraft:cobbled_deepslate_wall[east=tall,north=none,south=none,up=false,waterlogged=false,west=tall]
08813;bloodborne_blocks:owner_unified_3a65a27750a86a44cf77;True;/tp @s -573 230 -26;facing=north,root_anchor=canonical,variant=0;minecraft:granite_wall[east=low,north=tall,south=tall,up=false,waterlogged=false,west=tall]
08814;bloodborne_blocks:owner_unified_3a6ad3ee424ef0e3cd83;True;/tp @s -560 230 -26;facing=north,root_anchor=canonical,variant=0;minecraft:nether_brick_fence[east=false,north=true,south=false,waterlogged=false,west=false]
08815;bloodborne_blocks:owner_unified_3a7b7a6509585e2b4247;True;/tp @s -548 230 -26;facing=north,root_anchor=canonical,variant=0;minecraft:snow[layers=3]
08816;bloodborne_blocks:owner_unified_3a872229a3aeef93f4dc;True;/tp @s -536 230 -26;facing=north,root_anchor=canonical,variant=0;minecraft:cobbled_deepslate_wall[east=none,north=none,south=low,up=true,waterlogged=false,west=low]
08817;bloodborne_blocks:owner_unified_3a9339c4c5fa53809178;True;/tp @s -523 230 -26;facing=north,root_anchor=canonical,variant=0;minecraft:mossy_cobblestone_wall[east=none,north=tall,south=none,up=true,waterlogged=false,west=none]
08818;bloodborne_blocks:owner_unified_3aabc15cd9649cdfb00d;True;/tp @s -511 230 -26;facing=north,root_anchor=canonical,variant=0;minecraft:prismarine_wall[east=low,north=none,south=none,up=true,waterlogged=false,west=none]
08819;bloodborne_blocks:owner_unified_3aafeaca8039782a80b9;True;/tp @s -499 230 -26;facing=north,root_anchor=canonical,variant=0;minecraft:green_stained_glass_pane[east=false,north=false,south=false,waterlogged=false,west=true]
08820;bloodborne_blocks:owner_unified_3ae69103908a544de82c;True;/tp @s -487 230 -26;facing=north,root_anchor=canonical,variant=0;minecraft:deepslate_brick_wall[east=tall,north=tall,south=tall,up=false,waterlogged=false,west=tall]
08821;bloodborne_blocks:owner_unified_3af15eefa73bfb852c84;True;/tp @s -474 230 -26;facing=north,root_anchor=canonical,variant=0;minecraft:brick_wall[east=low,north=none,south=none,up=true,waterlogged=false,west=low]
08822;bloodborne_blocks:owner_unified_3b1410ac7576cc94fb6d;True;/tp @s -462 230 -26;facing=north,root_anchor=canonical,variant=0;minecraft:dark_oak_log[axis=x] | minecraft:dark_oak_log[axis=z]
08823;bloodborne_blocks:owner_unified_3b1e6b410aad1f3ce6ef;True;/tp @s -446 230 -26;facing=north,root_anchor=canonical,variant=0;minecraft:brick_wall[east=tall,north=low,south=none,up=true,waterlogged=false,west=tall]
08824;bloodborne_blocks:owner_unified_3b4645f6ea6194d21d6e;True;/tp @s -431 230 -26;facing=north,root_anchor=canonical,variant=0;minecraft:granite_wall[east=tall,north=none,south=none,up=false,waterlogged=false,west=tall]
08825;bloodborne_blocks:owner_unified_3b47b6e5f9b0820d6725;True;/tp @s -417 230 -26;facing=north,root_anchor=canonical,variant=0;minecraft:nether_brick_fence[east=false,north=true,south=true,waterlogged=false,west=true]
08826;bloodborne_blocks:owner_unified_3b9388a90bfe32a78536;True;/tp @s -405 230 -26;facing=north,root_anchor=canonical,variant=0;minecraft:polished_deepslate_stairs[facing=east,half=bottom,shape=straight,waterlogged=false] | minecraft:polished_deepslate_stairs[facing=south,half=bottom,shape=straight,waterlogged=false]
08827;bloodborne_blocks:owner_unified_3bb6a891dc8e3a43b015;True;/tp @s -391 230 -26;facing=north,root_anchor=canonical,variant=0;minecraft:stone_brick_wall[east=tall,north=tall,south=tall,up=false,waterlogged=false,west=tall]
08828;bloodborne_blocks:owner_unified_3bb7fa7c1271b7bb3db9;True;/tp @s -379 230 -26;facing=north,root_anchor=canonical,variant=0;minecraft:cobbled_deepslate_stairs[facing=east,half=bottom,shape=straight,waterlogged=false]
08829;bloodborne_blocks:owner_unified_3bbd15d831844b0881ac;True;/tp @s -367 230 -26;facing=north,root_anchor=canonical,variant=0;minecraft:nether_gold_ore
08830;bloodborne_blocks:owner_unified_3bced397da7547bb6cc7;True;/tp @s -355 230 -26;facing=north,root_anchor=canonical,variant=0;minecraft:cut_sandstone_slab[type=bottom,waterlogged=false]
08831;bloodborne_blocks:owner_unified_3be186a9f834fcae7bba;True;/tp @s -343 230 -26;facing=north,root_anchor=canonical,variant=0;minecraft:mossy_cobblestone_wall[east=low,north=tall,south=low,up=true,waterlogged=false,west=none]
08832;bloodborne_blocks:owner_unified_3bf4edd84d3b2a639ccf;True;/tp @s -331 230 -26;facing=north,root_anchor=canonical,variant=0;minecraft:dark_oak_trapdoor[facing=south,half=top,open=false,powered=false,waterlogged=false]
08833;bloodborne_blocks:owner_unified_3c2045d302d31d3626b9;True;/tp @s -319 230 -26;facing=north,root_anchor=canonical,variant=0;minecraft:iron_trapdoor[facing=east,half=bottom,open=false,powered=false,waterlogged=false] | minecraft:iron_trapdoor[facing=north,half=bottom,open=false,powered=false,waterlogged=false] | minecraft:iron_trapdoor[facing=south,half=bottom,open=false,powered=false,waterlogged=false] | minecraft:iron_trapdoor[facing=west,half=bottom,open=false,powered=false,waterlogged=false]
08834;bloodborne_blocks:owner_unified_3c4386456d4a18839dad;True;/tp @s -307 230 -26;facing=north,root_anchor=canonical,variant=0;minecraft:polished_andesite_stairs[facing=east,half=top,shape=outer_right,waterlogged=false] | minecraft:polished_andesite_stairs[facing=south,half=top,shape=outer_left,waterlogged=false]
08835;bloodborne_blocks:owner_unified_3c5088fa9bfccd7b1e58;True;/tp @s -294 230 -26;facing=north,root_anchor=canonical,variant=0;minecraft:stone_brick_wall[east=tall,north=low,south=none,up=true,waterlogged=false,west=none]
08836;bloodborne_blocks:owner_unified_3c50b611ede651d3c139;True;/tp @s -282 230 -26;facing=north,root_anchor=canonical,variant=0;minecraft:brick_wall[east=tall,north=tall,south=none,up=true,waterlogged=false,west=low]
08837;bloodborne_blocks:owner_unified_3c5a28339ad377dd4d11;True;/tp @s -270 230 -26;facing=north,root_anchor=canonical,variant=0;minecraft:exposed_cut_copper_stairs[facing=east,half=top,shape=inner_right,waterlogged=false]
08838;bloodborne_blocks:owner_unified_3c5ee335703504cd6c95;True;/tp @s -258 230 -26;facing=north,root_anchor=canonical,variant=0;minecraft:cobbled_deepslate_stairs[facing=south,half=top,shape=outer_right,waterlogged=false] | minecraft:cobbled_deepslate_stairs[facing=west,half=top,shape=outer_left,waterlogged=false]
08839;bloodborne_blocks:owner_unified_3c606d737a30f4b99f2a;True;/tp @s -244 230 -26;facing=north,root_anchor=canonical,variant=0;minecraft:end_stone_brick_wall[east=none,north=none,south=none,up=true,waterlogged=false,west=tall]
08840;bloodborne_blocks:owner_unified_3c6cae7b6d92d3d90d4e;True;/tp @s -226 230 -26;facing=north,root_anchor=canonical,variant=0;minecraft:cobblestone_wall[east=tall,north=tall,south=none,up=true,waterlogged=false,west=low]
08841;bloodborne_blocks:owner_unified_3c7d06d27c0167c58de8;True;/tp @s -213 230 -26;facing=north,root_anchor=canonical,variant=0;minecraft:nether_brick_stairs[facing=east,half=top,shape=outer_right,waterlogged=false]
08842;bloodborne_blocks:owner_unified_3c8f9659f477e197a114;True;/tp @s -199 230 -26;facing=north,root_anchor=canonical,variant=0;minecraft:cobblestone_wall[east=tall,north=none,south=tall,up=true,waterlogged=false,west=tall]
08843;bloodborne_blocks:owner_unified_3c974530abde175f76bc;True;/tp @s -187 230 -26;facing=north,root_anchor=canonical,variant=0;minecraft:brick_wall[east=low,north=none,south=none,up=false,waterlogged=false,west=tall]
08844;bloodborne_blocks:owner_unified_3caf5ad6f097fda55ba5;True;/tp @s -175 230 -26;facing=north,root_anchor=canonical,variant=0;minecraft:brick_wall[east=low,north=low,south=none,up=true,waterlogged=false,west=none]
08845;bloodborne_blocks:owner_unified_3cdb8724db62d573510f;True;/tp @s -163 230 -26;facing=north,root_anchor=canonical,variant=0;minecraft:granite_wall[east=tall,north=low,south=tall,up=true,waterlogged=false,west=none]
08846;bloodborne_blocks:owner_unified_3d0f119fc59a43a84407;True;/tp @s -695 230 -14;facing=north,root_anchor=canonical,variant=0;minecraft:brick_slab[type=bottom,waterlogged=false]
08847;bloodborne_blocks:owner_unified_3d478b68989bca360644;True;/tp @s -683 230 -14;facing=north,root_anchor=canonical,variant=0;minecraft:pink_glazed_terracotta[facing=south] | minecraft:pink_glazed_terracotta[facing=west]
08848;bloodborne_blocks:owner_unified_3d4aefebbe1d5d02ec6e;True;/tp @s -671 230 -14;facing=north,root_anchor=canonical,variant=0;minecraft:prismarine_wall[east=tall,north=low,south=none,up=true,waterlogged=false,west=low]
08849;bloodborne_blocks:owner_unified_3d5a1171b589f63fe067;True;/tp @s -659 230 -14;facing=north,root_anchor=canonical,variant=0;minecraft:smooth_quartz
08850;bloodborne_blocks:owner_unified_3d9dc78488c089cb025b;True;/tp @s -647 230 -14;facing=north,root_anchor=canonical,variant=0;minecraft:polished_blackstone_stairs[facing=west,half=bottom,shape=straight,waterlogged=false]
08851;bloodborne_blocks:owner_unified_3da08d12a7e2ec707553;True;/tp @s -633 230 -14;facing=north,root_anchor=canonical,variant=0;minecraft:dark_oak_button[face=wall,facing=west,powered=false]
08852;bloodborne_blocks:owner_unified_3da20c438b56cd342470;True;/tp @s -621 230 -14;facing=north,root_anchor=canonical,variant=0;minecraft:stone_brick_wall[east=low,north=low,south=low,up=true,waterlogged=false,west=low]
08853;bloodborne_blocks:owner_unified_3db48ab4d3addaa6d91f;True;/tp @s -609 230 -14;facing=north,root_anchor=canonical,variant=0;minecraft:glass_pane[east=false,north=true,south=true,waterlogged=false,west=true]
08854;bloodborne_blocks:owner_unified_3dd506b5eb9a6488f360;True;/tp @s -597 230 -14;facing=north,root_anchor=canonical,variant=0;minecraft:brown_stained_glass_pane[east=true,north=false,south=true,waterlogged=false,west=true]
08855;bloodborne_blocks:owner_unified_3e0dcc8391840acff4c8;True;/tp @s -585 230 -14;facing=north,root_anchor=canonical,variant=0;minecraft:cracked_nether_bricks
08856;bloodborne_blocks:owner_unified_3e0f9ac5f257c5f4ceb0;True;/tp @s -573 230 -14;facing=north,root_anchor=canonical,variant=0;minecraft:prismarine_stairs[facing=east,half=bottom,shape=straight,waterlogged=false]
08857;bloodborne_blocks:owner_unified_3e1489c0f2f419f1fb06;True;/tp @s -560 230 -14;facing=north,root_anchor=canonical,variant=0;minecraft:cobblestone_wall[east=tall,north=tall,south=low,up=true,waterlogged=false,west=none]
08858;bloodborne_blocks:owner_unified_3e16735fdd76dbef19c3;True;/tp @s -548 230 -14;facing=north,root_anchor=canonical,variant=0;minecraft:quartz_stairs[facing=east,half=bottom,shape=outer_left,waterlogged=false] | minecraft:quartz_stairs[facing=east,half=bottom,shape=outer_right,waterlogged=false] | minecraft:quartz_stairs[facing=north,half=bottom,shape=outer_right,waterlogged=false] | minecraft:quartz_stairs[facing=south,half=bottom,shape=outer_left,waterlogged=false] | minecraft:quartz_stairs[facing=south,half=bottom,shape=outer_right,waterlogged=false] | minecraft:quartz_stairs[facing=west,half=bottom,shape=outer_left,waterlogged=false]
08859;bloodborne_blocks:owner_unified_3e47b7df404ed4a8f752;True;/tp @s -536 230 -14;facing=north,root_anchor=canonical,variant=0;minecraft:polished_granite_slab[type=bottom,waterlogged=false] | minecraft:polished_granite_slab[type=bottom,waterlogged=true]
08860;bloodborne_blocks:owner_unified_3e4b137084739066b948;True;/tp @s -523 230 -14;facing=north,root_anchor=canonical,variant=0;minecraft:cobblestone_wall[east=none,north=tall,south=tall,up=true,waterlogged=false,west=low]
08861;bloodborne_blocks:owner_unified_3e57f190cddf8ad72722;True;/tp @s -511 230 -14;facing=north,root_anchor=canonical,variant=0;minecraft:oak_fence[east=false,north=false,south=false,waterlogged=false,west=false] | minecraft:oak_fence[east=false,north=false,south=false,waterlogged=false,west=true] | minecraft:oak_fence[east=false,north=false,south=true,waterlogged=false,west=false] | minecraft:oak_fence[east=false,north=false,south=true,waterlogged=false,west=true] | minecraft:oak_fence[east=false,north=true,south=false,waterlogged=false,west=false] | minecraft:oak_fence[east=false,north=true,south=false,waterlogged=false,west=true] | minecraft:oak_fence[east=false,north=true,south=true,waterlogged=false,west=false] | minecraft:oak_fence[east=false,north=true,south=true,waterlogged=false,west=true] | minecraft:oak_fence[east=true,north=false,south=false,waterlogged=false,west=false] | minecraft:oak_fence[east=true,north=false,south=false,waterlogged=false,west=true] | minecraft:oak_fence[east=true,north=false,south=true,waterlogged=false,west=false] | minecraft:oak_fence[east=true,north=false,south=true,waterlogged=false,west=true] | minecraft:oak_fence[east=true,north=true,south=false,waterlogged=false,west=false] | minecraft:oak_fence[east=true,north=true,south=false,waterlogged=false,west=true] | minecraft:oak_fence[east=true,north=true,south=true,waterlogged=false,west=false]
08862;bloodborne_blocks:owner_unified_3e89d6694f4dcdb53818;True;/tp @s -499 230 -14;facing=north,root_anchor=canonical,variant=0;minecraft:stone_brick_wall[east=none,north=none,south=none,up=true,waterlogged=false,west=none]
08863;bloodborne_blocks:owner_unified_3e91e9c0999876a58a32;True;/tp @s -487 230 -14;facing=north,root_anchor=canonical,variant=0;minecraft:prismarine_wall[east=none,north=low,south=none,up=true,waterlogged=false,west=low]
08864;bloodborne_blocks:owner_unified_3edbd6a239651d9aa4d8;True;/tp @s -474 230 -14;facing=north,root_anchor=canonical,variant=0;minecraft:waxed_oxidized_cut_copper_stairs[facing=south,half=bottom,shape=straight,waterlogged=false] | minecraft:waxed_oxidized_cut_copper_stairs[facing=west,half=bottom,shape=straight,waterlogged=false]
08865;bloodborne_blocks:owner_unified_3ede6faa87bcdb8a2593;True;/tp @s -462 230 -14;facing=north,root_anchor=canonical,variant=0;minecraft:cobbled_deepslate_wall[east=tall,north=low,south=low,up=false,waterlogged=false,west=tall]
08866;bloodborne_blocks:owner_unified_3eeb50a7409fd608d2bf;True;/tp @s -446 230 -14;facing=north,root_anchor=canonical,variant=0;minecraft:gray_stained_glass_pane[east=false,north=false,south=true,waterlogged=false,west=false]
08867;bloodborne_blocks:owner_unified_3efaf950b3b18b800655;True;/tp @s -431 230 -14;facing=north,root_anchor=canonical,variant=0;minecraft:cobblestone_wall[east=tall,north=tall,south=tall,up=false,waterlogged=false,west=tall]
08868;bloodborne_blocks:owner_unified_3f1de51190171a40b066;True;/tp @s -417 230 -14;facing=north,root_anchor=canonical,variant=0;minecraft:orange_stained_glass_pane[east=true,north=true,south=false,waterlogged=false,west=true]
08869;bloodborne_blocks:owner_unified_3f396e54d9e11cdc21c3;True;/tp @s -405 230 -14;facing=north,root_anchor=canonical,variant=0;minecraft:stone_brick_wall[east=low,north=low,south=tall,up=true,waterlogged=false,west=tall]
08870;bloodborne_blocks:owner_unified_3f3c4cc4dde3942e9fb9;True;/tp @s -391 230 -14;facing=north,root_anchor=canonical,variant=0;minecraft:jungle_fence_gate[facing=east,in_wall=false,open=true,powered=false] | minecraft:jungle_fence_gate[facing=north,in_wall=false,open=true,powered=false] | minecraft:jungle_fence_gate[facing=south,in_wall=false,open=true,powered=false] | minecraft:jungle_fence_gate[facing=west,in_wall=false,open=true,powered=false]
08871;bloodborne_blocks:owner_unified_3f52ce2c0805f9835c40;True;/tp @s -379 230 -14;facing=north,root_anchor=canonical,variant=0;minecraft:stone_brick_wall[east=low,north=tall,south=low,up=true,waterlogged=false,west=low]
08872;bloodborne_blocks:owner_unified_3f54831a808ea7ee2a0c;True;/tp @s -367 230 -14;facing=north,root_anchor=canonical,variant=0;minecraft:deepslate_tile_wall[east=none,north=none,south=none,up=true,waterlogged=false,west=none]
08873;bloodborne_blocks:owner_unified_3f6908b04a36aeaedc22;True;/tp @s -355 230 -14;facing=north,root_anchor=canonical,variant=0;minecraft:mossy_cobblestone_wall[east=tall,north=tall,south=low,up=true,waterlogged=false,west=tall]
08874;bloodborne_blocks:owner_unified_3f70a1daed7766f9d68e;True;/tp @s -343 230 -14;facing=north,root_anchor=canonical,variant=0;minecraft:deepslate_brick_wall[east=none,north=low,south=none,up=true,waterlogged=false,west=none]
08875;bloodborne_blocks:owner_unified_3fa88d386777db13401b;True;/tp @s -331 230 -14;facing=north,root_anchor=canonical,variant=0;minecraft:mossy_cobblestone_wall[east=tall,north=tall,south=tall,up=false,waterlogged=false,west=tall]
08876;bloodborne_blocks:owner_unified_3fb3d684792fe05ccace;True;/tp @s -319 230 -14;facing=north,root_anchor=canonical,variant=0;minecraft:orange_stained_glass_pane[east=true,north=true,south=false,waterlogged=false,west=false]
08877;bloodborne_blocks:owner_unified_3fe7916071d202b36110;True;/tp @s -307 230 -14;facing=north,root_anchor=canonical,variant=0;minecraft:red_nether_brick_wall[east=tall,north=none,south=tall,up=true,waterlogged=false,west=none]
08878;bloodborne_blocks:owner_unified_3ff347fe6ef823cf6a3c;True;/tp @s -294 230 -14;facing=north,root_anchor=canonical,variant=0;minecraft:gray_stained_glass_pane[east=false,north=true,south=false,waterlogged=false,west=false]
08879;bloodborne_blocks:owner_unified_3ff36c273781aa7c45b4;True;/tp @s -282 230 -14;facing=north,root_anchor=canonical,variant=0;minecraft:warped_stairs[facing=east,half=top,shape=straight,waterlogged=false] | minecraft:warped_stairs[facing=north,half=top,shape=straight,waterlogged=false]
08880;bloodborne_blocks:owner_unified_40246b9489233e36d7e1;True;/tp @s -270 230 -14;facing=north,root_anchor=canonical,variant=0;minecraft:mossy_cobblestone_wall[east=tall,north=low,south=none,up=true,waterlogged=false,west=low]
08881;bloodborne_blocks:owner_unified_4036ff563617cd554fd1;True;/tp @s -258 230 -14;facing=north,root_anchor=canonical,variant=0;minecraft:blackstone_wall[east=none,north=tall,south=tall,up=false,waterlogged=false,west=none] | minecraft:blackstone_wall[east=tall,north=none,south=none,up=false,waterlogged=false,west=tall]
08882;bloodborne_blocks:owner_unified_40471da40780bcc88b21;True;/tp @s -244 230 -14;facing=north,root_anchor=canonical,variant=0;minecraft:granite_stairs[facing=east,half=top,shape=outer_left,waterlogged=false] | minecraft:granite_stairs[facing=north,half=top,shape=outer_right,waterlogged=false]
08883;bloodborne_blocks:owner_unified_404ca310f2fd1648080f;True;/tp @s -226 230 -14;facing=north,root_anchor=canonical,variant=0;minecraft:red_nether_brick_wall[east=none,north=tall,south=tall,up=false,waterlogged=false,west=none] | minecraft:red_nether_brick_wall[east=none,north=tall,south=tall,up=true,waterlogged=false,west=none]
08884;bloodborne_blocks:owner_unified_405836e2671fb94ace8e;True;/tp @s -213 230 -14;facing=north,root_anchor=canonical,variant=0;minecraft:deepslate_brick_stairs[facing=west,half=top,shape=outer_left,waterlogged=false]
08885;bloodborne_blocks:owner_unified_405bad75f91dc61fdf6a;True;/tp @s -199 230 -14;facing=north,root_anchor=canonical,variant=0;minecraft:stone_brick_stairs[facing=south,half=bottom,shape=outer_right,waterlogged=false] | minecraft:stone_brick_stairs[facing=west,half=bottom,shape=outer_left,waterlogged=false]
08886;bloodborne_blocks:owner_unified_406ad99d8a194b619b27;True;/tp @s -187 230 -14;facing=north,root_anchor=canonical,variant=0;minecraft:cobblestone_wall[east=tall,north=tall,south=none,up=true,waterlogged=false,west=tall]
08887;bloodborne_blocks:owner_unified_407ac392f4d5434b9c00;True;/tp @s -175 230 -14;facing=north,root_anchor=canonical,variant=0;minecraft:mossy_cobblestone_wall[east=low,north=low,south=low,up=false,waterlogged=false,west=low]
08888;bloodborne_blocks:owner_unified_407c2a65920284fa2253;True;/tp @s -163 230 -14;facing=north,root_anchor=canonical,variant=0;minecraft:crimson_door[facing=east,half=upper,hinge=left,open=false,powered=false] | minecraft:crimson_door[facing=north,half=upper,hinge=right,open=false,powered=false] | minecraft:crimson_door[facing=south,half=upper,hinge=right,open=false,powered=false] | minecraft:crimson_door[facing=west,half=upper,hinge=right,open=false,powered=false]
08889;bloodborne_blocks:owner_unified_40b9e22e621b4fe94b1e;True;/tp @s -695 230 -2;facing=north,root_anchor=canonical,variant=0;minecraft:brick_wall[east=tall,north=tall,south=none,up=true,waterlogged=false,west=tall]
08890;bloodborne_blocks:owner_unified_412a5f2d19b20066c397;True;/tp @s -683 230 -2;facing=north,root_anchor=canonical,variant=0;minecraft:cobblestone_stairs[facing=north,half=top,shape=straight,waterlogged=false]
08891;bloodborne_blocks:owner_unified_414e93cbacd1cf2444e4;True;/tp @s -671 230 -2;facing=north,root_anchor=canonical,variant=0;minecraft:brick_wall[east=tall,north=none,south=tall,up=true,waterlogged=false,west=none]
08892;bloodborne_blocks:owner_unified_415e48df111c16fff5db;True;/tp @s -659 230 -2;facing=north,root_anchor=canonical,variant=0;minecraft:prismarine_stairs[facing=east,half=bottom,shape=inner_left,waterlogged=false] | minecraft:prismarine_stairs[facing=north,half=bottom,shape=inner_right,waterlogged=false]
08893;bloodborne_blocks:owner_unified_418031d84b62e8a32bb3;True;/tp @s -647 230 -2;facing=north,root_anchor=canonical,variant=0;minecraft:brick_wall[east=tall,north=tall,south=tall,up=true,waterlogged=false,west=low]
08894;bloodborne_blocks:owner_unified_419219ef8caf3a2eae2b;True;/tp @s -633 230 -2;facing=north,root_anchor=canonical,variant=0;minecraft:dark_oak_button[face=floor,facing=east,powered=false]
08895;bloodborne_blocks:owner_unified_41b38659205b815d9443;True;/tp @s -621 230 -2;facing=north,root_anchor=canonical,variant=0;minecraft:granite_wall[east=low,north=tall,south=tall,up=true,waterlogged=false,west=low]
08896;bloodborne_blocks:owner_unified_41b885bbf0b99b2a3dbb;True;/tp @s -609 230 -2;facing=north,root_anchor=canonical,variant=0;minecraft:deepslate_brick_wall[east=tall,north=low,south=low,up=true,waterlogged=false,west=none]
08897;bloodborne_blocks:owner_unified_41c2db0cf9435f1636a6;True;/tp @s -597 230 -2;facing=north,root_anchor=canonical,variant=0;minecraft:purpur_stairs[facing=north,half=bottom,shape=straight,waterlogged=false]
08898;bloodborne_blocks:owner_unified_41dc92bc8a0a105aa3c8;True;/tp @s -585 230 -2;facing=north,root_anchor=canonical,variant=0;minecraft:polished_andesite_stairs[facing=south,half=bottom,shape=outer_left,waterlogged=false]
08899;bloodborne_blocks:owner_unified_41dcc89c50f1fab99764;True;/tp @s -573 230 -2;facing=north,root_anchor=canonical,variant=0;minecraft:nether_brick_stairs[facing=west,half=top,shape=straight,waterlogged=false]
08900;bloodborne_blocks:owner_unified_41f3f124f2bb7500c8f8;True;/tp @s -560 230 -2;facing=north,root_anchor=canonical,variant=0;minecraft:cobblestone_wall[east=none,north=low,south=none,up=true,waterlogged=false,west=low]
08901;bloodborne_blocks:owner_unified_420f08b5861d45e2652d;True;/tp @s -548 230 -2;facing=north,root_anchor=canonical,variant=0;minecraft:lime_stained_glass_pane[east=true,north=true,south=true,waterlogged=false,west=true]
08902;bloodborne_blocks:owner_unified_422e8f0572571c55c06c;True;/tp @s -536 230 -2;facing=north,root_anchor=canonical,variant=0;minecraft:prismarine_stairs[facing=east,half=top,shape=straight,waterlogged=false]
08903;bloodborne_blocks:owner_unified_424d284767518c012d7d;True;/tp @s -523 230 -2;facing=north,root_anchor=canonical,variant=0;minecraft:end_stone_brick_wall[east=none,north=tall,south=none,up=true,waterlogged=false,west=low]
08904;bloodborne_blocks:owner_unified_426218b405ee60a2a73e;True;/tp @s -511 230 -2;facing=north,root_anchor=canonical,variant=0;minecraft:red_nether_brick_wall[east=tall,north=tall,south=none,up=true,waterlogged=false,west=none]
08905;bloodborne_blocks:owner_unified_426cc8d58301e9007bb9;True;/tp @s -499 230 -2;facing=north,root_anchor=canonical,variant=0;minecraft:polished_blackstone_stairs[facing=east,half=bottom,shape=straight,waterlogged=false] | minecraft:polished_blackstone_stairs[facing=south,half=bottom,shape=straight,waterlogged=false]
08906;bloodborne_blocks:owner_unified_42725c641140bef9c33f;True;/tp @s -487 230 -2;facing=north,root_anchor=canonical,variant=0;minecraft:cobbled_deepslate_wall[east=tall,north=low,south=tall,up=true,waterlogged=false,west=none]
08907;bloodborne_blocks:owner_unified_4290b45aa8b0c6ad4148;True;/tp @s -474 230 -2;facing=north,root_anchor=canonical,variant=0;minecraft:cobbled_deepslate_stairs[facing=east,half=bottom,shape=outer_right,waterlogged=false] | minecraft:cobbled_deepslate_stairs[facing=south,half=bottom,shape=outer_left,waterlogged=false]
08908;bloodborne_blocks:owner_unified_4304f75a46f138be2550;True;/tp @s -462 230 -2;facing=north,root_anchor=canonical,variant=0;minecraft:granite_slab[type=top,waterlogged=false]
08909;bloodborne_blocks:owner_unified_43826a6fcd7565b3d020;True;/tp @s -446 230 -2;facing=north,root_anchor=canonical,variant=0;minecraft:cobbled_deepslate_stairs[facing=east,half=bottom,shape=inner_right,waterlogged=false] | minecraft:cobbled_deepslate_stairs[facing=south,half=bottom,shape=inner_left,waterlogged=false]
08910;bloodborne_blocks:owner_unified_439181d25ce0fb871677;True;/tp @s -431 230 -2;facing=north,root_anchor=canonical,variant=0;minecraft:rail[shape=north_west,waterlogged=false]
08911;bloodborne_blocks:owner_unified_43935605af727cf786f4;True;/tp @s -417 230 -2;facing=north,root_anchor=canonical,variant=0;minecraft:smooth_red_sandstone
08912;bloodborne_blocks:owner_unified_439567338f132c64dc8f;True;/tp @s -405 230 -2;facing=north,root_anchor=canonical,variant=0;minecraft:gray_stained_glass_pane[east=true,north=false,south=true,waterlogged=false,west=true]
08913;bloodborne_blocks:owner_unified_43df6aec5601752fd7eb;True;/tp @s -391 230 -2;facing=north,root_anchor=canonical,variant=0;minecraft:light_gray_stained_glass_pane[east=false,north=true,south=false,waterlogged=false,west=true]
08914;bloodborne_blocks:owner_unified_43fbddef2df14eb1d315;True;/tp @s -379 230 -2;facing=north,root_anchor=canonical,variant=0;minecraft:mossy_cobblestone_stairs[facing=west,half=bottom,shape=straight,waterlogged=false]
08915;bloodborne_blocks:owner_unified_442fed4d923873762848;True;/tp @s -367 230 -2;facing=north,root_anchor=canonical,variant=0;minecraft:andesite_stairs[facing=west,half=top,shape=outer_right,waterlogged=false]
08916;bloodborne_blocks:owner_unified_4443a8e6211070f98b14;True;/tp @s -355 230 -2;facing=north,root_anchor=canonical,variant=0;minecraft:light_gray_stained_glass_pane[east=false,north=true,south=true,waterlogged=false,west=true]
08917;bloodborne_blocks:owner_unified_444ba9057e85b01310a5;True;/tp @s -343 230 -2;facing=north,root_anchor=canonical,variant=0;minecraft:brick_wall[east=none,north=tall,south=none,up=true,waterlogged=false,west=low]
08918;bloodborne_blocks:owner_unified_446eab024c20274940b4;True;/tp @s -331 230 -2;facing=north,root_anchor=canonical,variant=0;minecraft:cobbled_deepslate_wall[east=none,north=low,south=low,up=true,waterlogged=false,west=tall]
08919;bloodborne_blocks:owner_unified_449027c5e9c1f5d0f642;True;/tp @s -319 230 -2;facing=north,root_anchor=canonical,variant=0;minecraft:waxed_cut_copper_stairs[facing=east,half=top,shape=straight,waterlogged=false] | minecraft:waxed_cut_copper_stairs[facing=north,half=top,shape=straight,waterlogged=false] | minecraft:waxed_cut_copper_stairs[facing=south,half=top,shape=straight,waterlogged=false] | minecraft:waxed_cut_copper_stairs[facing=west,half=top,shape=straight,waterlogged=false]
08920;bloodborne_blocks:owner_unified_4493d3a1c6b653cd715b;True;/tp @s -307 230 -2;facing=north,root_anchor=canonical,variant=0;minecraft:light_gray_stained_glass_pane[east=false,north=true,south=false,waterlogged=false,west=false]
08921;bloodborne_blocks:owner_unified_44941aa6a013344ed462;True;/tp @s -294 230 -2;facing=north,root_anchor=canonical,variant=0;minecraft:andesite_wall[east=low,north=low,south=low,up=true,waterlogged=false,west=none] | minecraft:andesite_wall[east=low,north=low,south=none,up=true,waterlogged=false,west=low] | minecraft:andesite_wall[east=low,north=low,south=none,up=true,waterlogged=false,west=none] | minecraft:andesite_wall[east=low,north=low,south=tall,up=true,waterlogged=false,west=none] | minecraft:andesite_wall[east=low,north=low,south=tall,up=true,waterlogged=false,west=tall] | minecraft:andesite_wall[east=low,north=none,south=low,up=true,waterlogged=false,west=low] | minecraft:andesite_wall[east=low,north=none,south=low,up=true,waterlogged=false,west=none] | minecraft:andesite_wall[east=low,north=none,south=none,up=false,waterlogged=false,west=low] | minecraft:andesite_wall[east=low,north=none,south=none,up=true,waterlogged=false,west=none] | minecraft:andesite_wall[east=low,north=none,south=tall,up=true,waterlogged=false,west=none] | minecraft:andesite_wall[east=low,north=none,south=tall,up=true,waterlogged=false,west=tall] | minecraft:andesite_wall[east=low,north=tall,south=low,up=true,waterlogged=false,west=none] | minecraft:andesite_wall[east=low,north=tall,south=low,up=true,waterlogged=false,west=tall] | minecraft:andesite_wall[east=low,north=tall,south=none,up=true,waterlogged=false,west=none] | minecraft:andesite_wall[east=low,north=tall,south=none,up=true,waterlogged=false,west=tall] | minecraft:andesite_wall[east=none,north=low,south=low,up=false,waterlogged=false,west=none] | minecraft:andesite_wall[east=none,north=low,south=none,up=true,waterlogged=false,west=low] | minecraft:andesite_wall[east=none,north=low,south=none,up=true,waterlogged=false,west=none] | minecraft:andesite_wall[east=none,north=low,south=tall,up=false,waterlogged=false,west=none] | minecraft:andesite_wall[east=none,north=low,south=tall,up=true,waterlogged=false,west=low] | minecraft:andesite_wall[east=none,north=low,south=tall,up=true,waterlogged=false,west=none] | minecraft:andesite_wall[east=none,north=none,south=low,up=true,waterlogged=false,west=low] | minecraft:andesite_wall[east=none,north=none,south=low,up=true,waterlogged=false,west=none] | minecraft:andesite_wall[east=none,north=none,south=none,up=true,waterlogged=false,west=low] | minecraft:andesite_wall[east=none,north=none,south=none,up=true,waterlogged=false,west=none] | minecraft:andesite_wall[east=none,north=none,south=none,up=true,waterlogged=false,west=tall] | minecraft:andesite_wall[east=none,north=none,south=tall,up=true,waterlogged=false,west=low] | minecraft:andesite_wall[east=none,north=none,south=tall,up=true,waterlogged=false,west=none] | minecraft:andesite_wall[east=none,north=none,south=tall,up=true,waterlogged=false,west=tall] | minecraft:andesite_wall[east=none,north=tall,south=low,up=false,waterlogged=false,west=none] | minecraft:andesite_wall[east=none,north=tall,south=low,up=true,waterlogged=false,west=low] | minecraft:andesite_wall[east=none,north=tall,south=low,up=true,waterlogged=false,west=none] | minecraft:andesite_wall[east=none,north=tall,south=none,up=true,waterlogged=false,west=low] | minecraft:andesite_wall[east=none,north=tall,south=none,up=true,waterlogged=false,west=none] | minecraft:andesite_wall[east=none,north=tall,south=none,up=true,waterlogged=false,west=tall] | minecraft:andesite_wall[east=none,north=tall,south=tall,up=false,waterlogged=false,west=none] | minecraft:andesite_wall[east=none,north=tall,south=tall,up=true,waterlogged=false,west=none] | minecraft:andesite_wall[east=tall,north=low,south=none,up=true,waterlogged=false,west=low] | minecraft:andesite_wall[east=tall,north=low,south=none,up=true,waterlogged=false,west=tall] | minecraft:andesite_wall[east=tall,north=low,south=tall,up=false,waterlogged=false,west=tall] | minecraft:andesite_wall[east=tall,north=low,south=tall,up=true,waterlogged=false,west=none] | minecraft:andesite_wall[east=tall,north=none,south=none,up=true,waterlogged=false,west=none] | minecraft:andesite_wall[east=tall,north=none,south=tall,up=true,waterlogged=false,west=low] | minecraft:andesite_wall[east=tall,north=none,south=tall,up=true,waterlogged=false,west=none] | minecraft:andesite_wall[east=tall,north=none,south=tall,up=true,waterlogged=false,west=tall] | minecraft:andesite_wall[east=tall,north=tall,south=low,up=false,waterlogged=false,west=tall] | minecraft:andesite_wall[east=tall,north=tall,south=low,up=true,waterlogged=false,west=none] | minecraft:andesite_wall[east=tall,north=tall,south=none,up=true,waterlogged=false,west=low] | minecraft:andesite_wall[east=tall,north=tall,south=none,up=true,waterlogged=false,west=none] | minecraft:andesite_wall[east=tall,north=tall,south=none,up=true,waterlogged=false,west=tall] | minecraft:andesite_wall[east=tall,north=tall,south=tall,up=true,waterlogged=false,west=none]
08922;bloodborne_blocks:owner_unified_44f1ce954bf33a481423;True;/tp @s -282 230 -2;facing=north,root_anchor=canonical,variant=0;minecraft:prismarine_wall[east=none,north=none,south=low,up=true,waterlogged=false,west=none]
08923;bloodborne_blocks:owner_unified_44f2965c54df7077a0f6;True;/tp @s -270 230 -2;facing=north,root_anchor=canonical,variant=0;minecraft:stone_brick_wall[east=tall,north=tall,south=tall,up=true,waterlogged=false,west=none]
08924;bloodborne_blocks:owner_unified_44fe69d890580423ab4b;True;/tp @s -258 230 -2;facing=north,root_anchor=canonical,variant=0;minecraft:cobblestone_wall[east=none,north=low,south=low,up=false,waterlogged=false,west=none]
08925;bloodborne_blocks:owner_unified_4525242dd1ddebe15200;True;/tp @s -244 230 -2;facing=north,root_anchor=canonical,variant=0;minecraft:weathered_cut_copper_stairs[facing=east,half=top,shape=straight,waterlogged=false] | minecraft:weathered_cut_copper_stairs[facing=south,half=top,shape=straight,waterlogged=false]
08926;bloodborne_blocks:owner_unified_4534eeb094d20b9b166a;True;/tp @s -226 230 -2;facing=north,root_anchor=canonical,variant=0;minecraft:prismarine_brick_stairs[facing=north,half=bottom,shape=straight,waterlogged=false] | minecraft:prismarine_brick_stairs[facing=north,half=bottom,shape=straight,waterlogged=true] | minecraft:prismarine_brick_stairs[facing=west,half=bottom,shape=straight,waterlogged=false]
08927;bloodborne_blocks:owner_unified_4539df7786bd8dc4ed5c;True;/tp @s -213 230 -2;facing=north,root_anchor=canonical,variant=0;minecraft:waxed_oxidized_cut_copper_stairs[facing=east,half=bottom,shape=straight,waterlogged=false] | minecraft:waxed_oxidized_cut_copper_stairs[facing=north,half=bottom,shape=straight,waterlogged=false]
08928;bloodborne_blocks:owner_unified_453e9103eae34e56e9fc;True;/tp @s -199 230 -2;facing=north,root_anchor=canonical,variant=0;minecraft:purpur_pillar[axis=x]
08929;bloodborne_blocks:owner_unified_45980b5698c636cf536e;True;/tp @s -187 230 -2;facing=north,root_anchor=canonical,variant=0;minecraft:weathered_cut_copper_stairs[facing=north,half=bottom,shape=straight,waterlogged=false]
08930;bloodborne_blocks:owner_unified_45a0421e9be06f491ad9;True;/tp @s -175 230 -2;facing=north,root_anchor=canonical,variant=0;minecraft:light_gray_stained_glass_pane[east=true,north=false,south=true,waterlogged=false,west=true]
08931;bloodborne_blocks:owner_unified_45ad7d00aa563fbbac05;True;/tp @s -163 230 -2;facing=north,root_anchor=canonical,variant=0;minecraft:stone_brick_wall[east=tall,north=low,south=low,up=false,waterlogged=false,west=tall]
08932;bloodborne_blocks:owner_unified_45e04288965fe7e370ea;True;/tp @s -695 230 10;facing=north,root_anchor=canonical,variant=0;minecraft:polished_diorite_stairs[facing=west,half=top,shape=straight,waterlogged=false]
08933;bloodborne_blocks:owner_unified_46031c31ff49bcb09ea3;True;/tp @s -683 230 10;facing=north,root_anchor=canonical,variant=0;minecraft:stone_brick_wall[east=tall,north=none,south=none,up=false,waterlogged=false,west=tall]
08934;bloodborne_blocks:owner_unified_460f4a8a2752d956bb70;True;/tp @s -671 230 10;facing=north,root_anchor=canonical,variant=0;minecraft:deepslate[axis=x]
08935;bloodborne_blocks:owner_unified_461e307c311ea20c9f34;True;/tp @s -659 230 10;facing=north,root_anchor=canonical,variant=0;minecraft:light_gray_stained_glass_pane[east=true,north=true,south=false,waterlogged=false,west=false]
08936;bloodborne_blocks:owner_unified_46264bc640b84a3cfa5b;True;/tp @s -647 230 10;facing=north,root_anchor=canonical,variant=0;minecraft:granite_wall[east=none,north=low,south=tall,up=true,waterlogged=false,west=none]
08937;bloodborne_blocks:owner_unified_46437a25b258e42647a3;True;/tp @s -633 230 10;facing=north,root_anchor=canonical,variant=0;minecraft:brick_stairs[facing=east,half=top,shape=straight,waterlogged=false]
08938;bloodborne_blocks:owner_unified_46849457295e3b4e4ac1;True;/tp @s -621 230 10;facing=north,root_anchor=canonical,variant=0;minecraft:brick_wall[east=none,north=none,south=low,up=true,waterlogged=false,west=none]
08939;bloodborne_blocks:owner_unified_4689d8f3fa23d146db43;True;/tp @s -609 230 10;facing=north,root_anchor=canonical,variant=0;minecraft:deepslate_brick_wall[east=tall,north=tall,south=none,up=true,waterlogged=false,west=tall]
08940;bloodborne_blocks:owner_unified_468eb809f21dc978a846;True;/tp @s -597 230 10;facing=north,root_anchor=canonical,variant=0;minecraft:cobbled_deepslate_wall[east=low,north=tall,south=low,up=true,waterlogged=false,west=tall]
08941;bloodborne_blocks:owner_unified_46bc46bbd82979f78e23;True;/tp @s -585 230 10;facing=north,root_anchor=canonical,variant=0;minecraft:acacia_fence[east=false,north=false,south=false,waterlogged=false,west=false] | minecraft:acacia_fence[east=false,north=true,south=false,waterlogged=false,west=false]
08942;bloodborne_blocks:owner_unified_46c0cff807364bccd8ad;True;/tp @s -573 230 10;facing=north,root_anchor=canonical,variant=0;minecraft:yellow_stained_glass
08943;bloodborne_blocks:owner_unified_46c934b70ad3378ae2fb;True;/tp @s -560 230 10;facing=north,root_anchor=canonical,variant=0;minecraft:white_wool
08944;bloodborne_blocks:owner_unified_46ded14533554d0f20f0;True;/tp @s -548 230 10;facing=north,root_anchor=canonical,variant=0;minecraft:spruce_fence[east=false,north=false,south=true,waterlogged=false,west=true]
08945;bloodborne_blocks:owner_unified_46f39e95358ac85d896d;True;/tp @s -536 230 10;facing=north,root_anchor=canonical,variant=0;minecraft:cobbled_deepslate_wall[east=tall,north=none,south=low,up=true,waterlogged=false,west=low]
08946;bloodborne_blocks:owner_unified_46f7ee3311d89a95916a;True;/tp @s -523 230 10;facing=north,root_anchor=canonical,variant=0;minecraft:cobbled_deepslate_wall[east=tall,north=tall,south=low,up=true,waterlogged=false,west=low]
08947;bloodborne_blocks:owner_unified_471892f6ada707f717e4;True;/tp @s -511 230 10;facing=north,root_anchor=canonical,variant=0;minecraft:cobbled_deepslate_wall[east=none,north=low,south=tall,up=true,waterlogged=false,west=none]
08948;bloodborne_blocks:owner_unified_4721a457496286fd1694;True;/tp @s -499 230 10;facing=north,root_anchor=canonical,variant=0;minecraft:mossy_cobblestone_stairs[facing=north,half=top,shape=outer_left,waterlogged=false] | minecraft:mossy_cobblestone_stairs[facing=west,half=top,shape=outer_right,waterlogged=false]
08949;bloodborne_blocks:owner_unified_472bef476ae8148c2944;True;/tp @s -487 230 10;facing=north,root_anchor=canonical,variant=0;minecraft:brick_wall[east=tall,north=low,south=tall,up=true,waterlogged=false,west=tall]
08950;bloodborne_blocks:owner_unified_4730a36fe3c62fabea70;True;/tp @s -474 230 10;facing=north,root_anchor=canonical,variant=0;minecraft:deepslate_brick_wall[east=low,north=low,south=tall,up=true,waterlogged=false,west=tall]
08951;bloodborne_blocks:owner_unified_476dc9df41359957f4ca;True;/tp @s -462 230 10;facing=north,root_anchor=canonical,variant=0;minecraft:brick_wall[east=tall,north=none,south=tall,up=false,waterlogged=false,west=tall]
08952;bloodborne_blocks:owner_unified_477a387fb46c21445013;True;/tp @s -446 230 10;facing=north,root_anchor=canonical,variant=0;minecraft:black_stained_glass_pane[east=true,north=true,south=true,waterlogged=false,west=false]
08953;bloodborne_blocks:owner_unified_4780ce216e42decf2c70;True;/tp @s -431 230 10;facing=north,root_anchor=canonical,variant=0;minecraft:purple_glazed_terracotta[facing=east] | minecraft:purple_glazed_terracotta[facing=north] | minecraft:purple_glazed_terracotta[facing=south] | minecraft:purple_glazed_terracotta[facing=west]
08954;bloodborne_blocks:owner_unified_4794a0dbbdb021c6a14b;True;/tp @s -417 230 10;facing=north,root_anchor=canonical,variant=0;minecraft:granite_wall[east=low,north=tall,south=none,up=true,waterlogged=false,west=tall]
08955;bloodborne_blocks:owner_unified_47b76f6c7512b596d704;True;/tp @s -405 230 10;facing=north,root_anchor=canonical,variant=0;minecraft:mossy_cobblestone_wall[east=low,north=none,south=tall,up=true,waterlogged=false,west=low]
08956;bloodborne_blocks:owner_unified_47d9dccaff2172f0220e;True;/tp @s -391 230 10;facing=north,root_anchor=canonical,variant=0;minecraft:quartz_stairs[facing=east,half=top,shape=outer_left,waterlogged=false] | minecraft:quartz_stairs[facing=east,half=top,shape=outer_right,waterlogged=false] | minecraft:quartz_stairs[facing=north,half=top,shape=outer_right,waterlogged=false] | minecraft:quartz_stairs[facing=south,half=top,shape=outer_left,waterlogged=false] | minecraft:quartz_stairs[facing=south,half=top,shape=outer_right,waterlogged=false] | minecraft:quartz_stairs[facing=west,half=top,shape=outer_left,waterlogged=false]
08957;bloodborne_blocks:owner_unified_4803315b1dc2f0760234;True;/tp @s -379 230 10;facing=north,root_anchor=canonical,variant=0;minecraft:light_gray_stained_glass_pane[east=false,north=true,south=true,waterlogged=false,west=false]
08958;bloodborne_blocks:owner_unified_4836e4f034aa5d3f3534;True;/tp @s -367 230 10;facing=north,root_anchor=canonical,variant=0;minecraft:cobbled_deepslate_wall[east=low,north=low,south=none,up=true,waterlogged=false,west=tall]
08959;bloodborne_blocks:owner_unified_4842a0c705c8a1ebbd60;True;/tp @s -355 230 10;facing=north,root_anchor=canonical,variant=0;minecraft:mossy_stone_brick_stairs[facing=east,half=bottom,shape=outer_left,waterlogged=false] | minecraft:mossy_stone_brick_stairs[facing=north,half=bottom,shape=outer_right,waterlogged=false]
08960;bloodborne_blocks:owner_unified_4858fd0b04da08ee46c6;True;/tp @s -343 230 10;facing=north,root_anchor=canonical,variant=0;minecraft:infested_stone_bricks
08961;bloodborne_blocks:owner_unified_4896eced43732177b668;True;/tp @s -331 230 10;facing=north,root_anchor=canonical,variant=0;minecraft:nether_brick_stairs[facing=north,half=bottom,shape=straight,waterlogged=false]
08962;bloodborne_blocks:owner_unified_48c0fc4a6084a8d06575;True;/tp @s -319 230 10;facing=north,root_anchor=canonical,variant=0;minecraft:acacia_trapdoor[facing=east,half=bottom,open=true,powered=false,waterlogged=false] | minecraft:acacia_trapdoor[facing=north,half=bottom,open=true,powered=false,waterlogged=false] | minecraft:acacia_trapdoor[facing=south,half=bottom,open=true,powered=false,waterlogged=false] | minecraft:acacia_trapdoor[facing=west,half=bottom,open=true,powered=false,waterlogged=false]
08963;bloodborne_blocks:owner_unified_4902a7f6eb277bd54e8e;True;/tp @s -307 230 10;facing=north,root_anchor=canonical,variant=0;minecraft:blue_terracotta
08964;bloodborne_blocks:owner_unified_49442bad0ec7a38d328f;True;/tp @s -294 230 10;facing=north,root_anchor=canonical,variant=0;minecraft:cobblestone_stairs[facing=west,half=bottom,shape=straight,waterlogged=false]
08965;bloodborne_blocks:owner_unified_4950f5d2b06a51f3e9a8;True;/tp @s -282 230 10;facing=north,root_anchor=canonical,variant=0;minecraft:mossy_cobblestone_wall[east=none,north=tall,south=tall,up=true,waterlogged=false,west=none]
08966;bloodborne_blocks:owner_unified_497e81c7b5afd26b1338;True;/tp @s -270 230 10;facing=north,root_anchor=canonical,variant=0;minecraft:granite_stairs[facing=east,half=top,shape=inner_left,waterlogged=false] | minecraft:granite_stairs[facing=north,half=top,shape=inner_right,waterlogged=false]
08967;bloodborne_blocks:owner_unified_4996b60659f5a52b3f0c;True;/tp @s -258 230 10;facing=north,root_anchor=canonical,variant=0;minecraft:prismarine_wall[east=low,north=none,south=tall,up=true,waterlogged=false,west=tall]
08968;bloodborne_blocks:owner_unified_49a12698e64b37ca9bb1;True;/tp @s -244 230 10;facing=north,root_anchor=canonical,variant=0;minecraft:mossy_cobblestone_stairs[facing=east,half=bottom,shape=inner_left,waterlogged=false] | minecraft:mossy_cobblestone_stairs[facing=north,half=bottom,shape=inner_right,waterlogged=false]
08969;bloodborne_blocks:owner_unified_49ad13654cda858c5ab7;True;/tp @s -226 230 10;facing=north,root_anchor=canonical,variant=0;minecraft:prismarine_wall[east=none,north=none,south=low,up=true,waterlogged=false,west=tall]
08970;bloodborne_blocks:owner_unified_49d459b86267ccb0564c;True;/tp @s -213 230 10;facing=north,root_anchor=canonical,variant=0;minecraft:brick_wall[east=tall,north=low,south=tall,up=false,waterlogged=false,west=tall]
08971;bloodborne_blocks:owner_unified_49e448a1e1ebb4621d71;True;/tp @s -199 230 10;facing=north,root_anchor=canonical,variant=0;minecraft:sandstone_stairs[facing=south,half=bottom,shape=outer_left,waterlogged=false] | minecraft:sandstone_stairs[facing=south,half=bottom,shape=outer_right,waterlogged=false] | minecraft:sandstone_stairs[facing=west,half=bottom,shape=outer_left,waterlogged=false] | minecraft:sandstone_stairs[facing=west,half=bottom,shape=outer_right,waterlogged=false]
08972;bloodborne_blocks:owner_unified_49e4ef7e31b394acb741;True;/tp @s -187 230 10;facing=north,root_anchor=canonical,variant=0;minecraft:mossy_cobblestone_wall[east=low,north=none,south=low,up=true,waterlogged=false,west=none]
08973;bloodborne_blocks:owner_unified_49e8f1cbdb8c8e63b488;True;/tp @s -175 230 10;facing=north,root_anchor=canonical,variant=0;minecraft:dark_prismarine_stairs[facing=east,half=bottom,shape=straight,waterlogged=false] | minecraft:dark_prismarine_stairs[facing=south,half=bottom,shape=straight,waterlogged=false]
08974;bloodborne_blocks:owner_unified_4a29de16717a94ed3dab;True;/tp @s -163 230 10;facing=north,root_anchor=canonical,variant=0;minecraft:end_stone_brick_wall[east=none,north=none,south=none,up=true,waterlogged=false,west=none]
08975;bloodborne_blocks:owner_unified_4a42b384696ff7626e78;True;/tp @s -695 230 22;facing=north,root_anchor=canonical,variant=0;minecraft:cobbled_deepslate_wall[east=tall,north=none,south=none,up=true,waterlogged=false,west=low]
08976;bloodborne_blocks:owner_unified_4ab0de535fe5dc4ca1b0;True;/tp @s -683 230 22;facing=north,root_anchor=canonical,variant=0;minecraft:polished_andesite_stairs[facing=north,half=top,shape=inner_left,waterlogged=false] | minecraft:polished_andesite_stairs[facing=west,half=top,shape=inner_right,waterlogged=false]
08977;bloodborne_blocks:owner_unified_4acf8f1020c3fd178ba7;True;/tp @s -671 230 22;facing=north,root_anchor=canonical,variant=0;minecraft:glass_pane[east=true,north=false,south=true,waterlogged=false,west=false]
08978;bloodborne_blocks:owner_unified_4ade62e5890d47c758f9;True;/tp @s -659 230 22;facing=north,root_anchor=canonical,variant=0;minecraft:red_sandstone_slab[type=bottom,waterlogged=false]
08979;bloodborne_blocks:owner_unified_4ae41132777e33d9b91e;True;/tp @s -647 230 22;facing=north,root_anchor=canonical,variant=0;minecraft:brick_wall[east=low,north=tall,south=tall,up=true,waterlogged=false,west=none]
08980;bloodborne_blocks:owner_unified_4af299cf62b67641ce7b;True;/tp @s -633 230 22;facing=north,root_anchor=canonical,variant=0;minecraft:dark_oak_fence_gate[facing=south,in_wall=false,open=false,powered=false] | minecraft:dark_oak_fence_gate[facing=west,in_wall=false,open=false,powered=false]
08981;bloodborne_blocks:owner_unified_4b00030d67bbe38ec587;True;/tp @s -621 230 22;facing=north,root_anchor=canonical,variant=0;minecraft:stone_brick_wall[east=tall,north=low,south=tall,up=true,waterlogged=false,west=low]
08982;bloodborne_blocks:owner_unified_4b2f7445f3be862ebe03;True;/tp @s -609 230 22;facing=north,root_anchor=canonical,variant=0;minecraft:dead_brain_coral_wall_fan[facing=east,waterlogged=false] | minecraft:dead_brain_coral_wall_fan[facing=north,waterlogged=false] | minecraft:dead_brain_coral_wall_fan[facing=south,waterlogged=false] | minecraft:dead_brain_coral_wall_fan[facing=west,waterlogged=false]
08983;bloodborne_blocks:owner_unified_4b44a03b4cabe08429fd;True;/tp @s -597 230 22;facing=north,root_anchor=canonical,variant=0;minecraft:birch_trapdoor[facing=east,half=bottom,open=false,powered=false,waterlogged=false] | minecraft:birch_trapdoor[facing=north,half=bottom,open=false,powered=false,waterlogged=false] | minecraft:birch_trapdoor[facing=south,half=bottom,open=false,powered=false,waterlogged=false] | minecraft:birch_trapdoor[facing=west,half=bottom,open=false,powered=false,waterlogged=false]
08984;bloodborne_blocks:owner_unified_4b4b6dbb61bbc306df48;True;/tp @s -585 230 22;facing=north,root_anchor=canonical,variant=0;minecraft:cobblestone_wall[east=tall,north=none,south=none,up=true,waterlogged=false,west=tall]
08985;bloodborne_blocks:owner_unified_4b61fc5134d233cfa3ae;True;/tp @s -573 230 22;facing=north,root_anchor=canonical,variant=0;minecraft:prismarine_wall[east=tall,north=tall,south=none,up=true,waterlogged=false,west=none]
08986;bloodborne_blocks:owner_unified_4b85dd30914cab237b28;True;/tp @s -560 230 22;facing=north,root_anchor=canonical,variant=0;minecraft:brick_wall[east=low,north=none,south=tall,up=true,waterlogged=false,west=tall]
08987;bloodborne_blocks:owner_unified_4b8b4c84f7ad44086ed0;True;/tp @s -548 230 22;facing=north,root_anchor=canonical,variant=0;minecraft:activator_rail[powered=false,shape=east_west,waterlogged=false] | minecraft:activator_rail[powered=false,shape=north_south,waterlogged=false]
08988;bloodborne_blocks:owner_unified_4b9362745f0d8233bb36;True;/tp @s -536 230 22;facing=north,root_anchor=canonical,variant=0;minecraft:cobblestone_wall[east=none,north=tall,south=low,up=true,waterlogged=false,west=tall]
08989;bloodborne_blocks:owner_unified_4bba48f656f746ae9050;True;/tp @s -523 230 22;facing=north,root_anchor=canonical,variant=0;minecraft:deepslate_brick_wall[east=low,north=low,south=none,up=true,waterlogged=false,west=low]
08990;bloodborne_blocks:owner_unified_4bc042ac040544f4131b;True;/tp @s -511 230 22;facing=north,root_anchor=canonical,variant=0;minecraft:cobbled_deepslate_wall[east=tall,north=tall,south=tall,up=true,waterlogged=false,west=low]
08991;bloodborne_blocks:owner_unified_4bc9d77ed47860803ab9;True;/tp @s -499 230 22;facing=north,root_anchor=canonical,variant=0;minecraft:granite_wall[east=none,north=none,south=none,up=true,waterlogged=false,west=low]
08992;bloodborne_blocks:owner_unified_4c28fa7d01204ed23f3c;True;/tp @s -487 230 22;facing=north,root_anchor=canonical,variant=0;minecraft:pink_stained_glass_pane[east=true,north=false,south=false,waterlogged=false,west=false]
08993;bloodborne_blocks:owner_unified_4c3f60469ed2a986f015;True;/tp @s -474 230 22;facing=north,root_anchor=canonical,variant=0;minecraft:stone_stairs[facing=east,half=top,shape=inner_right,waterlogged=false]
08994;bloodborne_blocks:owner_unified_4c539680ceacafdcf9af;True;/tp @s -462 230 22;facing=north,root_anchor=canonical,variant=0;minecraft:cobblestone_stairs[facing=west,half=bottom,shape=outer_right,waterlogged=false]
08995;bloodborne_blocks:owner_unified_4c7e7316800bc8140f0c;True;/tp @s -446 230 22;facing=north,root_anchor=canonical,variant=0;minecraft:stone_brick_wall[east=tall,north=tall,south=none,up=true,waterlogged=false,west=none]
08996;bloodborne_blocks:owner_unified_4c8ac2d76e9ea841278f;True;/tp @s -431 230 22;facing=north,root_anchor=canonical,variant=0;minecraft:granite_stairs[facing=north,half=bottom,shape=outer_left,waterlogged=false] | minecraft:granite_stairs[facing=west,half=bottom,shape=outer_right,waterlogged=false]
08997;bloodborne_blocks:owner_unified_4cfad7cc70c6088c5557;True;/tp @s -417 230 22;facing=north,root_anchor=canonical,variant=0;minecraft:cobbled_deepslate_wall[east=low,north=tall,south=none,up=true,waterlogged=false,west=tall]
08998;bloodborne_blocks:owner_unified_4d1c7b43858b73c28705;True;/tp @s -405 230 22;facing=north,root_anchor=canonical,variant=0;minecraft:stone_brick_wall[east=none,north=low,south=tall,up=true,waterlogged=false,west=low]
08999;bloodborne_blocks:owner_unified_4d1fdca1f587c1b8bb1a;True;/tp @s -391 230 22;facing=north,root_anchor=canonical,variant=0;minecraft:andesite_slab[type=bottom,waterlogged=false]
09000;bloodborne_blocks:owner_unified_4d4cb5532006451d6867;True;/tp @s -379 230 22;facing=north,root_anchor=canonical,variant=0;minecraft:acacia_trapdoor[facing=east,half=top,open=true,powered=false,waterlogged=false] | minecraft:acacia_trapdoor[facing=north,half=top,open=true,powered=false,waterlogged=false] | minecraft:acacia_trapdoor[facing=south,half=top,open=true,powered=false,waterlogged=false] | minecraft:acacia_trapdoor[facing=west,half=top,open=true,powered=false,waterlogged=false]
09001;bloodborne_blocks:owner_unified_4d6fc3298254aebc7a1d;True;/tp @s -367 230 22;facing=north,root_anchor=canonical,variant=0;minecraft:white_stained_glass_pane[east=false,north=false,south=true,waterlogged=false,west=true]
09002;bloodborne_blocks:owner_unified_4da15e6ac1c50b4265b9;True;/tp @s -355 230 22;facing=north,root_anchor=canonical,variant=0;minecraft:sandstone_stairs[facing=north,half=top,shape=straight,waterlogged=false]
09003;bloodborne_blocks:owner_unified_4df0ac1738e28a94ef36;True;/tp @s -343 230 22;facing=north,root_anchor=canonical,variant=0;minecraft:cobblestone_stairs[facing=south,half=bottom,shape=inner_right,waterlogged=false] | minecraft:cobblestone_stairs[facing=west,half=bottom,shape=inner_left,waterlogged=false]
09004;bloodborne_blocks:owner_unified_4dfec3de67ca85834995;True;/tp @s -331 230 22;facing=north,root_anchor=canonical,variant=0;minecraft:lime_glazed_terracotta[facing=south]
09005;bloodborne_blocks:owner_unified_4e35d2cccbbf110ea3bd;True;/tp @s -319 230 22;facing=north,root_anchor=canonical,variant=0;minecraft:crimson_planks
09006;bloodborne_blocks:owner_unified_4e3dc1259127fe05ae97;True;/tp @s -307 230 22;facing=north,root_anchor=canonical,variant=0;minecraft:red_sandstone_stairs[facing=north,half=top,shape=straight,waterlogged=false]
09007;bloodborne_blocks:owner_unified_4e53259af665b2652dfb;True;/tp @s -294 230 22;facing=north,root_anchor=canonical,variant=0;minecraft:cobblestone_wall[east=none,north=none,south=tall,up=true,waterlogged=false,west=low]
09008;bloodborne_blocks:owner_unified_4e8a7fe2aedc60ec889c;True;/tp @s -282 230 22;facing=north,root_anchor=canonical,variant=0;minecraft:stone_brick_stairs[facing=west,half=top,shape=inner_left,waterlogged=false]
09009;bloodborne_blocks:owner_unified_4ed54a7a9a17d735ea2c;True;/tp @s -270 230 22;facing=north,root_anchor=canonical,variant=0;minecraft:cobblestone_stairs[facing=south,half=bottom,shape=straight,waterlogged=false]
09010;bloodborne_blocks:owner_unified_4ee867d995463cb991b7;True;/tp @s -258 230 22;facing=north,root_anchor=canonical,variant=0;minecraft:mossy_cobblestone_wall[east=none,north=none,south=tall,up=true,waterlogged=false,west=none]
09011;bloodborne_blocks:owner_unified_4f097f80c5eb1e6c9863;True;/tp @s -244 230 22;facing=north,root_anchor=canonical,variant=0;minecraft:spruce_log[axis=x] | minecraft:spruce_log[axis=z]
09012;bloodborne_blocks:owner_unified_4f546e216d6feb4af3cf;True;/tp @s -226 230 22;facing=north,root_anchor=canonical,variant=0;minecraft:diorite_stairs[facing=east,half=bottom,shape=straight,waterlogged=false]
09013;bloodborne_blocks:owner_unified_4f6bf43d652d9aa4b667;True;/tp @s -213 230 22;facing=north,root_anchor=canonical,variant=0;minecraft:cobblestone_wall[east=none,north=none,south=tall,up=true,waterlogged=false,west=tall]
09014;bloodborne_blocks:owner_unified_4f6d5ddc86c552a6d5ed;True;/tp @s -199 230 22;facing=north,root_anchor=canonical,variant=0;minecraft:mossy_cobblestone_wall[east=none,north=low,south=none,up=true,waterlogged=false,west=low]
09015;bloodborne_blocks:owner_unified_4fcbd582ead2bc665833;True;/tp @s -187 230 22;facing=north,root_anchor=canonical,variant=0;minecraft:red_nether_bricks
09016;bloodborne_blocks:owner_unified_500960dfa4feb363f160;True;/tp @s -175 230 22;facing=north,root_anchor=canonical,variant=0;minecraft:cobbled_deepslate_wall[east=tall,north=none,south=tall,up=true,waterlogged=false,west=none]
09017;bloodborne_blocks:owner_unified_50157b53bda92dfdd351;True;/tp @s -163 230 22;facing=north,root_anchor=canonical,variant=0;minecraft:waxed_weathered_copper | minecraft:weathered_copper
09018;bloodborne_blocks:owner_unified_5020f10145c7f37221c1;True;/tp @s -695 230 34;facing=north,root_anchor=canonical,variant=0;minecraft:glass_pane[east=false,north=true,south=false,waterlogged=false,west=true]
09019;bloodborne_blocks:owner_unified_5022c523cad324589333;True;/tp @s -683 230 34;facing=north,root_anchor=canonical,variant=0;minecraft:stone_brick_wall[east=none,north=low,south=low,up=false,waterlogged=false,west=none]
09020;bloodborne_blocks:owner_unified_502761135dd9e10fdbb3;True;/tp @s -671 230 34;facing=north,root_anchor=canonical,variant=0;minecraft:cobblestone_wall[east=tall,north=none,south=low,up=true,waterlogged=false,west=tall]
09021;bloodborne_blocks:owner_unified_502cd22e0b744d076e5f;True;/tp @s -659 230 34;facing=north,root_anchor=canonical,variant=0;minecraft:brick_wall[east=low,north=tall,south=none,up=true,waterlogged=false,west=none]
09022;bloodborne_blocks:owner_unified_50466e62657f97e8067e;True;/tp @s -647 230 34;facing=north,root_anchor=canonical,variant=0;minecraft:red_stained_glass_pane[east=true,north=false,south=true,waterlogged=false,west=false]
09023;bloodborne_blocks:owner_unified_505f0ddf5a4382df3914;True;/tp @s -633 230 34;facing=north,root_anchor=canonical,variant=0;minecraft:deepslate_tile_stairs[facing=east,half=top,shape=straight,waterlogged=false]
09024;bloodborne_blocks:owner_unified_5061bdf5b6918ddb5f8d;True;/tp @s -621 230 34;facing=north,root_anchor=canonical,variant=0;minecraft:crimson_trapdoor[facing=east,half=top,open=true,powered=false,waterlogged=false] | minecraft:crimson_trapdoor[facing=north,half=top,open=true,powered=false,waterlogged=false]
09025;bloodborne_blocks:owner_unified_506e1424c8ea8e987e28;True;/tp @s -609 230 34;facing=north,root_anchor=canonical,variant=0;minecraft:cobbled_deepslate_wall[east=tall,north=tall,south=low,up=true,waterlogged=false,west=tall]
09026;bloodborne_blocks:owner_unified_50870646c18a19bd0468;True;/tp @s -597 230 34;facing=north,root_anchor=canonical,variant=0;minecraft:nether_brick_fence[east=true,north=true,south=true,waterlogged=false,west=true]
09027;bloodborne_blocks:owner_unified_508d8816b2fd3765ae27;True;/tp @s -585 230 34;facing=north,root_anchor=canonical,variant=0;minecraft:mossy_cobblestone_wall[east=tall,north=tall,south=tall,up=true,waterlogged=false,west=none]
09028;bloodborne_blocks:owner_unified_509013896755b0f5f7d3;True;/tp @s -573 230 34;facing=north,root_anchor=canonical,variant=0;minecraft:prismarine_wall[east=tall,north=tall,south=tall,up=true,waterlogged=false,west=tall]
09029;bloodborne_blocks:owner_unified_509050a6a80c4fd2a802;True;/tp @s -560 230 34;facing=north,root_anchor=canonical,variant=0;minecraft:mossy_cobblestone_wall[east=none,north=tall,south=tall,up=false,waterlogged=false,west=none]
09030;bloodborne_blocks:owner_unified_50e2e0a965bae5e6b460;True;/tp @s -548 230 34;facing=north,root_anchor=canonical,variant=0;minecraft:smooth_quartz_stairs[facing=west,half=bottom,shape=straight,waterlogged=false]
09031;bloodborne_blocks:owner_unified_50ead31b2fdb55a5be23;True;/tp @s -536 230 34;facing=north,root_anchor=canonical,variant=0;minecraft:lime_stained_glass_pane[east=false,north=true,south=false,waterlogged=false,west=true]
09032;bloodborne_blocks:owner_unified_510487d874156bcd0f45;True;/tp @s -523 230 34;facing=north,root_anchor=canonical,variant=0;minecraft:stone_brick_wall[east=low,north=tall,south=low,up=false,waterlogged=false,west=tall]
09033;bloodborne_blocks:owner_unified_5117fd032dc2f494e220;True;/tp @s -511 230 34;facing=north,root_anchor=canonical,variant=0;minecraft:magenta_stained_glass_pane[east=false,north=false,south=true,waterlogged=false,west=true]
09034;bloodborne_blocks:owner_unified_51300009cc407595fd84;True;/tp @s -499 230 34;facing=north,root_anchor=canonical,variant=0;minecraft:red_glazed_terracotta[facing=north]
09035;bloodborne_blocks:owner_unified_513b5fa5e22a07c110c2;True;/tp @s -487 230 34;facing=north,root_anchor=canonical,variant=0;minecraft:acacia_stairs[facing=east,half=bottom,shape=straight,waterlogged=false] | minecraft:acacia_stairs[facing=north,half=bottom,shape=straight,waterlogged=false] | minecraft:acacia_stairs[facing=south,half=bottom,shape=straight,waterlogged=false] | minecraft:acacia_stairs[facing=west,half=bottom,shape=straight,waterlogged=false]
09036;bloodborne_blocks:owner_unified_515d51dfc33c7698ab7d;True;/tp @s -474 230 34;facing=north,root_anchor=canonical,variant=0;minecraft:nether_brick_stairs[facing=north,half=top,shape=outer_left,waterlogged=false]
09037;bloodborne_blocks:owner_unified_515fbaae7777f2c2208b;True;/tp @s -462 230 34;facing=north,root_anchor=canonical,variant=0;minecraft:orange_stained_glass_pane[east=true,north=false,south=false,waterlogged=false,west=false]
09038;bloodborne_blocks:owner_unified_518769e546c06baf707f;True;/tp @s -446 230 34;facing=north,root_anchor=canonical,variant=0;minecraft:prismarine_wall[east=low,north=tall,south=tall,up=true,waterlogged=false,west=none]
09039;bloodborne_blocks:owner_unified_51e730c6ee43db717a72;True;/tp @s -431 230 34;facing=north,root_anchor=canonical,variant=0;minecraft:brick_wall[east=none,north=tall,south=tall,up=true,waterlogged=false,west=tall]
09040;bloodborne_blocks:owner_unified_520ef4afde21be389606;True;/tp @s -417 230 34;facing=north,root_anchor=canonical,variant=0;minecraft:pink_stained_glass_pane[east=true,north=false,south=false,waterlogged=false,west=true]
09041;bloodborne_blocks:owner_unified_524078801b7e9bee9a27;True;/tp @s -405 230 34;facing=north,root_anchor=canonical,variant=0;minecraft:brick_wall[east=tall,north=tall,south=tall,up=true,waterlogged=false,west=tall]
09042;bloodborne_blocks:owner_unified_52454c90a081ba1a5ef9;True;/tp @s -391 230 34;facing=north,root_anchor=canonical,variant=0;minecraft:andesite_stairs[facing=south,half=bottom,shape=outer_right,waterlogged=false] | minecraft:andesite_stairs[facing=west,half=bottom,shape=outer_left,waterlogged=false]
09043;bloodborne_blocks:owner_unified_5255a601417e454e9aad;True;/tp @s -379 230 34;facing=north,root_anchor=canonical,variant=0;minecraft:cobbled_deepslate_wall[east=none,north=tall,south=tall,up=true,waterlogged=false,west=low]
09044;bloodborne_blocks:owner_unified_526673fa27c6840c34f6;True;/tp @s -367 230 34;facing=north,root_anchor=canonical,variant=0;minecraft:dead_tube_coral_fan[waterlogged=false]
09045;bloodborne_blocks:owner_unified_5267bc60a8b296d9a4f7;True;/tp @s -355 230 34;facing=north,root_anchor=canonical,variant=0;minecraft:cobblestone_wall[east=low,north=low,south=tall,up=true,waterlogged=false,west=tall]
09046;bloodborne_blocks:owner_unified_527024e0f4dc7709d95b;True;/tp @s -343 230 34;facing=north,root_anchor=canonical,variant=0;minecraft:cobblestone_stairs[facing=north,half=bottom,shape=straight,waterlogged=false]
09047;bloodborne_blocks:owner_unified_52783362541c4f7828e2;True;/tp @s -331 230 34;facing=north,root_anchor=canonical,variant=0;minecraft:mossy_cobblestone_wall[east=low,north=tall,south=tall,up=true,waterlogged=false,west=tall]
09048;bloodborne_blocks:owner_unified_529c61cdf8da5a276fa3;True;/tp @s -319 230 34;facing=north,root_anchor=canonical,variant=0;minecraft:granite_wall[east=none,north=none,south=low,up=true,waterlogged=false,west=none]
09049;bloodborne_blocks:owner_unified_52c07138a670dd07bb46;True;/tp @s -307 230 34;facing=north,root_anchor=canonical,variant=0;minecraft:crimson_fence_gate[facing=east,in_wall=false,open=false,powered=false] | minecraft:crimson_fence_gate[facing=north,in_wall=false,open=false,powered=false] | minecraft:crimson_fence_gate[facing=south,in_wall=false,open=false,powered=false] | minecraft:crimson_fence_gate[facing=west,in_wall=false,open=false,powered=false]
09050;bloodborne_blocks:owner_unified_52d08ab2c6e0966aff9a;True;/tp @s -294 230 34;facing=north,root_anchor=canonical,variant=0;minecraft:deepslate_tile_stairs[facing=west,half=top,shape=straight,waterlogged=false]
09051;bloodborne_blocks:owner_unified_52d9b0745ae2a912cdfb;True;/tp @s -282 230 34;facing=north,root_anchor=canonical,variant=0;minecraft:magenta_stained_glass_pane[east=true,north=true,south=false,waterlogged=false,west=false]
09052;bloodborne_blocks:owner_unified_52e10edee09186ee6bbe;True;/tp @s -270 230 34;facing=north,root_anchor=canonical,variant=0;minecraft:iron_bars[east=true,north=true,south=true,waterlogged=false,west=true]
09053;bloodborne_blocks:owner_unified_52e1ec31eef36e0fb6ce;True;/tp @s -258 230 34;facing=north,root_anchor=canonical,variant=0;minecraft:mossy_cobblestone_wall[east=tall,north=tall,south=low,up=true,waterlogged=false,west=none]
09054;bloodborne_blocks:owner_unified_52ee022bbf027cc765e3;True;/tp @s -244 230 34;facing=north,root_anchor=canonical,variant=0;minecraft:oak_fence_gate[facing=east,in_wall=false,open=false,powered=false] | minecraft:oak_fence_gate[facing=north,in_wall=false,open=false,powered=false] | minecraft:oak_fence_gate[facing=south,in_wall=false,open=false,powered=false] | minecraft:oak_fence_gate[facing=west,in_wall=false,open=false,powered=false]
09055;bloodborne_blocks:owner_unified_52ee7623e8d0fd5f7ec0;True;/tp @s -226 230 34;facing=north,root_anchor=canonical,variant=0;minecraft:andesite_stairs[facing=south,half=bottom,shape=inner_left,waterlogged=false]
09056;bloodborne_blocks:owner_unified_52fe6478f2de0182ad6e;True;/tp @s -213 230 34;facing=north,root_anchor=canonical,variant=0;minecraft:dead_bubble_coral_wall_fan[facing=east,waterlogged=false] | minecraft:dead_bubble_coral_wall_fan[facing=north,waterlogged=false]
09057;bloodborne_blocks:owner_unified_531f94bdca4454f60651;True;/tp @s -199 230 34;facing=north,root_anchor=canonical,variant=0;minecraft:deepslate_brick_wall[east=tall,north=tall,south=none,up=true,waterlogged=false,west=none]
09058;bloodborne_blocks:owner_unified_534a6baa4ab04caeacc2;True;/tp @s -187 230 34;facing=north,root_anchor=canonical,variant=0;minecraft:stone_brick_wall[east=tall,north=tall,south=tall,up=true,waterlogged=false,west=low]
09059;bloodborne_blocks:owner_unified_535f8d8767d76b5b351a;True;/tp @s -175 230 34;facing=north,root_anchor=canonical,variant=0;minecraft:magenta_stained_glass_pane[east=true,north=true,south=false,waterlogged=false,west=true]
09060;bloodborne_blocks:owner_unified_53d3c49dd62f364ad477;True;/tp @s -163 230 34;facing=north,root_anchor=canonical,variant=0;minecraft:red_stained_glass_pane[east=false,north=true,south=false,waterlogged=false,west=true]
09061;bloodborne_blocks:owner_unified_53dd6833539453b5e11a;True;/tp @s -695 230 46;facing=north,root_anchor=canonical,variant=0;minecraft:stone_brick_wall[east=tall,north=tall,south=none,up=true,waterlogged=false,west=tall]
09062;bloodborne_blocks:owner_unified_5455c0078c1171001699;True;/tp @s -683 230 46;facing=north,root_anchor=canonical,variant=0;minecraft:gray_stained_glass
09063;bloodborne_blocks:owner_unified_546ea548dcaa20edf016;True;/tp @s -671 230 46;facing=north,root_anchor=canonical,variant=0;minecraft:granite_stairs[facing=south,half=top,shape=straight,waterlogged=false]
09064;bloodborne_blocks:owner_unified_547925b2bba7b5048a58;True;/tp @s -659 230 46;facing=north,root_anchor=canonical,variant=0;minecraft:waxed_weathered_cut_copper_stairs[facing=east,half=bottom,shape=outer_left,waterlogged=false]
09065;bloodborne_blocks:owner_unified_547d3b620cb51d9b3964;True;/tp @s -647 230 46;facing=north,root_anchor=canonical,variant=0;minecraft:prismarine_wall[east=tall,north=none,south=low,up=true,waterlogged=false,west=none]
09066;bloodborne_blocks:owner_unified_54993a7c08291575276b;True;/tp @s -633 230 46;facing=north,root_anchor=canonical,variant=0;minecraft:mossy_stone_brick_stairs[facing=east,half=top,shape=straight,waterlogged=false]
09067;bloodborne_blocks:owner_unified_549d30484f10eb45231c;True;/tp @s -621 230 46;facing=north,root_anchor=canonical,variant=0;minecraft:red_stained_glass_pane[east=true,north=true,south=true,waterlogged=false,west=true]
09068;bloodborne_blocks:owner_unified_54f920d3dd0d5e704d90;True;/tp @s -609 230 46;facing=north,root_anchor=canonical,variant=0;minecraft:acacia_planks
09069;bloodborne_blocks:owner_unified_556a54afddf07483e74a;True;/tp @s -597 230 46;facing=north,root_anchor=canonical,variant=0;minecraft:stone_brick_stairs[facing=north,half=bottom,shape=outer_left,waterlogged=false] | minecraft:stone_brick_stairs[facing=west,half=bottom,shape=outer_right,waterlogged=false]
09070;bloodborne_blocks:owner_unified_55bb94a80a1f37abf016;True;/tp @s -585 230 46;facing=north,root_anchor=canonical,variant=0;minecraft:pink_stained_glass
09071;bloodborne_blocks:owner_unified_55bc6f315fb033fb207a;True;/tp @s -573 230 46;facing=north,root_anchor=canonical,variant=0;minecraft:brown_stained_glass_pane[east=false,north=false,south=false,waterlogged=false,west=true]
09072;bloodborne_blocks:owner_unified_55d43455c2983b031c26;True;/tp @s -560 230 46;facing=north,root_anchor=canonical,variant=0;minecraft:stone_brick_wall[east=low,north=none,south=low,up=true,waterlogged=false,west=low]
09073;bloodborne_blocks:owner_unified_55e2bec1b201931c23ef;True;/tp @s -548 230 46;facing=north,root_anchor=canonical,variant=0;minecraft:brick_stairs[facing=north,half=top,shape=straight,waterlogged=false]
09074;bloodborne_blocks:owner_unified_55f842f2947049ee4a27;True;/tp @s -536 230 46;facing=north,root_anchor=canonical,variant=0;minecraft:mossy_cobblestone_wall[east=none,north=none,south=low,up=true,waterlogged=false,west=low]
09075;bloodborne_blocks:owner_unified_55fdea1e5558132a2d77;True;/tp @s -523 230 46;facing=north,root_anchor=canonical,variant=0;minecraft:cobblestone_wall[east=low,north=none,south=tall,up=true,waterlogged=false,west=none]
09076;bloodborne_blocks:owner_unified_56595e930d6d06ea6978;True;/tp @s -511 230 46;facing=north,root_anchor=canonical,variant=0;minecraft:sandstone_wall[east=low,north=none,south=none,up=true,waterlogged=false,west=tall] | minecraft:sandstone_wall[east=tall,north=none,south=none,up=false,waterlogged=false,west=tall] | minecraft:sandstone_wall[east=tall,north=none,south=none,up=true,waterlogged=false,west=low] | minecraft:sandstone_wall[east=tall,north=none,south=none,up=true,waterlogged=false,west=tall]
09077;bloodborne_blocks:owner_unified_567fe607548ca82d163f;True;/tp @s -499 230 46;facing=north,root_anchor=canonical,variant=0;minecraft:nether_brick_wall[east=none,north=tall,south=tall,up=false,waterlogged=false,west=low] | minecraft:nether_brick_wall[east=none,north=tall,south=tall,up=false,waterlogged=false,west=none] | minecraft:nether_brick_wall[east=tall,north=none,south=none,up=false,waterlogged=false,west=tall]
09078;bloodborne_blocks:owner_unified_5686c601acb83db24d00;True;/tp @s -487 230 46;facing=north,root_anchor=canonical,variant=0;minecraft:cobbled_deepslate_wall[east=low,north=tall,south=tall,up=true,waterlogged=false,west=none]
09079;bloodborne_blocks:owner_unified_568eb06875796f572c52;True;/tp @s -474 230 46;facing=north,root_anchor=canonical,variant=0;minecraft:waxed_exposed_cut_copper_stairs[facing=east,half=bottom,shape=straight,waterlogged=false] | minecraft:waxed_exposed_cut_copper_stairs[facing=north,half=bottom,shape=straight,waterlogged=false] | minecraft:waxed_exposed_cut_copper_stairs[facing=south,half=bottom,shape=straight,waterlogged=false] | minecraft:waxed_exposed_cut_copper_stairs[facing=west,half=bottom,shape=straight,waterlogged=false]
09080;bloodborne_blocks:owner_unified_56a6efdfe6d849892c09;True;/tp @s -462 230 46;facing=north,root_anchor=canonical,variant=0;minecraft:cobbled_deepslate_wall[east=tall,north=low,south=none,up=true,waterlogged=false,west=low]
09081;bloodborne_blocks:owner_unified_56c2aa5cb6a4668cb437;True;/tp @s -446 230 46;facing=north,root_anchor=canonical,variant=0;minecraft:granite_wall[east=low,north=tall,south=none,up=true,waterlogged=false,west=low]
09082;bloodborne_blocks:owner_unified_5717d8e1427bf3f0abed;True;/tp @s -431 230 46;facing=north,root_anchor=canonical,variant=0;minecraft:stone_brick_wall[east=none,north=tall,south=low,up=true,waterlogged=false,west=tall]
09083;bloodborne_blocks:owner_unified_576071fd7c47bcfb5ab4;True;/tp @s -417 230 46;facing=north,root_anchor=canonical,variant=0;minecraft:nether_brick_stairs[facing=north,half=top,shape=straight,waterlogged=false]
09084;bloodborne_blocks:owner_unified_57810497fa7fd40826f6;True;/tp @s -405 230 46;facing=north,root_anchor=canonical,variant=0;minecraft:polished_blackstone_brick_stairs[facing=south,half=top,shape=straight,waterlogged=false] | minecraft:purpur_stairs[facing=south,half=top,shape=straight,waterlogged=false]
09085;bloodborne_blocks:owner_unified_579b094a067b46dd526f;True;/tp @s -391 230 46;facing=north,root_anchor=canonical,variant=0;minecraft:brick_wall[east=tall,north=tall,south=none,up=true,waterlogged=false,west=none]
09086;bloodborne_blocks:owner_unified_57cb64aaa724ba1bdf9b;True;/tp @s -379 230 46;facing=north,root_anchor=canonical,variant=0;minecraft:cobbled_deepslate_stairs[facing=west,half=top,shape=straight,waterlogged=false]
09087;bloodborne_blocks:owner_unified_57e5c8bb21001d48d318;True;/tp @s -367 230 46;facing=north,root_anchor=canonical,variant=0;minecraft:stone_brick_wall[east=none,north=none,south=tall,up=true,waterlogged=false,west=none]
09088;bloodborne_blocks:owner_unified_57f54c85019a9fdd9ed2;True;/tp @s -355 230 46;facing=north,root_anchor=canonical,variant=0;minecraft:cobbled_deepslate_wall[east=none,north=low,south=low,up=true,waterlogged=false,west=low]
09089;bloodborne_blocks:owner_unified_581361edc360c69a2e33;True;/tp @s -343 230 46;facing=north,root_anchor=canonical,variant=0;minecraft:polished_blackstone_stairs[facing=north,half=top,shape=straight,waterlogged=false]
09090;bloodborne_blocks:owner_unified_581c702daebedd39a787;True;/tp @s -331 230 46;facing=north,root_anchor=canonical,variant=0;minecraft:brick_wall[east=low,north=none,south=low,up=true,waterlogged=false,west=tall]
09091;bloodborne_blocks:owner_unified_5881835d58c68025ef7c;True;/tp @s -319 230 46;facing=north,root_anchor=canonical,variant=0;minecraft:stripped_acacia_log[axis=x]
09092;bloodborne_blocks:owner_unified_58948dd7636b4b86b833;True;/tp @s -307 230 46;facing=north,root_anchor=canonical,variant=0;minecraft:polished_blackstone_button[face=floor,facing=south,powered=false]
09093;bloodborne_blocks:owner_unified_5950747854d5768a14df;True;/tp @s -294 230 46;facing=north,root_anchor=canonical,variant=0;minecraft:granite_wall[east=tall,north=none,south=low,up=true,waterlogged=false,west=tall]
09094;bloodborne_blocks:owner_unified_598e1afd02abb9c93c54;True;/tp @s -282 230 46;facing=north,root_anchor=canonical,variant=0;minecraft:nether_brick_fence[east=false,north=false,south=true,waterlogged=false,west=true]
09095;bloodborne_blocks:owner_unified_59a4ad156347116dcef3;True;/tp @s -270 230 46;facing=north,root_anchor=canonical,variant=0;minecraft:prismarine_wall[east=low,north=none,south=low,up=true,waterlogged=false,west=tall]
09096;bloodborne_blocks:owner_unified_59a73ac9e84c9bd9ca9d;True;/tp @s -258 230 46;facing=north,root_anchor=canonical,variant=0;minecraft:granite_wall[east=low,north=none,south=low,up=true,waterlogged=false,west=low]
09097;bloodborne_blocks:owner_unified_59aa30a427532e629931;True;/tp @s -244 230 46;facing=north,root_anchor=canonical,variant=0;minecraft:mossy_cobblestone_wall[east=tall,north=low,south=none,up=true,waterlogged=false,west=none]
09098;bloodborne_blocks:owner_unified_59bb2164c5bc68434ac4;True;/tp @s -226 230 46;facing=north,root_anchor=canonical,variant=0;minecraft:granite_stairs[facing=east,half=bottom,shape=inner_left,waterlogged=false] | minecraft:granite_stairs[facing=north,half=bottom,shape=inner_right,waterlogged=false]
09099;bloodborne_blocks:owner_unified_59d41921e82f8839bfd2;True;/tp @s -213 230 46;facing=north,root_anchor=canonical,variant=0;minecraft:cobblestone_wall[east=tall,north=low,south=tall,up=true,waterlogged=false,west=low]
09100;bloodborne_blocks:owner_unified_59d64c3c81b2451e26d3;True;/tp @s -199 230 46;facing=north,root_anchor=canonical,variant=0;minecraft:prismarine_wall[east=none,north=tall,south=low,up=false,waterlogged=false,west=none]
09101;bloodborne_blocks:owner_unified_59f98ba09c9900b48256;True;/tp @s -187 230 46;facing=north,root_anchor=canonical,variant=0;minecraft:chain[axis=y,waterlogged=false]
09102;bloodborne_blocks:owner_unified_5a02d50ac5a842a79f5d;True;/tp @s -175 230 46;facing=north,root_anchor=canonical,variant=0;minecraft:end_stone_brick_wall[east=none,north=low,south=low,up=true,waterlogged=false,west=low]
09103;bloodborne_blocks:owner_unified_5a0730303a2cde1ff0e2;True;/tp @s -163 230 46;facing=north,root_anchor=canonical,variant=0;minecraft:prismarine_wall[east=none,north=low,south=tall,up=true,waterlogged=false,west=tall]
09104;bloodborne_blocks:owner_unified_5a4e7f2f497fcf11e0d5;True;/tp @s -695 230 58;facing=north,root_anchor=canonical,variant=0;minecraft:spruce_fence[east=true,north=false,south=false,waterlogged=false,west=true] | minecraft:spruce_fence[east=true,north=true,south=false,waterlogged=false,west=true]
09105;bloodborne_blocks:owner_unified_5a743a22f9ee6c3e3810;True;/tp @s -683 230 58;facing=north,root_anchor=canonical,variant=0;minecraft:cyan_concrete
09106;bloodborne_blocks:owner_unified_5a7d946ffb87df445da0;True;/tp @s -671 230 58;facing=north,root_anchor=canonical,variant=0;minecraft:exposed_cut_copper_stairs[facing=east,half=bottom,shape=straight,waterlogged=false] | minecraft:exposed_cut_copper_stairs[facing=north,half=bottom,shape=straight,waterlogged=false] | minecraft:exposed_cut_copper_stairs[facing=south,half=bottom,shape=straight,waterlogged=false] | minecraft:exposed_cut_copper_stairs[facing=west,half=bottom,shape=straight,waterlogged=false]
09107;bloodborne_blocks:owner_unified_5a994b2914fa513513ed;True;/tp @s -659 230 58;facing=north,root_anchor=canonical,variant=0;minecraft:brick_wall[east=tall,north=none,south=none,up=true,waterlogged=false,west=low]
09108;bloodborne_blocks:owner_unified_5ab7601db89b03ea9dbb;True;/tp @s -647 230 58;facing=north,root_anchor=canonical,variant=0;minecraft:purpur_stairs[facing=west,half=bottom,shape=straight,waterlogged=false]
09109;bloodborne_blocks:owner_unified_5ac55a13ee714ca2ff39;True;/tp @s -633 230 58;facing=north,root_anchor=canonical,variant=0;minecraft:granite_wall[east=low,north=tall,south=tall,up=false,waterlogged=false,west=none]
09110;bloodborne_blocks:owner_unified_5ac937651d8bdcecec99;True;/tp @s -621 230 58;facing=north,root_anchor=canonical,variant=0;minecraft:green_stained_glass_pane[east=true,north=true,south=true,waterlogged=false,west=true]
09111;bloodborne_blocks:owner_unified_5af15cf653474040c2eb;True;/tp @s -609 230 58;facing=north,root_anchor=canonical,variant=0;minecraft:chain[axis=x,waterlogged=false] | minecraft:chain[axis=z,waterlogged=false]
09112;bloodborne_blocks:owner_unified_5b5d882c2420907a7db6;True;/tp @s -597 230 58;facing=north,root_anchor=canonical,variant=0;minecraft:birch_fence[east=false,north=false,south=false,waterlogged=false,west=false] | minecraft:birch_fence[east=false,north=true,south=false,waterlogged=false,west=false]
09113;bloodborne_blocks:owner_unified_5bb7eb7d4b8411c93576;True;/tp @s -585 230 58;facing=north,root_anchor=canonical,variant=0;minecraft:prismarine_stairs[facing=north,half=top,shape=inner_left,waterlogged=false] | minecraft:prismarine_stairs[facing=west,half=top,shape=inner_right,waterlogged=false]
09114;bloodborne_blocks:owner_unified_5bcfa533545f641099b8;True;/tp @s -573 230 58;facing=north,root_anchor=canonical,variant=0;minecraft:polished_andesite_stairs[facing=east,half=bottom,shape=inner_right,waterlogged=false] | minecraft:polished_andesite_stairs[facing=south,half=bottom,shape=inner_left,waterlogged=false]
09115;bloodborne_blocks:owner_unified_5bd64c8900facfe783ac;True;/tp @s -560 230 58;facing=north,root_anchor=canonical,variant=0;minecraft:prismarine_wall[east=tall,north=none,south=tall,up=true,waterlogged=false,west=none]
09116;bloodborne_blocks:owner_unified_5c61bd5a2c7ce41625f9;True;/tp @s -548 230 58;facing=north,root_anchor=canonical,variant=0;minecraft:iron_bars[east=true,north=false,south=true,waterlogged=false,west=true]
09117;bloodborne_blocks:owner_unified_5c79cc6a3169379e1118;True;/tp @s -536 230 58;facing=north,root_anchor=canonical,variant=0;minecraft:brick_wall[east=none,north=none,south=tall,up=true,waterlogged=false,west=low]
09118;bloodborne_blocks:owner_unified_5c8162335137d27cc15d;True;/tp @s -523 230 58;facing=north,root_anchor=canonical,variant=0;minecraft:chiseled_polished_blackstone
09119;bloodborne_blocks:owner_unified_5c909d05c60909a38fb7;True;/tp @s -511 230 58;facing=north,root_anchor=canonical,variant=0;minecraft:ancient_debris
09120;bloodborne_blocks:owner_unified_5cf0789d66049ef54af2;True;/tp @s -499 230 58;facing=north,root_anchor=canonical,variant=0;minecraft:brick_wall[east=none,north=tall,south=low,up=true,waterlogged=false,west=none]
09121;bloodborne_blocks:owner_unified_5d1d9b6f067fe8196c04;True;/tp @s -487 230 58;facing=north,root_anchor=canonical,variant=0;minecraft:stripped_dark_oak_log[axis=x] | minecraft:stripped_dark_oak_log[axis=z]
09122;bloodborne_blocks:owner_unified_5d1e8d6a8642d25efdf6;True;/tp @s -474 230 58;facing=north,root_anchor=canonical,variant=0;minecraft:mossy_cobblestone_wall[east=none,north=tall,south=tall,up=true,waterlogged=false,west=low]
09123;bloodborne_blocks:owner_unified_5d51127ddc46cf3af10d;True;/tp @s -462 230 58;facing=north,root_anchor=canonical,variant=0;minecraft:mossy_stone_brick_stairs[facing=west,half=top,shape=straight,waterlogged=false]
09124;bloodborne_blocks:owner_unified_5d5d74c61b81360d215f;True;/tp @s -446 230 58;facing=north,root_anchor=canonical,variant=0;minecraft:spruce_wood[axis=y]
09125;bloodborne_blocks:owner_unified_5d730ff81b5090d8f048;True;/tp @s -431 230 58;facing=north,root_anchor=canonical,variant=0;minecraft:stone_brick_wall[east=low,north=none,south=none,up=true,waterlogged=false,west=low]
09126;bloodborne_blocks:owner_unified_5dc48ee951e9f59a7d1c;True;/tp @s -417 230 58;facing=north,root_anchor=canonical,variant=0;minecraft:smooth_red_sandstone_stairs[facing=north,half=top,shape=straight,waterlogged=false] | minecraft:smooth_red_sandstone_stairs[facing=south,half=top,shape=straight,waterlogged=false] | minecraft:smooth_red_sandstone_stairs[facing=west,half=top,shape=straight,waterlogged=false]
09127;bloodborne_blocks:owner_unified_5dd56015b9e9ab397ec7;True;/tp @s -405 230 58;facing=north,root_anchor=canonical,variant=0;minecraft:stone_stairs[facing=south,half=top,shape=straight,waterlogged=false]
09128;bloodborne_blocks:owner_unified_5de40559a1d0839ff58c;True;/tp @s -391 230 58;facing=north,root_anchor=canonical,variant=0;minecraft:stone_brick_wall[east=low,north=tall,south=tall,up=true,waterlogged=false,west=tall]
09129;bloodborne_blocks:owner_unified_5e0047c1a411b71c69b6;True;/tp @s -379 230 58;facing=north,root_anchor=canonical,variant=0;minecraft:iron_bars[east=false,north=true,south=false,waterlogged=false,west=false]
09130;bloodborne_blocks:owner_unified_5e074efc88a8c9370f3e;True;/tp @s -367 230 58;facing=north,root_anchor=canonical,variant=0;minecraft:orange_wool
09131;bloodborne_blocks:owner_unified_5e3cc7749465bca683aa;True;/tp @s -355 230 58;facing=north,root_anchor=canonical,variant=0;minecraft:black_stained_glass_pane[east=true,north=false,south=true,waterlogged=false,west=false]
09132;bloodborne_blocks:owner_unified_5e6033c696c8035b729d;True;/tp @s -343 230 58;facing=north,root_anchor=canonical,variant=0;minecraft:prismarine_wall[east=none,north=none,south=tall,up=true,waterlogged=false,west=tall]
09133;bloodborne_blocks:owner_unified_5e63819a5f3f616e6765;True;/tp @s -331 230 58;facing=north,root_anchor=canonical,variant=0;minecraft:glass_pane[east=false,north=true,south=false,waterlogged=false,west=false]
09134;bloodborne_blocks:owner_unified_5ec96921f75faac593fd;True;/tp @s -319 230 58;facing=north,root_anchor=canonical,variant=0;minecraft:orange_stained_glass_pane[east=true,north=false,south=false,waterlogged=false,west=true]
09135;bloodborne_blocks:owner_unified_5ee1da23c8bda7be7057;True;/tp @s -307 230 58;facing=north,root_anchor=canonical,variant=0;minecraft:sandstone_stairs[facing=north,half=bottom,shape=outer_left,waterlogged=false] | minecraft:sandstone_stairs[facing=north,half=bottom,shape=outer_right,waterlogged=false]
09136;bloodborne_blocks:owner_unified_5ef552c1df84f96f2d28;True;/tp @s -294 230 58;facing=north,root_anchor=canonical,variant=0;minecraft:gray_stained_glass_pane[east=true,north=true,south=true,waterlogged=false,west=false]
09137;bloodborne_blocks:owner_unified_5f28acc0582f07f887b9;True;/tp @s -282 230 58;facing=north,root_anchor=canonical,variant=0;minecraft:glass_pane[east=true,north=true,south=false,waterlogged=false,west=false]
09138;bloodborne_blocks:owner_unified_5f737fc0505e63594671;True;/tp @s -270 230 58;facing=north,root_anchor=canonical,variant=0;minecraft:prismarine_wall[east=tall,north=none,south=low,up=true,waterlogged=false,west=low]
09139;bloodborne_blocks:owner_unified_5f763c81274a07d1de68;True;/tp @s -258 230 58;facing=north,root_anchor=canonical,variant=0;minecraft:cobbled_deepslate_wall[east=none,north=tall,south=tall,up=true,waterlogged=false,west=tall]
09140;bloodborne_blocks:owner_unified_5f8c2b7af51e22c6b564;True;/tp @s -244 230 58;facing=north,root_anchor=canonical,variant=0;minecraft:stone_brick_stairs[facing=east,half=top,shape=inner_left,waterlogged=false]
09141;bloodborne_blocks:owner_unified_6016c6a71781b82c62ff;True;/tp @s -226 230 58;facing=north,root_anchor=canonical,variant=0;minecraft:polished_andesite_stairs[facing=west,half=top,shape=straight,waterlogged=false]
09142;bloodborne_blocks:owner_unified_6020928763f7f67e34dd;True;/tp @s -213 230 58;facing=north,root_anchor=canonical,variant=0;minecraft:jungle_stairs[facing=east,half=top,shape=straight,waterlogged=false] | minecraft:jungle_stairs[facing=north,half=bottom,shape=straight,waterlogged=false] | minecraft:jungle_stairs[facing=north,half=top,shape=straight,waterlogged=false] | minecraft:jungle_stairs[facing=south,half=top,shape=straight,waterlogged=false] | minecraft:jungle_stairs[facing=west,half=top,shape=straight,waterlogged=false]
09143;bloodborne_blocks:owner_unified_605431cba8ec00bb7c10;True;/tp @s -199 230 58;facing=north,root_anchor=canonical,variant=0;minecraft:brick_stairs[facing=north,half=bottom,shape=straight,waterlogged=false]
09144;bloodborne_blocks:owner_unified_606d546cc944cda34a7d;True;/tp @s -187 230 58;facing=north,root_anchor=canonical,variant=0;minecraft:brick_wall[east=none,north=tall,south=tall,up=true,waterlogged=false,west=low]
09145;bloodborne_blocks:owner_unified_60efa5c3663589e2ef65;True;/tp @s -175 230 58;facing=north,root_anchor=canonical,variant=0;minecraft:end_stone_brick_wall[east=tall,north=low,south=tall,up=true,waterlogged=false,west=none]
09146;bloodborne_blocks:owner_unified_614e4c808e1fbb8076f5;True;/tp @s -163 230 58;facing=north,root_anchor=canonical,variant=0;minecraft:diorite_stairs[facing=west,half=top,shape=straight,waterlogged=false]
09147;bloodborne_blocks:owner_unified_616bd9e178bdfba01811;True;/tp @s -695 230 70;facing=north,root_anchor=canonical,variant=0;minecraft:prismarine_wall[east=tall,north=none,south=tall,up=true,waterlogged=false,west=low]
09148;bloodborne_blocks:owner_unified_6172cea11286e5f4dbce;True;/tp @s -683 230 70;facing=north,root_anchor=canonical,variant=0;minecraft:stone_brick_stairs[facing=east,half=bottom,shape=straight,waterlogged=false]
09149;bloodborne_blocks:owner_unified_6174324c5b20e30362e3;True;/tp @s -671 230 70;facing=north,root_anchor=canonical,variant=0;minecraft:oak_stairs[facing=east,half=top,shape=straight,waterlogged=false] | minecraft:oak_stairs[facing=north,half=top,shape=straight,waterlogged=false] | minecraft:oak_stairs[facing=south,half=top,shape=straight,waterlogged=false]
09150;bloodborne_blocks:owner_unified_61743a79c0c7214bd82a;True;/tp @s -659 230 70;facing=north,root_anchor=canonical,variant=0;minecraft:granite_wall[east=none,north=none,south=none,up=true,waterlogged=false,west=tall]
09151;bloodborne_blocks:owner_unified_61e2811ad0727ba6717d;True;/tp @s -647 230 70;facing=north,root_anchor=canonical,variant=0;minecraft:mossy_cobblestone_stairs[facing=south,half=bottom,shape=straight,waterlogged=false]
09152;bloodborne_blocks:owner_unified_61e454eaf22f1514fc85;True;/tp @s -633 230 70;facing=north,root_anchor=canonical,variant=0;minecraft:red_nether_brick_wall[east=low,north=tall,south=low,up=true,waterlogged=false,west=none] | minecraft:red_nether_brick_wall[east=none,north=tall,south=none,up=true,waterlogged=false,west=none]
09153;bloodborne_blocks:owner_unified_61ec23f1932d7f6f0af0;True;/tp @s -621 230 70;facing=north,root_anchor=canonical,variant=0;minecraft:polished_blackstone_stairs[facing=south,half=top,shape=straight,waterlogged=false]
09154;bloodborne_blocks:owner_unified_6208599217ff1f35a0ae;True;/tp @s -609 230 70;facing=north,root_anchor=canonical,variant=0;minecraft:white_stained_glass_pane[east=false,north=true,south=true,waterlogged=false,west=false]
09155;bloodborne_blocks:owner_unified_623b5e0ac177322c3a81;True;/tp @s -597 230 70;facing=north,root_anchor=canonical,variant=0;minecraft:andesite_stairs[facing=east,half=bottom,shape=outer_right,waterlogged=false] | minecraft:andesite_stairs[facing=south,half=bottom,shape=outer_left,waterlogged=false]
09156;bloodborne_blocks:owner_unified_6246dc104f6ebad61d5c;True;/tp @s -585 230 70;facing=north,root_anchor=canonical,variant=0;minecraft:purpur_stairs[facing=south,half=bottom,shape=straight,waterlogged=false]
09157;bloodborne_blocks:owner_unified_624a20f9afa93b2840b8;True;/tp @s -573 230 70;facing=north,root_anchor=canonical,variant=0;minecraft:stone_brick_stairs[facing=east,half=top,shape=outer_right,waterlogged=false] | minecraft:stone_brick_stairs[facing=south,half=top,shape=outer_left,waterlogged=false]
09158;bloodborne_blocks:owner_unified_62506c9c515588497187;True;/tp @s -560 230 70;facing=north,root_anchor=canonical,variant=0;minecraft:brick_wall[east=tall,north=low,south=none,up=true,waterlogged=false,west=low]
09159;bloodborne_blocks:owner_unified_627d85f54bd85c56a142;True;/tp @s -548 230 70;facing=north,root_anchor=canonical,variant=0;minecraft:end_stone_brick_wall[east=tall,north=tall,south=none,up=true,waterlogged=false,west=tall]
09160;bloodborne_blocks:owner_unified_627efb9c359166ce404c;True;/tp @s -536 230 70;facing=north,root_anchor=canonical,variant=0;minecraft:iron_bars[east=true,north=true,south=false,waterlogged=false,west=false]
09161;bloodborne_blocks:owner_unified_6280a4aeb464a3d160d0;True;/tp @s -523 230 70;facing=north,root_anchor=canonical,variant=0;minecraft:mossy_cobblestone_stairs[facing=south,half=top,shape=outer_right,waterlogged=false] | minecraft:mossy_cobblestone_stairs[facing=west,half=top,shape=outer_left,waterlogged=false]
09162;bloodborne_blocks:owner_unified_6282558ce6de41a66b78;True;/tp @s -511 230 70;facing=north,root_anchor=canonical,variant=0;minecraft:orange_stained_glass
09163;bloodborne_blocks:owner_unified_629e153038a5d8f3ae46;True;/tp @s -499 230 70;facing=north,root_anchor=canonical,variant=0;minecraft:deepslate_brick_wall[east=none,north=none,south=tall,up=true,waterlogged=false,west=tall]
09164;bloodborne_blocks:owner_unified_62a0f2ccc539d0de81c3;True;/tp @s -487 230 70;facing=north,root_anchor=canonical,variant=0;minecraft:acacia_fence[east=true,north=false,south=true,waterlogged=false,west=true]
09165;bloodborne_blocks:owner_unified_630836ba113a23226aae;True;/tp @s -474 230 70;facing=north,root_anchor=canonical,variant=0;minecraft:dark_prismarine_stairs[facing=east,half=top,shape=straight,waterlogged=false] | minecraft:dark_prismarine_stairs[facing=north,half=top,shape=straight,waterlogged=false] | minecraft:dark_prismarine_stairs[facing=south,half=top,shape=straight,waterlogged=false] | minecraft:dark_prismarine_stairs[facing=west,half=top,shape=straight,waterlogged=false]
09166;bloodborne_blocks:owner_unified_6311be31166d29cae72c;True;/tp @s -462 230 70;facing=north,root_anchor=canonical,variant=0;minecraft:stone_stairs[facing=south,half=bottom,shape=straight,waterlogged=false]
09167;bloodborne_blocks:owner_unified_631ba25e9ed077042734;True;/tp @s -446 230 70;facing=north,root_anchor=canonical,variant=0;minecraft:polished_andesite_slab[type=top,waterlogged=false]
09168;bloodborne_blocks:owner_unified_6356281cac0cba0fdc29;True;/tp @s -431 230 70;facing=north,root_anchor=canonical,variant=0;minecraft:cobbled_deepslate_wall[east=none,north=none,south=tall,up=true,waterlogged=false,west=none]
09169;bloodborne_blocks:owner_unified_6359a2a24c05514459aa;True;/tp @s -417 230 70;facing=north,root_anchor=canonical,variant=0;minecraft:smooth_sandstone_stairs[facing=east,half=top,shape=straight,waterlogged=false] | minecraft:smooth_sandstone_stairs[facing=north,half=top,shape=straight,waterlogged=false] | minecraft:smooth_sandstone_stairs[facing=south,half=top,shape=straight,waterlogged=false] | minecraft:smooth_sandstone_stairs[facing=west,half=top,shape=straight,waterlogged=false]
09170;bloodborne_blocks:owner_unified_63a155af3971a16e2464;True;/tp @s -405 230 70;facing=north,root_anchor=canonical,variant=0;minecraft:lime_stained_glass_pane[east=false,north=false,south=true,waterlogged=false,west=true]
09171;bloodborne_blocks:owner_unified_63a7c70fd2c3da76b3b8;True;/tp @s -391 230 70;facing=north,root_anchor=canonical,variant=0;minecraft:brick_wall[east=none,north=low,south=none,up=true,waterlogged=false,west=tall]
09172;bloodborne_blocks:owner_unified_63e1062fe1d984956c22;True;/tp @s -379 230 70;facing=north,root_anchor=canonical,variant=0;minecraft:granite_stairs[facing=east,half=bottom,shape=inner_right,waterlogged=false] | minecraft:granite_stairs[facing=south,half=bottom,shape=inner_left,waterlogged=false]
09173;bloodborne_blocks:owner_unified_649877949935e4c9a926;True;/tp @s -367 230 70;facing=north,root_anchor=canonical,variant=0;minecraft:polished_blackstone_stairs[facing=west,half=top,shape=straight,waterlogged=false]
09174;bloodborne_blocks:owner_unified_65928de370def838abe2;True;/tp @s -355 230 70;facing=north,root_anchor=canonical,variant=0;minecraft:prismarine_stairs[facing=south,half=bottom,shape=straight,waterlogged=false]
09175;bloodborne_blocks:owner_unified_661b4c4bf2637627fe39;True;/tp @s -343 230 70;facing=north,root_anchor=canonical,variant=0;minecraft:prismarine_wall[east=low,north=low,south=low,up=true,waterlogged=false,west=none]
09176;bloodborne_blocks:owner_unified_661f44b0bc156d3e0b01;True;/tp @s -331 230 70;facing=north,root_anchor=canonical,variant=0;minecraft:brick_wall[east=tall,north=low,south=tall,up=true,waterlogged=false,west=low]
09177;bloodborne_blocks:owner_unified_6637ec9df13077da5caf;True;/tp @s -319 230 70;facing=north,root_anchor=canonical,variant=0;minecraft:prismarine_stairs[facing=east,half=top,shape=outer_left,waterlogged=false] | minecraft:prismarine_stairs[facing=north,half=top,shape=outer_right,waterlogged=false]
09178;bloodborne_blocks:owner_unified_664d77efa8da765d6092;True;/tp @s -307 230 70;facing=north,root_anchor=canonical,variant=0;minecraft:mossy_cobblestone_wall[east=tall,north=none,south=tall,up=true,waterlogged=false,west=none]
09179;bloodborne_blocks:owner_unified_66693128581b7890dc64;True;/tp @s -294 230 70;facing=north,root_anchor=canonical,variant=0;minecraft:crimson_trapdoor[facing=east,half=bottom,open=false,powered=false,waterlogged=false] | minecraft:crimson_trapdoor[facing=south,half=bottom,open=false,powered=false,waterlogged=false] | minecraft:crimson_trapdoor[facing=west,half=bottom,open=false,powered=false,waterlogged=false]
09180;bloodborne_blocks:owner_unified_66b221fdc5ddc1720a88;True;/tp @s -282 230 70;facing=north,root_anchor=canonical,variant=0;minecraft:jungle_fence[east=false,north=false,south=true,waterlogged=false,west=false] | minecraft:jungle_fence[east=false,north=true,south=true,waterlogged=false,west=false]
09181;bloodborne_blocks:owner_unified_66bd36af2fb07423b2de;True;/tp @s -270 230 70;facing=north,root_anchor=canonical,variant=0;minecraft:granite_stairs[facing=north,half=top,shape=inner_left,waterlogged=false] | minecraft:granite_stairs[facing=west,half=top,shape=inner_right,waterlogged=false]
09182;bloodborne_blocks:owner_unified_66e17f8b9663a905b561;True;/tp @s -258 230 70;facing=north,root_anchor=canonical,variant=0;minecraft:glass_pane[east=false,north=true,south=true,waterlogged=false,west=false]
09183;bloodborne_blocks:owner_unified_6729505a56f59850720a;True;/tp @s -244 230 70;facing=north,root_anchor=canonical,variant=0;minecraft:stone_brick_wall[east=tall,north=none,south=tall,up=true,waterlogged=false,west=none]
09184;bloodborne_blocks:owner_unified_674318c16ac6eeb9b7b7;True;/tp @s -226 230 70;facing=north,root_anchor=canonical,variant=0;minecraft:cobblestone_wall[east=low,north=tall,south=tall,up=true,waterlogged=false,west=none]
09185;bloodborne_blocks:owner_unified_67440eeee2a27144a388;True;/tp @s -213 230 70;facing=north,root_anchor=canonical,variant=0;minecraft:brick_wall[east=none,north=none,south=none,up=true,waterlogged=false,west=low]
09186;bloodborne_blocks:owner_unified_675272e5aee2e4e0ba42;True;/tp @s -199 230 70;facing=north,root_anchor=canonical,variant=0;minecraft:snow[layers=7]
09187;bloodborne_blocks:owner_unified_67adc2c68b8c6f13477a;True;/tp @s -187 230 70;facing=north,root_anchor=canonical,variant=0;minecraft:cobbled_deepslate_stairs[facing=north,half=top,shape=straight,waterlogged=false]
09188;bloodborne_blocks:owner_unified_67b7112ab193430bad95;True;/tp @s -175 230 70;facing=north,root_anchor=canonical,variant=0;minecraft:white_stained_glass_pane[east=true,north=true,south=false,waterlogged=false,west=false]
09189;bloodborne_blocks:owner_unified_67daa39d29364835af5c;True;/tp @s -163 230 70;facing=north,root_anchor=canonical,variant=0;minecraft:stone_brick_wall[east=low,north=low,south=low,up=false,waterlogged=false,west=low]
09190;bloodborne_blocks:owner_unified_685b705a0edb16505a2e;True;/tp @s -695 230 82;facing=north,root_anchor=canonical,variant=0;minecraft:red_stained_glass_pane[east=true,north=false,south=false,waterlogged=false,west=false]
09191;bloodborne_blocks:owner_unified_691ce98157111fa7aa9a;True;/tp @s -683 230 82;facing=north,root_anchor=canonical,variant=0;minecraft:jungle_trapdoor[facing=west,half=bottom,open=false,powered=false,waterlogged=false]
09192;bloodborne_blocks:owner_unified_694999c2879226590808;True;/tp @s -671 230 82;facing=north,root_anchor=canonical,variant=0;minecraft:mossy_cobblestone_wall[east=low,north=none,south=low,up=true,waterlogged=false,west=tall]
09193;bloodborne_blocks:owner_unified_697c5708803c0eacafb1;True;/tp @s -659 230 82;facing=north,root_anchor=canonical,variant=0;minecraft:pink_glazed_terracotta[facing=north]
09194;bloodborne_blocks:owner_unified_69d03822a080c071633c;True;/tp @s -647 230 82;facing=north,root_anchor=canonical,variant=0;minecraft:iron_bars[east=true,north=true,south=false,waterlogged=false,west=true]
09195;bloodborne_blocks:owner_unified_6a3dce3af709a18a94ed;True;/tp @s -633 230 82;facing=north,root_anchor=canonical,variant=0;minecraft:quartz_stairs[facing=south,half=bottom,shape=straight,waterlogged=false]
09196;bloodborne_blocks:owner_unified_6a84ce4e7898f7a0eaec;True;/tp @s -621 230 82;facing=north,root_anchor=canonical,variant=0;minecraft:polished_granite_stairs[facing=east,half=bottom,shape=straight,waterlogged=false] | minecraft:polished_granite_stairs[facing=east,half=top,shape=straight,waterlogged=false] | minecraft:polished_granite_stairs[facing=north,half=bottom,shape=straight,waterlogged=false] | minecraft:polished_granite_stairs[facing=north,half=top,shape=straight,waterlogged=false] | minecraft:polished_granite_stairs[facing=south,half=bottom,shape=straight,waterlogged=false] | minecraft:polished_granite_stairs[facing=south,half=top,shape=straight,waterlogged=false] | minecraft:polished_granite_stairs[facing=west,half=bottom,shape=straight,waterlogged=false] | minecraft:polished_granite_stairs[facing=west,half=top,shape=straight,waterlogged=false]
09197;bloodborne_blocks:owner_unified_6a860f3ff36af0a089e6;True;/tp @s -609 230 82;facing=north,root_anchor=canonical,variant=0;minecraft:dark_oak_trapdoor[facing=east,half=bottom,open=false,powered=false,waterlogged=false] | minecraft:dark_oak_trapdoor[facing=north,half=bottom,open=false,powered=false,waterlogged=false] | minecraft:dark_oak_trapdoor[facing=south,half=bottom,open=false,powered=false,waterlogged=false] | minecraft:dark_oak_trapdoor[facing=west,half=bottom,open=false,powered=false,waterlogged=false]
09198;bloodborne_blocks:owner_unified_6aaffdd5ea059af847e0;True;/tp @s -597 230 82;facing=north,root_anchor=canonical,variant=0;minecraft:gray_stained_glass_pane[east=false,north=false,south=true,waterlogged=false,west=true]
09199;bloodborne_blocks:owner_unified_6ab63701d3fdaf8822ae;True;/tp @s -585 230 82;facing=north,root_anchor=canonical,variant=0;minecraft:deepslate_brick_stairs[facing=west,half=bottom,shape=straight,waterlogged=false]
09200;bloodborne_blocks:owner_unified_6ac058add64d01514f43;True;/tp @s -573 230 82;facing=north,root_anchor=canonical,variant=0;minecraft:sandstone_wall[east=none,north=low,south=tall,up=true,waterlogged=false,west=low] | minecraft:sandstone_wall[east=none,north=tall,south=low,up=true,waterlogged=false,west=low] | minecraft:sandstone_wall[east=none,north=tall,south=low,up=true,waterlogged=false,west=tall] | minecraft:sandstone_wall[east=none,north=tall,south=tall,up=true,waterlogged=false,west=low] | minecraft:sandstone_wall[east=none,north=tall,south=tall,up=true,waterlogged=false,west=tall]
09201;bloodborne_blocks:owner_unified_6ac278bbf0e8ebd0c43d;True;/tp @s -560 230 82;facing=north,root_anchor=canonical,variant=0;minecraft:brown_stained_glass_pane[east=true,north=false,south=false,waterlogged=false,west=false]
09202;bloodborne_blocks:owner_unified_6ad8eaf4f55ebc33ec17;True;/tp @s -548 230 82;facing=north,root_anchor=canonical,variant=0;minecraft:brick_wall[east=low,north=tall,south=low,up=true,waterlogged=false,west=none]
09203;bloodborne_blocks:owner_unified_6b905436561e4489a2ff;True;/tp @s -536 230 82;facing=north,root_anchor=canonical,variant=0;minecraft:granite_wall[east=tall,north=none,south=none,up=true,waterlogged=false,west=low]
09204;bloodborne_blocks:owner_unified_6beb6d1e53370dc86bcb;True;/tp @s -523 230 82;facing=north,root_anchor=canonical,variant=0;minecraft:end_stone_brick_wall[east=low,north=tall,south=none,up=true,waterlogged=false,west=tall]
09205;bloodborne_blocks:owner_unified_6bed16af940868421793;True;/tp @s -511 230 82;facing=north,root_anchor=canonical,variant=0;minecraft:mossy_cobblestone_wall[east=low,north=low,south=none,up=true,waterlogged=false,west=tall]
09206;bloodborne_blocks:owner_unified_6bf7c77b23b727c510f1;True;/tp @s -499 230 82;facing=north,root_anchor=canonical,variant=0;minecraft:waxed_exposed_cut_copper_stairs[facing=east,half=top,shape=straight,waterlogged=false] | minecraft:waxed_exposed_cut_copper_stairs[facing=north,half=top,shape=straight,waterlogged=false] | minecraft:waxed_exposed_cut_copper_stairs[facing=south,half=top,shape=straight,waterlogged=false] | minecraft:waxed_exposed_cut_copper_stairs[facing=west,half=top,shape=straight,waterlogged=false]
09207;bloodborne_blocks:owner_unified_6bfd39fa0a21c56496c7;True;/tp @s -487 230 82;facing=north,root_anchor=canonical,variant=0;minecraft:stone_brick_wall[east=low,north=low,south=low,up=false,waterlogged=false,west=tall]
09208;bloodborne_blocks:owner_unified_6c13fecfd1eecec1a899;True;/tp @s -474 230 82;facing=north,root_anchor=canonical,variant=0;minecraft:cobblestone_stairs[facing=east,half=bottom,shape=inner_right,waterlogged=false] | minecraft:cobblestone_stairs[facing=south,half=bottom,shape=inner_left,waterlogged=false]
09209;bloodborne_blocks:owner_unified_6c22d00eb95484bff8cd;True;/tp @s -462 230 82;facing=north,root_anchor=canonical,variant=0;minecraft:deepslate_brick_wall[east=none,north=none,south=tall,up=true,waterlogged=false,west=none]
09210;bloodborne_blocks:owner_unified_6c4679e7060350424e9e;True;/tp @s -446 230 82;facing=north,root_anchor=canonical,variant=0;minecraft:waxed_weathered_cut_copper_stairs[facing=east,half=bottom,shape=straight,waterlogged=false]
09211;bloodborne_blocks:owner_unified_6c523657f1783e7bc794;True;/tp @s -431 230 82;facing=north,root_anchor=canonical,variant=0;minecraft:birch_planks
09212;bloodborne_blocks:owner_unified_6cfe8039ece8b89bd9c4;True;/tp @s -417 230 82;facing=north,root_anchor=canonical,variant=0;minecraft:jungle_log[axis=x] | minecraft:jungle_log[axis=z]
09213;bloodborne_blocks:owner_unified_6cff53209f3eebb35674;True;/tp @s -405 230 82;facing=north,root_anchor=canonical,variant=0;minecraft:cobblestone_wall[east=none,north=none,south=low,up=true,waterlogged=false,west=none]
09214;bloodborne_blocks:owner_unified_6d0142ef96bff596a00b;True;/tp @s -391 230 82;facing=north,root_anchor=canonical,variant=0;minecraft:cobbled_deepslate_stairs[facing=east,half=top,shape=inner_left,waterlogged=false] | minecraft:cobbled_deepslate_stairs[facing=north,half=top,shape=inner_right,waterlogged=false]
09215;bloodborne_blocks:owner_unified_6d150d3988c332d0d089;True;/tp @s -379 230 82;facing=north,root_anchor=canonical,variant=0;minecraft:granite_wall[east=tall,north=none,south=none,up=true,waterlogged=false,west=none]
09216;bloodborne_blocks:owner_unified_6d32a9e7d6e8a377bd23;True;/tp @s -367 230 82;facing=north,root_anchor=canonical,variant=0;minecraft:sandstone_wall[east=none,north=none,south=low,up=true,waterlogged=false,west=none] | minecraft:sandstone_wall[east=none,north=none,south=tall,up=true,waterlogged=false,west=none]
09217;bloodborne_blocks:owner_unified_6d881c0db7043810777e;True;/tp @s -355 230 82;facing=north,root_anchor=canonical,variant=0;minecraft:polished_andesite_stairs[facing=north,half=top,shape=straight,waterlogged=false]
09218;bloodborne_blocks:owner_unified_6dab5ee5bd74c0ba9a09;True;/tp @s -343 230 82;facing=north,root_anchor=canonical,variant=0;minecraft:mossy_stone_brick_stairs[facing=east,half=bottom,shape=straight,waterlogged=false]
09219;bloodborne_blocks:owner_unified_6dd27daff4bb4eb26e66;True;/tp @s -331 230 82;facing=north,root_anchor=canonical,variant=0;minecraft:prismarine_wall[east=none,north=tall,south=low,up=true,waterlogged=false,west=tall]
09220;bloodborne_blocks:owner_unified_6e39239f9fe1de296d6b;True;/tp @s -319 230 82;facing=north,root_anchor=canonical,variant=0;minecraft:brick_wall[east=tall,north=low,south=none,up=false,waterlogged=false,west=tall]
09221;bloodborne_blocks:owner_unified_6ee58a61688e618e2895;True;/tp @s -307 230 82;facing=north,root_anchor=canonical,variant=0;minecraft:acacia_fence[east=false,north=false,south=false,waterlogged=false,west=true] | minecraft:acacia_fence[east=false,north=true,south=false,waterlogged=false,west=true] | minecraft:acacia_fence[east=true,north=false,south=false,waterlogged=false,west=false] | minecraft:acacia_fence[east=true,north=true,south=false,waterlogged=false,west=false]
09222;bloodborne_blocks:owner_unified_6f28ee33f2304f3f1a19;True;/tp @s -294 230 82;facing=north,root_anchor=canonical,variant=0;minecraft:stone_stairs[facing=north,half=bottom,shape=outer_left,waterlogged=false] | minecraft:stone_stairs[facing=west,half=bottom,shape=outer_right,waterlogged=false]
09223;bloodborne_blocks:owner_unified_6f3adc035fc40cfc87b9;True;/tp @s -282 230 82;facing=north,root_anchor=canonical,variant=0;minecraft:deepslate_lapis_ore
09224;bloodborne_blocks:owner_unified_6f6366f732b27f1b2613;True;/tp @s -270 230 82;facing=north,root_anchor=canonical,variant=0;minecraft:mossy_stone_brick_wall[east=low,north=none,south=none,up=true,waterlogged=false,west=none] | minecraft:mossy_stone_brick_wall[east=none,north=low,south=none,up=true,waterlogged=false,west=none] | minecraft:mossy_stone_brick_wall[east=none,north=none,south=low,up=true,waterlogged=false,west=none] | minecraft:mossy_stone_brick_wall[east=none,north=none,south=none,up=true,waterlogged=false,west=low] | minecraft:mossy_stone_brick_wall[east=none,north=none,south=none,up=true,waterlogged=false,west=tall] | minecraft:mossy_stone_brick_wall[east=none,north=none,south=tall,up=true,waterlogged=false,west=none] | minecraft:mossy_stone_brick_wall[east=none,north=tall,south=none,up=true,waterlogged=false,west=none] | minecraft:mossy_stone_brick_wall[east=tall,north=none,south=none,up=true,waterlogged=false,west=none]
09225;bloodborne_blocks:owner_unified_6faf6430d4e949c0ae2c;True;/tp @s -258 230 82;facing=north,root_anchor=canonical,variant=0;minecraft:mossy_cobblestone_stairs[facing=north,half=bottom,shape=straight,waterlogged=false]
09226;bloodborne_blocks:owner_unified_6fbfd84a2ad3eecd6ad2;True;/tp @s -244 230 82;facing=north,root_anchor=canonical,variant=0;minecraft:mossy_cobblestone_wall[east=tall,north=none,south=low,up=true,waterlogged=false,west=none]
09227;bloodborne_blocks:owner_unified_6ff688e3fb6e07a8f7e1;True;/tp @s -226 230 82;facing=north,root_anchor=canonical,variant=0;minecraft:cobbled_deepslate_wall[east=none,north=none,south=low,up=true,waterlogged=false,west=tall]
09228;bloodborne_blocks:owner_unified_7021e74793920c2dbf04;True;/tp @s -213 230 82;facing=north,root_anchor=canonical,variant=0;minecraft:warped_trapdoor[facing=east,half=top,open=true,powered=false,waterlogged=false] | minecraft:warped_trapdoor[facing=north,half=top,open=true,powered=false,waterlogged=false] | minecraft:warped_trapdoor[facing=south,half=top,open=true,powered=false,waterlogged=false] | minecraft:warped_trapdoor[facing=west,half=top,open=true,powered=false,waterlogged=false]
09229;bloodborne_blocks:owner_unified_7086603490130f830a3b;True;/tp @s -199 230 82;facing=north,root_anchor=canonical,variant=0;minecraft:green_glazed_terracotta[facing=south] | minecraft:green_glazed_terracotta[facing=west]
09230;bloodborne_blocks:owner_unified_708cba59acd40001cef9;True;/tp @s -187 230 82;facing=north,root_anchor=canonical,variant=0;minecraft:granite_wall[east=none,north=tall,south=tall,up=true,waterlogged=false,west=none]
09231;bloodborne_blocks:owner_unified_70b5798d5827741a06cd;True;/tp @s -175 230 82;facing=north,root_anchor=canonical,variant=0;minecraft:polished_andesite_stairs[facing=east,half=top,shape=inner_left,waterlogged=false] | minecraft:polished_andesite_stairs[facing=north,half=top,shape=inner_right,waterlogged=false]
09232;bloodborne_blocks:owner_unified_70c67af00c4afdf9e92a;True;/tp @s -163 230 82;facing=north,root_anchor=canonical,variant=0;minecraft:prismarine_wall[east=tall,north=none,south=none,up=true,waterlogged=false,west=low]
09233;bloodborne_blocks:owner_unified_70e5b00fe01b90f79a82;True;/tp @s -695 230 95;facing=north,root_anchor=canonical,variant=0;minecraft:polished_deepslate_stairs[facing=west,half=top,shape=straight,waterlogged=false]
09234;bloodborne_blocks:owner_unified_7145a88a9ee7df43c330;True;/tp @s -683 230 95;facing=north,root_anchor=canonical,variant=0;minecraft:prismarine_stairs[facing=west,half=bottom,shape=straight,waterlogged=false]
09235;bloodborne_blocks:owner_unified_71a8f9d86ccc9579d448;True;/tp @s -671 230 95;facing=north,root_anchor=canonical,variant=0;minecraft:brick_wall[east=tall,north=tall,south=tall,up=true,waterlogged=false,west=none]
09236;bloodborne_blocks:owner_unified_71a9ddaaef190b9ba0fb;True;/tp @s -659 230 95;facing=north,root_anchor=canonical,variant=0;minecraft:polished_andesite_stairs[facing=east,half=top,shape=outer_left,waterlogged=false] | minecraft:polished_andesite_stairs[facing=north,half=top,shape=outer_right,waterlogged=false]
09237;bloodborne_blocks:owner_unified_71aa4beb1782794ac090;True;/tp @s -647 230 95;facing=north,root_anchor=canonical,variant=0;minecraft:prismarine_wall[east=none,north=tall,south=tall,up=true,waterlogged=false,west=none]
09238;bloodborne_blocks:owner_unified_71cbb2aac043e6b27a79;True;/tp @s -633 230 95;facing=north,root_anchor=canonical,variant=0;minecraft:nether_brick_fence[east=false,north=false,south=false,waterlogged=false,west=true]
09239;bloodborne_blocks:owner_unified_720e81314d6e32140997;True;/tp @s -621 230 95;facing=north,root_anchor=canonical,variant=0;minecraft:stone_bricks
09240;bloodborne_blocks:owner_unified_721172cd692c1c5d0a68;True;/tp @s -609 230 95;facing=north,root_anchor=canonical,variant=0;minecraft:mossy_cobblestone_wall[east=low,north=tall,south=none,up=true,waterlogged=false,west=none]
09241;bloodborne_blocks:owner_unified_72184764048af2d1f62e;True;/tp @s -597 230 95;facing=north,root_anchor=canonical,variant=0;minecraft:stone_brick_wall[east=none,north=none,south=low,up=true,waterlogged=false,west=low]
09242;bloodborne_blocks:owner_unified_7269a1cbb8ba4797d930;True;/tp @s -585 230 95;facing=north,root_anchor=canonical,variant=0;minecraft:exposed_copper
09243;bloodborne_blocks:owner_unified_7293eebea41d879e3de9;True;/tp @s -573 230 95;facing=north,root_anchor=canonical,variant=0;minecraft:orange_stained_glass_pane[east=true,north=false,south=true,waterlogged=false,west=false]
09244;bloodborne_blocks:owner_unified_72c7b9817d315ce8beff;True;/tp @s -560 230 95;facing=north,root_anchor=canonical,variant=0;minecraft:birch_wood[axis=y]
09245;bloodborne_blocks:owner_unified_72ec761ebc334776567b;True;/tp @s -548 230 95;facing=north,root_anchor=canonical,variant=0;minecraft:end_stone_brick_wall[east=none,north=tall,south=low,up=true,waterlogged=false,west=tall]
09246;bloodborne_blocks:owner_unified_7302aa0997b85cee3c03;True;/tp @s -536 230 95;facing=north,root_anchor=canonical,variant=0;minecraft:red_nether_brick_stairs[facing=east,half=bottom,shape=straight,waterlogged=false]
09247;bloodborne_blocks:owner_unified_7305657e4eb27e0308c1;True;/tp @s -523 230 95;facing=north,root_anchor=canonical,variant=0;minecraft:stone_brick_wall[east=low,north=none,south=tall,up=true,waterlogged=false,west=low]
09248;bloodborne_blocks:owner_unified_7321f2a8b084fae17d52;True;/tp @s -511 230 95;facing=north,root_anchor=canonical,variant=0;minecraft:acacia_trapdoor[facing=east,half=bottom,open=false,powered=false,waterlogged=false] | minecraft:acacia_trapdoor[facing=north,half=bottom,open=false,powered=false,waterlogged=false] | minecraft:acacia_trapdoor[facing=north,half=top,open=false,powered=false,waterlogged=false] | minecraft:acacia_trapdoor[facing=south,half=bottom,open=false,powered=false,waterlogged=false] | minecraft:acacia_trapdoor[facing=south,half=top,open=false,powered=false,waterlogged=false] | minecraft:acacia_trapdoor[facing=west,half=bottom,open=false,powered=false,waterlogged=false] | minecraft:oak_trapdoor[facing=east,half=bottom,open=false,powered=false,waterlogged=false] | minecraft:oak_trapdoor[facing=north,half=bottom,open=false,powered=false,waterlogged=false] | minecraft:oak_trapdoor[facing=south,half=bottom,open=false,powered=false,waterlogged=false] | minecraft:oak_trapdoor[facing=west,half=bottom,open=false,powered=false,waterlogged=false]
09249;bloodborne_blocks:owner_unified_7347f6f2c48ee6171073;True;/tp @s -499 230 95;facing=north,root_anchor=canonical,variant=0;minecraft:mossy_cobblestone_wall[east=tall,north=none,south=low,up=true,waterlogged=false,west=low]
09250;bloodborne_blocks:owner_unified_7434c79e712971b46fc5;True;/tp @s -487 230 95;facing=north,root_anchor=canonical,variant=0;minecraft:oak_stairs[facing=west,half=top,shape=straight,waterlogged=false]
09251;bloodborne_blocks:owner_unified_74949b7affd6b4886b53;True;/tp @s -474 230 95;facing=north,root_anchor=canonical,variant=0;minecraft:red_stained_glass_pane[east=true,north=true,south=true,waterlogged=false,west=false]
09252;bloodborne_blocks:owner_unified_762a96b6ba573c2e2458;True;/tp @s -462 230 95;facing=north,root_anchor=canonical,variant=0;minecraft:prismarine_wall[east=low,north=none,south=none,up=false,waterlogged=false,west=tall]
09253;bloodborne_blocks:owner_unified_764533fa591ec4832a12;True;/tp @s -446 230 95;facing=north,root_anchor=canonical,variant=0;minecraft:brick_wall[east=low,north=low,south=none,up=true,waterlogged=false,west=low]
09254;bloodborne_blocks:owner_unified_767ec144a20719cd3eac;True;/tp @s -431 230 95;facing=north,root_anchor=canonical,variant=0;minecraft:stone_stairs[facing=south,half=bottom,shape=outer_right,waterlogged=false] | minecraft:stone_stairs[facing=west,half=bottom,shape=outer_left,waterlogged=false]
09255;bloodborne_blocks:owner_unified_76b3bd8666329a348c8c;True;/tp @s -417 230 95;facing=north,root_anchor=canonical,variant=0;minecraft:waxed_oxidized_cut_copper_stairs[facing=east,half=top,shape=straight,waterlogged=false] | minecraft:waxed_oxidized_cut_copper_stairs[facing=north,half=top,shape=straight,waterlogged=false]
09256;bloodborne_blocks:owner_unified_76bfa55a1748aa3defb6;True;/tp @s -405 230 95;facing=north,root_anchor=canonical,variant=0;minecraft:sandstone_wall[east=low,north=tall,south=none,up=true,waterlogged=false,west=tall] | minecraft:sandstone_wall[east=tall,north=low,south=none,up=true,waterlogged=false,west=low] | minecraft:sandstone_wall[east=tall,north=low,south=none,up=true,waterlogged=false,west=tall] | minecraft:sandstone_wall[east=tall,north=tall,south=none,up=true,waterlogged=false,west=low] | minecraft:sandstone_wall[east=tall,north=tall,south=none,up=true,waterlogged=false,west=tall]
09257;bloodborne_blocks:owner_unified_773c09b504445e4650c0;True;/tp @s -391 230 95;facing=north,root_anchor=canonical,variant=0;minecraft:cobbled_deepslate_wall[east=none,north=tall,south=low,up=true,waterlogged=false,west=low]
09258;bloodborne_blocks:owner_unified_77946f952d4f11d62a84;True;/tp @s -379 230 95;facing=north,root_anchor=canonical,variant=0;minecraft:pink_stained_glass_pane[east=false,north=true,south=false,waterlogged=false,west=true]
09259;bloodborne_blocks:owner_unified_77b9b1040f8741793b96;True;/tp @s -367 230 95;facing=north,root_anchor=canonical,variant=0;minecraft:oxidized_cut_copper_stairs[facing=east,half=bottom,shape=outer_right,waterlogged=false]
09260;bloodborne_blocks:owner_unified_785a17c876cc1ef2efd7;True;/tp @s -355 230 95;facing=north,root_anchor=canonical,variant=0;minecraft:light_gray_stained_glass_pane[east=true,north=false,south=false,waterlogged=false,west=false]
09261;bloodborne_blocks:owner_unified_78907bcc9c3362aa0cc1;True;/tp @s -343 230 95;facing=north,root_anchor=canonical,variant=0;minecraft:stone_brick_wall[east=none,north=tall,south=none,up=true,waterlogged=false,west=low]
09262;bloodborne_blocks:owner_unified_78a78c224dca4d74a6b7;True;/tp @s -331 230 95;facing=north,root_anchor=canonical,variant=0;minecraft:polished_blackstone_stairs[facing=east,half=bottom,shape=inner_left,waterlogged=false] | minecraft:polished_blackstone_stairs[facing=north,half=bottom,shape=inner_right,waterlogged=false]
09263;bloodborne_blocks:owner_unified_78cc237360e97d14f0ec;True;/tp @s -319 230 95;facing=north,root_anchor=canonical,variant=0;minecraft:white_stained_glass
09264;bloodborne_blocks:owner_unified_78d40c1df1082c42cd0a;True;/tp @s -307 230 95;facing=north,root_anchor=canonical,variant=0;minecraft:nether_quartz_ore
09265;bloodborne_blocks:owner_unified_790848c7fb3c7aa84328;True;/tp @s -294 230 95;facing=north,root_anchor=canonical,variant=0;minecraft:granite_wall[east=none,north=none,south=tall,up=true,waterlogged=false,west=tall]
09266;bloodborne_blocks:owner_unified_7a6a4da0f058f26bdc2f;True;/tp @s -282 230 95;facing=north,root_anchor=canonical,variant=0;minecraft:warped_stairs[facing=east,half=bottom,shape=straight,waterlogged=false] | minecraft:warped_stairs[facing=north,half=bottom,shape=straight,waterlogged=false]
09267;bloodborne_blocks:owner_unified_7b18c8ddf8c6781a5b4e;True;/tp @s -270 230 95;facing=north,root_anchor=canonical,variant=0;minecraft:lime_stained_glass_pane[east=false,north=true,south=true,waterlogged=false,west=true]
09268;bloodborne_blocks:owner_unified_7b3ca00915144a7237ac;True;/tp @s -258 230 95;facing=north,root_anchor=canonical,variant=0;minecraft:polished_andesite_slab[type=bottom,waterlogged=false]
09269;bloodborne_blocks:owner_unified_7b592f88a7280babc4a6;True;/tp @s -244 230 95;facing=north,root_anchor=canonical,variant=0;minecraft:oak_fence_gate[facing=east,in_wall=false,open=true,powered=false] | minecraft:oak_fence_gate[facing=north,in_wall=false,open=true,powered=false] | minecraft:oak_fence_gate[facing=south,in_wall=false,open=true,powered=false] | minecraft:oak_fence_gate[facing=west,in_wall=false,open=true,powered=false] | minecraft:spruce_fence_gate[facing=south,in_wall=true,open=false,powered=false]
09270;bloodborne_blocks:owner_unified_7b5f239d4fe074b9f78e;True;/tp @s -226 230 95;facing=north,root_anchor=canonical,variant=0;minecraft:exposed_cut_copper_stairs[facing=east,half=top,shape=straight,waterlogged=false] | minecraft:exposed_cut_copper_stairs[facing=north,half=top,shape=straight,waterlogged=false] | minecraft:exposed_cut_copper_stairs[facing=south,half=top,shape=straight,waterlogged=false] | minecraft:exposed_cut_copper_stairs[facing=west,half=top,shape=straight,waterlogged=false] | minecraft:exposed_cut_copper_stairs[facing=west,half=top,shape=straight,waterlogged=true]
09271;bloodborne_blocks:owner_unified_7b755b8cb974c723f103;True;/tp @s -213 230 95;facing=north,root_anchor=canonical,variant=0;minecraft:cobbled_deepslate_wall[east=none,north=tall,south=none,up=true,waterlogged=false,west=none]
09272;bloodborne_blocks:owner_unified_7b93e8e3deb5d0bdaed6;True;/tp @s -199 230 95;facing=north,root_anchor=canonical,variant=0;minecraft:stone_brick_wall[east=none,north=none,south=tall,up=true,waterlogged=false,west=tall]
09273;bloodborne_blocks:owner_unified_7ba3a7c641b94f62bb9d;True;/tp @s -187 230 95;facing=north,root_anchor=canonical,variant=0;minecraft:brick_wall[east=low,north=none,south=none,up=true,waterlogged=false,west=none]
09274;bloodborne_blocks:owner_unified_7be5ad60e7514a5fb89e;True;/tp @s -175 230 95;facing=north,root_anchor=canonical,variant=0;minecraft:prismarine_wall[east=low,north=low,south=low,up=false,waterlogged=false,west=low]
09275;bloodborne_blocks:owner_unified_7c7266f07dc298d83464;True;/tp @s -163 230 95;facing=north,root_anchor=canonical,variant=0;minecraft:granite_wall[east=none,north=tall,south=none,up=true,waterlogged=false,west=low]
09276;bloodborne_blocks:owner_unified_7c78957b02a60fa4b80f;True;/tp @s -695 230 107;facing=north,root_anchor=canonical,variant=0;minecraft:brick_stairs[facing=south,half=top,shape=outer_right,waterlogged=false] | minecraft:brick_stairs[facing=west,half=top,shape=outer_left,waterlogged=false]
09277;bloodborne_blocks:owner_unified_7cf6c5da1edc5eea7345;True;/tp @s -683 230 107;facing=north,root_anchor=canonical,variant=0;minecraft:stone_brick_stairs[facing=south,half=top,shape=inner_left,waterlogged=false]
09278;bloodborne_blocks:owner_unified_7d298058e43c54240036;True;/tp @s -671 230 107;facing=north,root_anchor=canonical,variant=0;minecraft:deepslate_brick_stairs[facing=south,half=top,shape=outer_left,waterlogged=false]
09279;bloodborne_blocks:owner_unified_7d5d6e2302d6d71167a0;True;/tp @s -659 230 107;facing=north,root_anchor=canonical,variant=0;minecraft:cobblestone_wall[east=tall,north=tall,south=tall,up=true,waterlogged=false,west=tall]
09280;bloodborne_blocks:owner_unified_7e68f4711d2a393af784;True;/tp @s -647 230 107;facing=north,root_anchor=canonical,variant=0;minecraft:brick_wall[east=none,north=tall,south=low,up=true,waterlogged=false,west=low]
09281;bloodborne_blocks:owner_unified_7ea86ff66aa6d25935f2;True;/tp @s -633 230 107;facing=north,root_anchor=canonical,variant=0;minecraft:red_nether_brick_wall[east=tall,north=none,south=none,up=false,waterlogged=false,west=tall] | minecraft:red_nether_brick_wall[east=tall,north=none,south=none,up=true,waterlogged=false,west=tall]
09282;bloodborne_blocks:owner_unified_7f0cfd127cbd6c00492b;True;/tp @s -621 230 107;facing=north,root_anchor=canonical,variant=0;minecraft:nether_brick_stairs[facing=east,half=top,shape=outer_left,waterlogged=false] | minecraft:nether_brick_stairs[facing=north,half=top,shape=outer_right,waterlogged=false]
09283;bloodborne_blocks:owner_unified_7f4974caa6496373f50d;True;/tp @s -609 230 107;facing=north,root_anchor=canonical,variant=0;minecraft:stone_stairs[facing=south,half=top,shape=inner_right,waterlogged=false] | minecraft:stone_stairs[facing=west,half=top,shape=inner_left,waterlogged=false]
09284;bloodborne_blocks:owner_unified_7f900e341efad9ee21e0;True;/tp @s -597 230 107;facing=north,root_anchor=canonical,variant=0;minecraft:brick_wall[east=low,north=none,south=low,up=true,waterlogged=false,west=none]
09285;bloodborne_blocks:owner_unified_7fc4977a85d6b244c77a;True;/tp @s -585 230 107;facing=north,root_anchor=canonical,variant=0;minecraft:jungle_fence[east=true,north=false,south=true,waterlogged=false,west=true]
09286;bloodborne_blocks:owner_unified_7ff11658b135a6a96b55;True;/tp @s -573 230 107;facing=north,root_anchor=canonical,variant=0;minecraft:gold_ore
09287;bloodborne_blocks:owner_unified_7ffe79c83e38770d7004;True;/tp @s -560 230 107;facing=north,root_anchor=canonical,variant=0;minecraft:polished_andesite_stairs[facing=south,half=bottom,shape=outer_right,waterlogged=false] | minecraft:polished_andesite_stairs[facing=west,half=bottom,shape=outer_left,waterlogged=false]
09288;bloodborne_blocks:owner_unified_807b06a5b8df37147aa1;True;/tp @s -548 230 107;facing=north,root_anchor=canonical,variant=0;minecraft:lime_stained_glass_pane[east=true,north=false,south=false,waterlogged=false,west=true]
09289;bloodborne_blocks:owner_unified_80b2365572a0eb181b4d;True;/tp @s -536 230 107;facing=north,root_anchor=canonical,variant=0;minecraft:stone_brick_wall[east=none,north=low,south=tall,up=false,waterlogged=false,west=none]
09290;bloodborne_blocks:owner_unified_80d4a794891a45c5bd4e;True;/tp @s -523 230 107;facing=north,root_anchor=canonical,variant=0;minecraft:deepslate_brick_stairs[facing=east,half=bottom,shape=straight,waterlogged=false]
09291;bloodborne_blocks:owner_unified_80d8a1928cfa22f6d91c;True;/tp @s -511 230 107;facing=north,root_anchor=canonical,variant=0;minecraft:oak_stairs[facing=east,half=top,shape=inner_right,waterlogged=false] | minecraft:oak_stairs[facing=south,half=top,shape=inner_left,waterlogged=false]
09292;bloodborne_blocks:owner_unified_80e30f0f5e5a13de91b0;True;/tp @s -499 230 107;facing=north,root_anchor=canonical,variant=0;minecraft:polished_blackstone_bricks
09293;bloodborne_blocks:owner_unified_80ed0f5d8c68f8bdf83f;True;/tp @s -487 230 107;facing=north,root_anchor=canonical,variant=0;minecraft:dark_oak_trapdoor[facing=west,half=top,open=true,powered=false,waterlogged=false]
09294;bloodborne_blocks:owner_unified_813b2f375c8248bb97a4;True;/tp @s -474 230 107;facing=north,root_anchor=canonical,variant=0;minecraft:blackstone_stairs[facing=east,half=top,shape=straight,waterlogged=false] | minecraft:blackstone_stairs[facing=north,half=top,shape=straight,waterlogged=false] | minecraft:blackstone_stairs[facing=south,half=top,shape=straight,waterlogged=false] | minecraft:blackstone_stairs[facing=west,half=top,shape=straight,waterlogged=false]
09295;bloodborne_blocks:owner_unified_81d3030849d5cd240cce;True;/tp @s -462 230 107;facing=north,root_anchor=canonical,variant=0;minecraft:prismarine_wall[east=none,north=tall,south=tall,up=true,waterlogged=false,west=tall]
09296;bloodborne_blocks:owner_unified_820bfabc156584fbc36c;True;/tp @s -446 230 107;facing=north,root_anchor=canonical,variant=0;minecraft:spruce_fence[east=false,north=false,south=true,waterlogged=false,west=false] | minecraft:spruce_fence[east=false,north=true,south=true,waterlogged=false,west=false]
09297;bloodborne_blocks:owner_unified_8241ea721fb23af3a258;True;/tp @s -431 230 107;facing=north,root_anchor=canonical,variant=0;minecraft:spruce_fence[east=true,north=false,south=false,waterlogged=false,west=false] | minecraft:spruce_fence[east=true,north=true,south=false,waterlogged=false,west=false]
09298;bloodborne_blocks:owner_unified_82624d022b0a2ff792ce;True;/tp @s -417 230 107;facing=north,root_anchor=canonical,variant=0;minecraft:granite_wall[east=none,north=none,south=tall,up=true,waterlogged=false,west=none]
09299;bloodborne_blocks:owner_unified_828382256eab4cbf4375;True;/tp @s -405 230 107;facing=north,root_anchor=canonical,variant=0;minecraft:raw_copper_block
09300;bloodborne_blocks:owner_unified_82ba2b7204ba0a7d004b;True;/tp @s -391 230 107;facing=north,root_anchor=canonical,variant=0;minecraft:polished_andesite_stairs[facing=south,half=top,shape=outer_right,waterlogged=false] | minecraft:polished_andesite_stairs[facing=west,half=top,shape=outer_left,waterlogged=false]
09301;bloodborne_blocks:owner_unified_82ef351b2b50306882cf;True;/tp @s -379 230 107;facing=north,root_anchor=canonical,variant=0;minecraft:mossy_cobblestone_wall[east=none,north=none,south=none,up=true,waterlogged=false,west=none]
09302;bloodborne_blocks:owner_unified_83071b1f73e4aa94d62b;True;/tp @s -367 230 107;facing=north,root_anchor=canonical,variant=0;minecraft:cobblestone_wall[east=none,north=low,south=low,up=true,waterlogged=false,west=low]
09303;bloodborne_blocks:owner_unified_83f64e3a0b057c776edc;True;/tp @s -355 230 107;facing=north,root_anchor=canonical,variant=0;minecraft:andesite_stairs[facing=east,half=bottom,shape=outer_left,waterlogged=false] | minecraft:andesite_stairs[facing=north,half=bottom,shape=outer_right,waterlogged=false]
09304;bloodborne_blocks:owner_unified_8432317f753b289f35e7;True;/tp @s -343 230 107;facing=north,root_anchor=canonical,variant=0;minecraft:blackstone_wall[east=low,north=none,south=none,up=false,waterlogged=false,west=tall] | minecraft:blackstone_wall[east=none,north=low,south=tall,up=false,waterlogged=false,west=none] | minecraft:blackstone_wall[east=none,north=none,south=none,up=false,waterlogged=false,west=tall] | minecraft:blackstone_wall[east=none,north=none,south=tall,up=false,waterlogged=false,west=none] | minecraft:blackstone_wall[east=tall,north=none,south=none,up=false,waterlogged=false,west=low] | minecraft:blackstone_wall[east=tall,north=none,south=none,up=false,waterlogged=false,west=none]
09305;bloodborne_blocks:owner_unified_845975bce82e674392ca;True;/tp @s -331 230 107;facing=north,root_anchor=canonical,variant=0;minecraft:iron_bars[east=false,north=false,south=true,waterlogged=false,west=false]
09306;bloodborne_blocks:owner_unified_84e627c1816e09175469;True;/tp @s -319 230 107;facing=north,root_anchor=canonical,variant=0;minecraft:stone_brick_stairs[facing=south,half=bottom,shape=straight,waterlogged=false]
09307;bloodborne_blocks:owner_unified_853ff0f0380f1c622b46;True;/tp @s -307 230 107;facing=north,root_anchor=canonical,variant=0;minecraft:brick_wall[east=low,north=tall,south=tall,up=true,waterlogged=false,west=low]
09308;bloodborne_blocks:owner_unified_856ed47bf7db63163f76;True;/tp @s -294 230 107;facing=north,root_anchor=canonical,variant=0;minecraft:pink_stained_glass_pane[east=true,north=false,south=true,waterlogged=false,west=false]
09309;bloodborne_blocks:owner_unified_85966f2f62e7fc15767e;True;/tp @s -282 230 107;facing=north,root_anchor=canonical,variant=0;minecraft:cobbled_deepslate_stairs[facing=south,half=bottom,shape=inner_right,waterlogged=false] | minecraft:cobbled_deepslate_stairs[facing=west,half=bottom,shape=inner_left,waterlogged=false]
09310;bloodborne_blocks:owner_unified_85acafd644179bbb51a9;True;/tp @s -270 230 107;facing=north,root_anchor=canonical,variant=0;minecraft:warped_trapdoor[facing=east,half=top,open=false,powered=false,waterlogged=false] | minecraft:warped_trapdoor[facing=north,half=top,open=false,powered=false,waterlogged=false] | minecraft:warped_trapdoor[facing=south,half=top,open=false,powered=false,waterlogged=false] | minecraft:warped_trapdoor[facing=west,half=top,open=false,powered=false,waterlogged=false]
09311;bloodborne_blocks:owner_unified_85bf08aa2e346190a5ab;True;/tp @s -258 230 107;facing=north,root_anchor=canonical,variant=0;minecraft:brick_wall[east=low,north=tall,south=tall,up=true,waterlogged=false,west=tall]
09312;bloodborne_blocks:owner_unified_85d85b7902f9d729c509;True;/tp @s -244 230 107;facing=north,root_anchor=canonical,variant=0;minecraft:deepslate_tile_wall[east=none,north=tall,south=none,up=true,waterlogged=false,west=tall]
09313;bloodborne_blocks:owner_unified_860db68051c34b323214;True;/tp @s -226 230 107;facing=north,root_anchor=canonical,variant=0;minecraft:deepslate_tile_stairs[facing=south,half=bottom,shape=straight,waterlogged=false]
09314;bloodborne_blocks:owner_unified_87233f32c1cd7d2c19c0;True;/tp @s -213 230 107;facing=north,root_anchor=canonical,variant=0;minecraft:cobblestone_stairs[facing=east,half=top,shape=outer_right,waterlogged=false] | minecraft:cobblestone_stairs[facing=south,half=top,shape=outer_left,waterlogged=false]
09315;bloodborne_blocks:owner_unified_8761f3e87318f6a055ec;True;/tp @s -199 230 107;facing=north,root_anchor=canonical,variant=0;minecraft:black_stained_glass_pane[east=true,north=false,south=false,waterlogged=false,west=true]
09316;bloodborne_blocks:owner_unified_87b084e5b5663f67efcd;True;/tp @s -187 230 107;facing=north,root_anchor=canonical,variant=0;minecraft:cobbled_deepslate_wall[east=tall,north=tall,south=none,up=true,waterlogged=false,west=none]
09317;bloodborne_blocks:owner_unified_87df1f562ce11df2af1c;True;/tp @s -175 230 107;facing=north,root_anchor=canonical,variant=0;minecraft:brick_wall[east=tall,north=none,south=none,up=true,waterlogged=false,west=none]
09318;bloodborne_blocks:owner_unified_888e47d1e3399fcff3df;True;/tp @s -163 230 107;facing=north,root_anchor=canonical,variant=0;minecraft:cobbled_deepslate_wall[east=none,north=low,south=none,up=true,waterlogged=false,west=tall]
09319;bloodborne_blocks:owner_unified_88b1ba491473bf161c42;True;/tp @s -695 230 119;facing=north,root_anchor=canonical,variant=0;minecraft:granite_stairs[facing=east,half=bottom,shape=outer_left,waterlogged=false] | minecraft:granite_stairs[facing=north,half=bottom,shape=outer_right,waterlogged=false]
09320;bloodborne_blocks:owner_unified_89ec8f27bd3f31ccc615;True;/tp @s -683 230 119;facing=north,root_anchor=canonical,variant=0;minecraft:mossy_cobblestone_wall[east=none,north=low,south=none,up=true,waterlogged=false,west=tall]
09321;bloodborne_blocks:owner_unified_8acbb5a20c8af8b568dd;True;/tp @s -671 230 119;facing=north,root_anchor=canonical,variant=0;minecraft:end_stone_brick_wall[east=tall,north=tall,south=tall,up=true,waterlogged=false,west=tall]
09322;bloodborne_blocks:owner_unified_8aecb41b5bf293b4b393;True;/tp @s -659 230 119;facing=north,root_anchor=canonical,variant=0;minecraft:prismarine_stairs[facing=east,half=top,shape=outer_right,waterlogged=false]
09323;bloodborne_blocks:owner_unified_8b0cc790de760eb94897;True;/tp @s -647 230 119;facing=north,root_anchor=canonical,variant=0;minecraft:cobbled_deepslate_wall[east=low,north=none,south=tall,up=true,waterlogged=false,west=low]
09324;bloodborne_blocks:owner_unified_8b385f07ced58b1616e1;True;/tp @s -633 230 119;facing=north,root_anchor=canonical,variant=0;minecraft:lime_stained_glass_pane[east=true,north=false,south=true,waterlogged=false,west=false]
09325;bloodborne_blocks:owner_unified_8c314327d0e8b13407be;True;/tp @s -621 230 119;facing=north,root_anchor=canonical,variant=0;minecraft:polished_blackstone_brick_slab[type=top,waterlogged=false]
09326;bloodborne_blocks:owner_unified_8c6a9dd4bf3149619e33;True;/tp @s -609 230 119;facing=north,root_anchor=canonical,variant=0;minecraft:dead_bubble_coral[waterlogged=false]
09327;bloodborne_blocks:owner_unified_8ce07f27bf28b19ccee6;True;/tp @s -597 230 119;facing=north,root_anchor=canonical,variant=0;minecraft:andesite_stairs[facing=east,half=top,shape=straight,waterlogged=false] | minecraft:andesite_stairs[facing=north,half=top,shape=straight,waterlogged=false] | minecraft:andesite_stairs[facing=south,half=top,shape=straight,waterlogged=false] | minecraft:andesite_stairs[facing=west,half=top,shape=straight,waterlogged=false]
09328;bloodborne_blocks:owner_unified_8d778ab1ce2514839b41;True;/tp @s -585 230 119;facing=north,root_anchor=canonical,variant=0;minecraft:granite_wall[east=none,north=tall,south=low,up=true,waterlogged=false,west=none]
09329;bloodborne_blocks:owner_unified_8dddb6939ba642249c2f;True;/tp @s -573 230 119;facing=north,root_anchor=canonical,variant=0;minecraft:cobblestone_stairs[facing=south,half=top,shape=straight,waterlogged=false]
09330;bloodborne_blocks:owner_unified_8ddedd95fe40894eae63;True;/tp @s -560 230 119;facing=north,root_anchor=canonical,variant=0;minecraft:red_nether_brick_wall[east=low,north=none,south=none,up=true,waterlogged=false,west=tall] | minecraft:red_nether_brick_wall[east=none,north=none,south=none,up=true,waterlogged=false,west=tall]
09331;bloodborne_blocks:owner_unified_8e8e1b63f0e9b73b1ce8;True;/tp @s -548 230 119;facing=north,root_anchor=canonical,variant=0;minecraft:prismarine_wall[east=none,north=low,south=low,up=true,waterlogged=false,west=low]
09332;bloodborne_blocks:owner_unified_8ea6e0b38959da2c22f6;True;/tp @s -536 230 119;facing=north,root_anchor=canonical,variant=0;minecraft:nether_brick_fence[east=true,north=false,south=false,waterlogged=false,west=false]
09333;bloodborne_blocks:owner_unified_8eec12f2551198402d83;True;/tp @s -523 230 119;facing=north,root_anchor=canonical,variant=0;minecraft:polished_deepslate
09334;bloodborne_blocks:owner_unified_8f82b0a7bae4de36a960;True;/tp @s -511 230 119;facing=north,root_anchor=canonical,variant=0;minecraft:crimson_fence_gate[facing=west,in_wall=false,open=true,powered=false] | minecraft:dark_oak_fence_gate[facing=east,in_wall=false,open=true,powered=false] | minecraft:dark_oak_fence_gate[facing=north,in_wall=false,open=true,powered=false] | minecraft:dark_oak_fence_gate[facing=south,in_wall=false,open=true,powered=false] | minecraft:dark_oak_fence_gate[facing=west,in_wall=false,open=true,powered=false]
09335;bloodborne_blocks:owner_unified_90891d2f26368272905a;True;/tp @s -499 230 119;facing=north,root_anchor=canonical,variant=0;minecraft:stone_brick_wall[east=tall,north=tall,south=none,up=false,waterlogged=false,west=none]
09336;bloodborne_blocks:owner_unified_90b29026b5ce354fdff5;True;/tp @s -487 230 119;facing=north,root_anchor=canonical,variant=0;minecraft:black_stained_glass_pane[east=true,north=true,south=false,waterlogged=false,west=false]
09337;bloodborne_blocks:owner_unified_90ffa04660ee3fbeed5d;True;/tp @s -474 230 119;facing=north,root_anchor=canonical,variant=0;minecraft:granite_wall[east=tall,north=none,south=tall,up=true,waterlogged=false,west=none]
09338;bloodborne_blocks:owner_unified_9182051ff06fdd74140d;True;/tp @s -462 230 119;facing=north,root_anchor=canonical,variant=0;minecraft:end_stone_brick_slab[type=bottom,waterlogged=false]
09339;bloodborne_blocks:owner_unified_91af0cb26b53137a52f9;True;/tp @s -446 230 119;facing=north,root_anchor=canonical,variant=0;minecraft:red_sandstone_stairs[facing=south,half=top,shape=straight,waterlogged=false]
09340;bloodborne_blocks:owner_unified_920d4e0cf6d6801b2ca3;True;/tp @s -431 230 119;facing=north,root_anchor=canonical,variant=0;minecraft:mossy_cobblestone_stairs[facing=east,half=top,shape=inner_right,waterlogged=false] | minecraft:mossy_cobblestone_stairs[facing=south,half=top,shape=inner_left,waterlogged=false]
09341;bloodborne_blocks:owner_unified_9230d562a87486958777;True;/tp @s -417 230 119;facing=north,root_anchor=canonical,variant=0;minecraft:brown_stained_glass_pane[east=false,north=true,south=false,waterlogged=false,west=false]
09342;bloodborne_blocks:owner_unified_923c8ea05279de8a4052;True;/tp @s -405 230 119;facing=north,root_anchor=canonical,variant=0;minecraft:stone_stairs[facing=east,half=top,shape=inner_left,waterlogged=false] | minecraft:stone_stairs[facing=north,half=top,shape=inner_right,waterlogged=false]
09343;bloodborne_blocks:owner_unified_926dca1e6dd5a5902278;True;/tp @s -391 230 119;facing=north,root_anchor=canonical,variant=0;minecraft:deepslate_coal_ore
09344;bloodborne_blocks:owner_unified_93904afcd1e4c12ad652;True;/tp @s -379 230 119;facing=north,root_anchor=canonical,variant=0;minecraft:prismarine_wall[east=none,north=low,south=tall,up=true,waterlogged=false,west=none]
09345;bloodborne_blocks:owner_unified_93bf2dd232dafffdc92c;True;/tp @s -367 230 119;facing=north,root_anchor=canonical,variant=0;minecraft:end_stone_brick_wall[east=none,north=none,south=low,up=true,waterlogged=false,west=tall]
09346;bloodborne_blocks:owner_unified_9484118a22090f5b4624;True;/tp @s -355 230 119;facing=north,root_anchor=canonical,variant=0;minecraft:cobblestone_wall[east=low,north=low,south=low,up=false,waterlogged=false,west=low]
09347;bloodborne_blocks:owner_unified_94851ade3f8f697373e0;True;/tp @s -343 230 119;facing=north,root_anchor=canonical,variant=0;minecraft:chiseled_quartz_block
09348;bloodborne_blocks:owner_unified_94e3610ce6c3f720e562;True;/tp @s -331 230 119;facing=north,root_anchor=canonical,variant=0;minecraft:white_stained_glass_pane[east=true,north=true,south=false,waterlogged=false,west=true]
09349;bloodborne_blocks:owner_unified_956ea1de625df52979c8;True;/tp @s -319 230 119;facing=north,root_anchor=canonical,variant=0;minecraft:granite_wall[east=low,north=none,south=none,up=false,waterlogged=false,west=low]
09350;bloodborne_blocks:owner_unified_95be8ff5b005ab0bc60a;True;/tp @s -307 230 119;facing=north,root_anchor=canonical,variant=0;minecraft:dark_oak_stairs[facing=east,half=top,shape=straight,waterlogged=false] | minecraft:dark_oak_stairs[facing=north,half=top,shape=straight,waterlogged=false] | minecraft:dark_oak_stairs[facing=south,half=top,shape=straight,waterlogged=false] | minecraft:dark_oak_stairs[facing=west,half=top,shape=straight,waterlogged=false]
09351;bloodborne_blocks:owner_unified_960fbb6691cd88878426;True;/tp @s -294 230 119;facing=north,root_anchor=canonical,variant=0;minecraft:mossy_cobblestone_wall[east=tall,north=tall,south=tall,up=true,waterlogged=false,west=low]
09352;bloodborne_blocks:owner_unified_963b10b856cb1fad165e;True;/tp @s -282 230 119;facing=north,root_anchor=canonical,variant=0;minecraft:brick_stairs[facing=east,half=bottom,shape=outer_left,waterlogged=false] | minecraft:brick_stairs[facing=north,half=bottom,shape=outer_right,waterlogged=false]
09353;bloodborne_blocks:owner_unified_9667dca651b2209ca3d7;True;/tp @s -270 230 119;facing=north,root_anchor=canonical,variant=0;minecraft:sandstone_wall[east=none,north=low,south=none,up=true,waterlogged=false,west=none] | minecraft:sandstone_wall[east=none,north=tall,south=none,up=true,waterlogged=false,west=none]
09354;bloodborne_blocks:owner_unified_96d4e3b1f322fba10610;True;/tp @s -258 230 119;facing=north,root_anchor=canonical,variant=0;minecraft:mossy_cobblestone_wall[east=tall,north=none,south=tall,up=true,waterlogged=false,west=tall]
09355;bloodborne_blocks:owner_unified_986c2672db9956c623da;True;/tp @s -244 230 119;facing=north,root_anchor=canonical,variant=0;minecraft:cobblestone_wall[east=tall,north=low,south=none,up=true,waterlogged=false,west=tall]
09356;bloodborne_blocks:owner_unified_9877d962c5c8cbbbbd45;True;/tp @s -226 230 119;facing=north,root_anchor=canonical,variant=0;minecraft:cobblestone_wall[east=none,north=tall,south=tall,up=true,waterlogged=false,west=tall]
09357;bloodborne_blocks:owner_unified_992d0f679ab7a1601205;True;/tp @s -213 230 119;facing=north,root_anchor=canonical,variant=0;minecraft:quartz_block
09358;bloodborne_blocks:owner_unified_99574396030bae87cbf6;True;/tp @s -199 230 119;facing=north,root_anchor=canonical,variant=0;minecraft:cobbled_deepslate_stairs[facing=east,half=bottom,shape=outer_left,waterlogged=false] | minecraft:cobbled_deepslate_stairs[facing=north,half=bottom,shape=outer_right,waterlogged=false]
09359;bloodborne_blocks:owner_unified_99768eeb36c61579aa65;True;/tp @s -187 230 119;facing=north,root_anchor=canonical,variant=0;minecraft:prismarine_brick_stairs[facing=east,half=bottom,shape=straight,waterlogged=false] | minecraft:prismarine_brick_stairs[facing=south,half=bottom,shape=straight,waterlogged=false]
09360;bloodborne_blocks:owner_unified_9a430e9800ea0d8006a8;True;/tp @s -175 230 119;facing=north,root_anchor=canonical,variant=0;minecraft:polished_blackstone_brick_stairs[facing=north,half=top,shape=straight,waterlogged=false] | minecraft:purpur_stairs[facing=north,half=top,shape=straight,waterlogged=false]
09361;bloodborne_blocks:owner_unified_9a567e77d53abb1d068c;True;/tp @s -163 230 119;facing=north,root_anchor=canonical,variant=0;minecraft:oak_stairs[facing=west,half=top,shape=inner_right,waterlogged=false]
09362;bloodborne_blocks:owner_unified_9a68c95cb15cff8ba955;True;/tp @s -695 230 131;facing=north,root_anchor=canonical,variant=0;minecraft:cobbled_deepslate_wall[east=tall,north=tall,south=tall,up=true,waterlogged=false,west=none]
09363;bloodborne_blocks:owner_unified_9ba7264a0fc3ca4eb7cd;True;/tp @s -683 230 131;facing=north,root_anchor=canonical,variant=0;minecraft:end_stone_brick_wall[east=low,north=low,south=low,up=true,waterlogged=false,west=none]
09364;bloodborne_blocks:owner_unified_9c7e7220cf02ea24966f;True;/tp @s -671 230 131;facing=north,root_anchor=canonical,variant=0;minecraft:oak_stairs[facing=east,half=top,shape=inner_left,waterlogged=false] | minecraft:oak_stairs[facing=north,half=top,shape=inner_right,waterlogged=false]
09365;bloodborne_blocks:owner_unified_9e602deeceb4132e5a5e;True;/tp @s -659 230 131;facing=north,root_anchor=canonical,variant=0;minecraft:green_concrete
09366;bloodborne_blocks:owner_unified_9ee1160f340d6fcb7f36;True;/tp @s -647 230 131;facing=north,root_anchor=canonical,variant=0;minecraft:black_stained_glass_pane[east=false,north=false,south=true,waterlogged=false,west=true]
09367;bloodborne_blocks:owner_unified_9f2a4084763b86930473;True;/tp @s -633 230 131;facing=north,root_anchor=canonical,variant=0;minecraft:diorite_stairs[facing=north,half=bottom,shape=straight,waterlogged=false]
09368;bloodborne_blocks:owner_unified_a08b76be5b5eea8323f2;True;/tp @s -621 230 131;facing=north,root_anchor=canonical,variant=0;minecraft:crimson_stairs[facing=east,half=top,shape=straight,waterlogged=false] | minecraft:crimson_stairs[facing=north,half=top,shape=straight,waterlogged=false] | minecraft:crimson_stairs[facing=south,half=top,shape=straight,waterlogged=false]
09369;bloodborne_blocks:owner_unified_a0d23d278faf7f96eef5;True;/tp @s -609 230 131;facing=north,root_anchor=canonical,variant=0;minecraft:brick_wall[east=none,north=low,south=tall,up=false,waterlogged=false,west=none] | minecraft:brick_wall[east=none,north=tall,south=low,up=false,waterlogged=false,west=none]
09370;bloodborne_blocks:owner_unified_a0d8399eb277d3c88748;True;/tp @s -597 230 131;facing=north,root_anchor=canonical,variant=0;minecraft:end_stone_brick_wall[east=tall,north=tall,south=low,up=true,waterlogged=false,west=tall]
09371;bloodborne_blocks:owner_unified_a101ca4fb06ec6960522;True;/tp @s -585 230 131;facing=north,root_anchor=canonical,variant=0;minecraft:cobbled_deepslate_stairs[facing=south,half=top,shape=inner_right,waterlogged=false] | minecraft:cobbled_deepslate_stairs[facing=west,half=top,shape=inner_left,waterlogged=false]
09372;bloodborne_blocks:owner_unified_a170559407b73d29656d;True;/tp @s -573 230 131;facing=north,root_anchor=canonical,variant=0;minecraft:stone_brick_wall[east=low,north=tall,south=tall,up=false,waterlogged=false,west=low]
09373;bloodborne_blocks:owner_unified_a29836716caa0f407703;True;/tp @s -560 230 131;facing=north,root_anchor=canonical,variant=0;minecraft:prismarine_wall[east=low,north=low,south=none,up=true,waterlogged=false,west=none]
09374;bloodborne_blocks:owner_unified_a34b2a478f32382a1c60;True;/tp @s -548 230 131;facing=north,root_anchor=canonical,variant=0;minecraft:mossy_cobblestone_wall[east=low,north=none,south=none,up=true,waterlogged=false,west=tall]
09375;bloodborne_blocks:owner_unified_a3a406790f9728cb3510;True;/tp @s -536 230 131;facing=north,root_anchor=canonical,variant=0;minecraft:end_stone_brick_wall[east=tall,north=tall,south=none,up=true,waterlogged=false,west=none]
09376;bloodborne_blocks:owner_unified_a4b44168ab1268728222;True;/tp @s -523 230 131;facing=north,root_anchor=canonical,variant=0;minecraft:end_stone_brick_wall[east=none,north=low,south=tall,up=true,waterlogged=false,west=tall]
09377;bloodborne_blocks:owner_unified_a50b221570ddf13cca31;True;/tp @s -511 230 131;facing=north,root_anchor=canonical,variant=0;minecraft:stone_brick_wall[east=low,north=tall,south=tall,up=true,waterlogged=false,west=none]
09378;bloodborne_blocks:owner_unified_a547ea0efcd591e3047b;True;/tp @s -499 230 131;facing=north,root_anchor=canonical,variant=0;minecraft:brown_stained_glass_pane[east=true,north=true,south=false,waterlogged=false,west=false]
09379;bloodborne_blocks:owner_unified_a54b457ae9b343b58f41;True;/tp @s -487 230 131;facing=north,root_anchor=canonical,variant=0;minecraft:deepslate_bricks
09380;bloodborne_blocks:owner_unified_a6fc6cc5f4e4b26198f3;True;/tp @s -474 230 131;facing=north,root_anchor=canonical,variant=0;minecraft:granite_wall[east=low,north=low,south=low,up=true,waterlogged=false,west=none]
09381;bloodborne_blocks:owner_unified_a75c7f274ad1bed1c1c2;True;/tp @s -462 230 131;facing=north,root_anchor=canonical,variant=0;minecraft:deepslate_brick_wall[east=none,north=tall,south=none,up=true,waterlogged=false,west=none]
09382;bloodborne_blocks:owner_unified_a7a5b62c386e5168ece0;True;/tp @s -446 230 131;facing=north,root_anchor=canonical,variant=0;minecraft:quartz_pillar[axis=y]
09383;bloodborne_blocks:owner_unified_a7b4f028714479398815;True;/tp @s -431 230 131;facing=north,root_anchor=canonical,variant=0;minecraft:purpur_stairs[facing=east,half=bottom,shape=straight,waterlogged=false]
09384;bloodborne_blocks:owner_unified_a812e0cfdaa948b834b4;True;/tp @s -417 230 131;facing=north,root_anchor=canonical,variant=0;minecraft:andesite_stairs[facing=east,half=top,shape=outer_right,waterlogged=false] | minecraft:andesite_stairs[facing=south,half=top,shape=outer_left,waterlogged=false]
09385;bloodborne_blocks:owner_unified_a87b5d5277d7f78445d2;True;/tp @s -405 230 131;facing=north,root_anchor=canonical,variant=0;minecraft:granite_wall[east=none,north=low,south=low,up=true,waterlogged=false,west=low]
09386;bloodborne_blocks:owner_unified_aa96317106d5ee185134;True;/tp @s -391 230 131;facing=north,root_anchor=canonical,variant=0;minecraft:stone_stairs[facing=north,half=bottom,shape=inner_left,waterlogged=false] | minecraft:stone_stairs[facing=west,half=bottom,shape=inner_right,waterlogged=false]
09387;bloodborne_blocks:owner_unified_aac984d80b58e8c1e41b;True;/tp @s -379 230 131;facing=north,root_anchor=canonical,variant=0;minecraft:acacia_fence_gate[facing=east,in_wall=false,open=false,powered=false] | minecraft:acacia_fence_gate[facing=west,in_wall=false,open=false,powered=false]
09388;bloodborne_blocks:owner_unified_ab3084e17ed703b62dff;True;/tp @s -367 230 131;facing=north,root_anchor=canonical,variant=0;minecraft:brick_wall[east=none,north=tall,south=tall,up=true,waterlogged=false,west=none]
09389;bloodborne_blocks:owner_unified_ab39ed976c72f5137ed1;True;/tp @s -355 230 131;facing=north,root_anchor=canonical,variant=0;minecraft:brick_wall[east=low,north=tall,south=tall,up=false,waterlogged=false,west=tall]
09390;bloodborne_blocks:owner_unified_ae099f80b0bf3a52674e;True;/tp @s -343 230 131;facing=north,root_anchor=canonical,variant=0;minecraft:prismarine_wall[east=none,north=low,south=none,up=true,waterlogged=false,west=none]
09391;bloodborne_blocks:owner_unified_b0539650188edaafa8b9;True;/tp @s -331 230 131;facing=north,root_anchor=canonical,variant=0;minecraft:weathered_cut_copper_stairs[facing=north,half=top,shape=straight,waterlogged=false] | minecraft:weathered_cut_copper_stairs[facing=west,half=top,shape=straight,waterlogged=false]
09392;bloodborne_blocks:owner_unified_b09bca3370864a81d04c;True;/tp @s -319 230 131;facing=north,root_anchor=canonical,variant=0;minecraft:granite_wall[east=none,north=tall,south=tall,up=false,waterlogged=false,west=none]
09393;bloodborne_blocks:owner_unified_b0e529d4d61cc37aecd0;True;/tp @s -307 230 131;facing=north,root_anchor=canonical,variant=0;minecraft:granite_wall[east=none,north=none,south=low,up=true,waterlogged=false,west=low]
09394;bloodborne_blocks:owner_unified_b20574b418a0ec8529bd;True;/tp @s -294 230 131;facing=north,root_anchor=canonical,variant=0;minecraft:brick_wall[east=none,north=tall,south=tall,up=false,waterlogged=false,west=none]
09395;bloodborne_blocks:owner_unified_b32ba8c91214cb6d000e;True;/tp @s -282 230 131;facing=north,root_anchor=canonical,variant=0;minecraft:nether_brick_fence[east=false,north=true,south=true,waterlogged=false,west=false]
09396;bloodborne_blocks:owner_unified_b4d8cd832fefabc92000;True;/tp @s -270 230 131;facing=north,root_anchor=canonical,variant=0;minecraft:smooth_quartz_stairs[facing=south,half=bottom,shape=straight,waterlogged=false]
09397;bloodborne_blocks:owner_unified_b53f64ec12f4feb1e2ce;True;/tp @s -258 230 131;facing=north,root_anchor=canonical,variant=0;minecraft:nether_brick_stairs[facing=east,half=bottom,shape=straight,waterlogged=false]
09398;bloodborne_blocks:owner_unified_b99931d18246d9e6cfaf;True;/tp @s -244 230 131;facing=north,root_anchor=canonical,variant=0;minecraft:dandelion
09399;bloodborne_blocks:owner_unified_b9c804d0c5c58f43fbb6;True;/tp @s -226 230 131;facing=north,root_anchor=canonical,variant=0;minecraft:brick_stairs[facing=east,half=top,shape=outer_right,waterlogged=false] | minecraft:brick_stairs[facing=south,half=top,shape=outer_left,waterlogged=false]
09400;bloodborne_blocks:owner_unified_bc9dadca89f818d919b9;True;/tp @s -213 230 131;facing=north,root_anchor=canonical,variant=0;minecraft:prismarine_wall[east=none,north=tall,south=none,up=true,waterlogged=false,west=none]
09401;bloodborne_blocks:owner_unified_bd1766eb427aa6feec2b;True;/tp @s -199 230 131;facing=north,root_anchor=canonical,variant=0;minecraft:end_stone_brick_wall[east=tall,north=tall,south=none,up=true,waterlogged=false,west=low]
09402;bloodborne_blocks:owner_unified_bdf1ab703483c7fab3bb;True;/tp @s -187 230 131;facing=north,root_anchor=canonical,variant=0;minecraft:cobbled_deepslate_wall[east=low,north=low,south=tall,up=true,waterlogged=false,west=none]
09403;bloodborne_blocks:owner_unified_bec3ec54172f4dea0e24;True;/tp @s -175 230 131;facing=north,root_anchor=canonical,variant=0;minecraft:light_gray_stained_glass_pane[east=true,north=true,south=true,waterlogged=false,west=false]
09404;bloodborne_blocks:owner_unified_c3af585a255ecc688115;True;/tp @s -163 230 131;facing=north,root_anchor=canonical,variant=0;minecraft:mossy_stone_brick_stairs[facing=north,half=top,shape=straight,waterlogged=false]
09405;bloodborne_blocks:owner_unified_d930add8eabf5e243fb5;True;/tp @s -695 230 143;facing=north,root_anchor=canonical,variant=0;minecraft:end_stone_brick_wall[east=low,north=tall,south=tall,up=false,waterlogged=false,west=tall]
09406;bloodborne_blocks:owner_unified_eb1932f28b56afb1214e;True;/tp @s -683 230 143;facing=north,root_anchor=canonical,variant=0;minecraft:acacia_fence[east=false,north=false,south=true,waterlogged=false,west=false] | minecraft:acacia_fence[east=false,north=true,south=true,waterlogged=false,west=false]
03816;bloodborne_blocks:oxidized_cut_copper_stairs;True;/tp @s -671 230 143;assembled=false,facing=north,half=bottom,shape=straight,waterlogged=false;
03817;bloodborne_blocks:polished_andesite_slab;True;/tp @s -659 230 143;type=bottom,waterlogged=false;
03818;bloodborne_blocks:polished_andesite_stairs;True;/tp @s -647 230 143;facing=north,half=bottom,shape=straight,waterlogged=false;
03819;bloodborne_blocks:polished_blackstone_brick_slab;True;/tp @s -633 230 143;facing=north,type=bottom,waterlogged=false;
03820;bloodborne_blocks:prismarine_slab;True;/tp @s -621 230 143;type=bottom,waterlogged=false;
03821;bloodborne_blocks:prismarine_stairs;True;/tp @s -609 230 143;facing=north,half=bottom,shape=straight,waterlogged=false;
03822;bloodborne_blocks:purpur_slab;True;/tp @s -597 230 143;type=bottom,waterlogged=false;
03823;bloodborne_blocks:red_sandstone_slab;True;/tp @s -585 230 143;facing=north,type=bottom,waterlogged=false;
03824;bloodborne_blocks:stone_brick_slab;True;/tp @s -573 230 143;type=bottom,waterlogged=false;
03825;bloodborne_blocks:stone_brick_stairs;True;/tp @s -560 230 143;facing=north,half=bottom,shape=straight,waterlogged=false;
03826;bloodborne_blocks:stone_slab;True;/tp @s -548 230 143;type=bottom,waterlogged=false;
03827;bloodborne_blocks:stone_stairs;True;/tp @s -536 230 143;facing=north,half=bottom,shape=straight,waterlogged=false;
03828;bloodborne_blocks:waxed_cut_copper_stairs;True;/tp @s -523 230 143;assembled=false,facing=north,half=bottom,shape=straight,waterlogged=false;
03829;bloodborne_blocks:waxed_weathered_cut_copper_stairs;True;/tp @s -511 230 143;assembled=false,facing=north,half=bottom,shape=straight,waterlogged=false;
03830;bloodborne_blocks:weathered_cut_copper_stairs;True;/tp @s -499 230 143;assembled=false,facing=north,half=bottom,shape=straight,waterlogged=false;
03831;bloodborne_blocks:white_glazed_terracotta;True;/tp @s -487 230 143;assembled=false,facing=north;
03832;bloodborne_blocks:white_wool;True;/tp @s -474 230 143;assembled=false,facing=north;
00003;bloodborne_blocks:architecture_part;False;/tp @s -462 230 143;assembled=false,facing=north,half=bottom,open=false,shape=straight,waterlogged=false;
