Unpacking 1.20.1/server-1.20.1.jar (versions:1.20.1) to versions\1.20.1\server-1.20.1.jar
Unpacking com/github/oshi/oshi-core/6.2.2/oshi-core-6.2.2.jar (libraries:com.github.oshi:oshi-core:6.2.2) to libraries\com\github\oshi\oshi-core\6.2.2\oshi-core-6.2.2.jar
Unpacking com/google/code/gson/gson/2.10/gson-2.10.jar (libraries:com.google.code.gson:gson:2.10) to libraries\com\google\code\gson\gson\2.10\gson-2.10.jar
Unpacking com/google/guava/failureaccess/1.0.1/failureaccess-1.0.1.jar (libraries:com.google.guava:failureaccess:1.0.1) to libraries\com\google\guava\failureaccess\1.0.1\failureaccess-1.0.1.jar
Unpacking com/google/guava/guava/31.1-jre/guava-31.1-jre.jar (libraries:com.google.guava:guava:31.1-jre) to libraries\com\google\guava\guava\31.1-jre\guava-31.1-jre.jar
Unpacking com/mojang/authlib/4.0.43/authlib-4.0.43.jar (libraries:com.mojang:authlib:4.0.43) to libraries\com\mojang\authlib\4.0.43\authlib-4.0.43.jar
Unpacking com/mojang/brigadier/1.1.8/brigadier-1.1.8.jar (libraries:com.mojang:brigadier:1.1.8) to libraries\com\mojang\brigadier\1.1.8\brigadier-1.1.8.jar
Unpacking com/mojang/datafixerupper/6.0.8/datafixerupper-6.0.8.jar (libraries:com.mojang:datafixerupper:6.0.8) to libraries\com\mojang\datafixerupper\6.0.8\datafixerupper-6.0.8.jar
Unpacking com/mojang/logging/1.1.1/logging-1.1.1.jar (libraries:com.mojang:logging:1.1.1) to libraries\com\mojang\logging\1.1.1\logging-1.1.1.jar
Unpacking commons-io/commons-io/2.11.0/commons-io-2.11.0.jar (libraries:commons-io:commons-io:2.11.0) to libraries\commons-io\commons-io\2.11.0\commons-io-2.11.0.jar
Unpacking io/netty/netty-buffer/4.1.82.Final/netty-buffer-4.1.82.Final.jar (libraries:io.netty:netty-buffer:4.1.82.Final) to libraries\io\netty\netty-buffer\4.1.82.Final\netty-buffer-4.1.82.Final.jar
Unpacking io/netty/netty-codec/4.1.82.Final/netty-codec-4.1.82.Final.jar (libraries:io.netty:netty-codec:4.1.82.Final) to libraries\io\netty\netty-codec\4.1.82.Final\netty-codec-4.1.82.Final.jar
Unpacking io/netty/netty-common/4.1.82.Final/netty-common-4.1.82.Final.jar (libraries:io.netty:netty-common:4.1.82.Final) to libraries\io\netty\netty-common\4.1.82.Final\netty-common-4.1.82.Final.jar
Unpacking io/netty/netty-handler/4.1.82.Final/netty-handler-4.1.82.Final.jar (libraries:io.netty:netty-handler:4.1.82.Final) to libraries\io\netty\netty-handler\4.1.82.Final\netty-handler-4.1.82.Final.jar
Unpacking io/netty/netty-resolver/4.1.82.Final/netty-resolver-4.1.82.Final.jar (libraries:io.netty:netty-resolver:4.1.82.Final) to libraries\io\netty\netty-resolver\4.1.82.Final\netty-resolver-4.1.82.Final.jar
Unpacking io/netty/netty-transport/4.1.82.Final/netty-transport-4.1.82.Final.jar (libraries:io.netty:netty-transport:4.1.82.Final) to libraries\io\netty\netty-transport\4.1.82.Final\netty-transport-4.1.82.Final.jar
Unpacking io/netty/netty-transport-classes-epoll/4.1.82.Final/netty-transport-classes-epoll-4.1.82.Final.jar (libraries:io.netty:netty-transport-classes-epoll:4.1.82.Final) to libraries\io\netty\netty-transport-classes-epoll\4.1.82.Final\netty-transport-classes-epoll-4.1.82.Final.jar
Unpacking io/netty/netty-transport-native-epoll/4.1.82.Final/netty-transport-native-epoll-4.1.82.Final-linux-x86_64.jar (libraries:io.netty:netty-transport-native-epoll:4.1.82.Final:linux-x86_64) to libraries\io\netty\netty-transport-native-epoll\4.1.82.Final\netty-transport-native-epoll-4.1.82.Final-linux-x86_64.jar
Unpacking io/netty/netty-transport-native-epoll/4.1.82.Final/netty-transport-native-epoll-4.1.82.Final-linux-aarch_64.jar (libraries:io.netty:netty-transport-native-epoll:4.1.82.Final:linux-aarch_64) to libraries\io\netty\netty-transport-native-epoll\4.1.82.Final\netty-transport-native-epoll-4.1.82.Final-linux-aarch_64.jar
Unpacking io/netty/netty-transport-native-unix-common/4.1.82.Final/netty-transport-native-unix-common-4.1.82.Final.jar (libraries:io.netty:netty-transport-native-unix-common:4.1.82.Final) to libraries\io\netty\netty-transport-native-unix-common\4.1.82.Final\netty-transport-native-unix-common-4.1.82.Final.jar
Unpacking it/unimi/dsi/fastutil/8.5.9/fastutil-8.5.9.jar (libraries:it.unimi.dsi:fastutil:8.5.9) to libraries\it\unimi\dsi\fastutil\8.5.9\fastutil-8.5.9.jar
Unpacking net/java/dev/jna/jna/5.12.1/jna-5.12.1.jar (libraries:net.java.dev.jna:jna:5.12.1) to libraries\net\java\dev\jna\jna\5.12.1\jna-5.12.1.jar
Unpacking net/java/dev/jna/jna-platform/5.12.1/jna-platform-5.12.1.jar (libraries:net.java.dev.jna:jna-platform:5.12.1) to libraries\net\java\dev\jna\jna-platform\5.12.1\jna-platform-5.12.1.jar
Unpacking net/sf/jopt-simple/jopt-simple/5.0.4/jopt-simple-5.0.4.jar (libraries:net.sf.jopt-simple:jopt-simple:5.0.4) to libraries\net\sf\jopt-simple\jopt-simple\5.0.4\jopt-simple-5.0.4.jar
Unpacking org/apache/commons/commons-lang3/3.12.0/commons-lang3-3.12.0.jar (libraries:org.apache.commons:commons-lang3:3.12.0) to libraries\org\apache\commons\commons-lang3\3.12.0\commons-lang3-3.12.0.jar
Unpacking org/apache/logging/log4j/log4j-api/2.19.0/log4j-api-2.19.0.jar (libraries:org.apache.logging.log4j:log4j-api:2.19.0) to libraries\org\apache\logging\log4j\log4j-api\2.19.0\log4j-api-2.19.0.jar
Unpacking org/apache/logging/log4j/log4j-core/2.19.0/log4j-core-2.19.0.jar (libraries:org.apache.logging.log4j:log4j-core:2.19.0) to libraries\org\apache\logging\log4j\log4j-core\2.19.0\log4j-core-2.19.0.jar
Unpacking org/apache/logging/log4j/log4j-slf4j2-impl/2.19.0/log4j-slf4j2-impl-2.19.0.jar (libraries:org.apache.logging.log4j:log4j-slf4j2-impl:2.19.0) to libraries\org\apache\logging\log4j\log4j-slf4j2-impl\2.19.0\log4j-slf4j2-impl-2.19.0.jar
Unpacking org/joml/joml/1.10.5/joml-1.10.5.jar (libraries:org.joml:joml:1.10.5) to libraries\org\joml\joml\1.10.5\joml-1.10.5.jar
Unpacking org/slf4j/slf4j-api/2.0.1/slf4j-api-2.0.1.jar (libraries:org.slf4j:slf4j-api:2.0.1) to libraries\org\slf4j\slf4j-api\2.0.1\slf4j-api-2.0.1.jar
Starting net.fabricmc.loader.impl.game.minecraft.BundlerClassPathCapture
[15:57:32] [main/INFO]: Loading Minecraft 1.20.1 with Fabric Loader 0.19.5
[15:57:32] [main/INFO]: Fabric is preparing JARs on first launch, this may take a few seconds...
[15:57:33] [ForkJoinPool-1-worker-6/WARN]: Mod cpm uses the version 0.6.27a which isn't compatible with Loader's extended semantic version format (Could not parse version number component '27a'!), SemVer is recommended for reliably evaluating dependencies and prioritizing newer version
[15:57:34] [ForkJoinPool-1-worker-10/WARN]: Mod com_github_shevek_parallelgzip uses the version af5f5c297e735f3f2df7aa4eb0e19a5810b8aff6 which isn't compatible with Loader's extended semantic version format (Could not parse version number component 'af5f5c297e735f3f2df7aa4eb0e19a5810b8aff6'!), SemVer is recommended for reliably evaluating dependencies and prioritizing newer version
[15:57:34] [main/WARN]: Warnings were found!
 - Mod 'Grappling Hook Mod' (grapplemod) 1.20-v1.8 recommends version 7.1.0 or later of modmenu, which is missing!
	 - You should install version 7.1.0 or later of modmenu for the optimal experience.
 - Mod 'Textile Backup' (textile_backup) 3.1.2-1.20 recommends any version of modmenu, which is missing!
	 - You should install any version of modmenu for the optimal experience.
[15:57:34] [main/INFO]: Loading 223 mods:
	- amendments 1.20-2.2.6
	- architectury 9.2.14
	- ardagrass 1.0-1.20.1
	- armourers_workshop 3.0.0-beta.12
	- azurelib 2.0.31
	- balm-fabric 7.3.6
	   \-- kuma_api 20.1.8
	- bettercombat 1.8.6+1.20.1
	- biomesoplenty 19.0.0.91
	- bloodborne_dw 0.1.0-prototype.2
	- cardiac 0.5.3.2
	- cave_dweller 1.4.0
	- chiselsandbits 1.4.148
	   |-- org_lz4_lz4-pure-java 1.8.0
	   |-- saeculariacaudices 1.0.23
	   \-- scena 1.0.103
	        \-- saeculariacaudices 1.0.23
	- cloth-config 11.1.118
	   \-- cloth-basic-math 0.6.1
	- construction_deco 1.0
	- cpm 0.6.27a
	- crafttweaker 14.0.40
	   |-- org_javassist_javassist 3.29.0-GA
	   \-- org_reflections_reflections 0.10.2
	- crawl 0.12.0
	   \-- mm 2.3
	- create 6.0.8.1+build.1744-mc1.20.1
	   |-- com_google_code_findbugs_jsr305 3.0.2
	   |-- milk 1.2.60
	   |    \-- dripstone_fluid_lib 3.0.2
	   |-- ponder 1.0.91
	   |    |-- com_google_code_findbugs_jsr305 3.0.2
	   |    \-- javax_annotation_javax_annotation-api 1.3.2
	   |-- porting_lib_brewing 2.3.13+1.20.1
	   |-- porting_lib_client_events 2.3.13+1.20.1
	   |-- porting_lib_model_generators 2.3.13+1.20.1
	   |    |-- porting_lib_data 2.3.13+1.20.1
	   |    \-- porting_lib_model_materials 2.3.13+1.20.1
	   |-- porting_lib_models 2.3.13+1.20.1
	   |    \-- porting_lib_model_loader 2.3.13+1.20.1
	   |-- porting_lib_obj_loader 2.3.13+1.20.1
	   |    \-- porting_lib_model_loader 2.3.13+1.20.1
	   |-- reach-entity-attributes 2.4.0
	   \-- registrate-fabric 1.3.79-MC1.20.1
	        |-- com_google_code_findbugs_jsr305 3.0.2
	        \-- porting_lib_tags 3.0
	             \-- porting_lib_gametest 2.1.1090+1.20
	- creativecore 2.11.33
	   \-- net_minecraftforge_eventbus 6.0.3
	- croptopia 3.0.3
	- customnpcs 1.0.0+cpm.1.2.0
	   \-- cnpc_cpm 1.2.0
	- diagonalfences 8.1.3
	   \-- diagonalblocks 8.0.2
	- distanthorizons 3.2.0-b
	   |-- fabric-api-base 0.4.32+1802ada577
	   |-- fabric-api-lookup-api-v1 1.6.37+1802ada577
	   |-- fabric-block-api-v1 1.0.12+1802ada577
	   |-- fabric-block-view-api-v2 1.0.3+924f046a77
	   |-- fabric-command-api-v1 1.2.35+f71b366f77
	   |-- fabric-command-api-v2 2.2.14+1802ada577
	   |-- fabric-commands-v0 0.2.52+df3654b377
	   |-- fabric-content-registries-v0 4.0.13+1802ada577
	   |-- fabric-convention-tags-v1 1.5.6+1802ada577
	   |-- fabric-crash-report-info-v1 0.2.20+1802ada577
	   |-- fabric-data-attachment-api-v1 1.0.2+de0fd6d177
	   |-- fabric-dimensions-v1 2.1.55+1802ada577
	   |-- fabric-entity-events-v1 1.6.1+1c78457f77
	   |-- fabric-events-lifecycle-v0 0.2.64+df3654b377
	   |-- fabric-game-rule-api-v1 1.0.41+1802ada577
	   |-- fabric-item-api-v1 2.1.29+1802ada577
	   |-- fabric-item-group-api-v1 4.0.14+1802ada577
	   |-- fabric-lifecycle-events-v1 2.2.23+1802ada577
	   |-- fabric-loot-api-v2 1.2.3+1802ada577
	   |-- fabric-loot-tables-v1 1.1.47+9e7660c677
	   |-- fabric-message-api-v1 5.1.10+1802ada577
	   |-- fabric-mining-level-api-v1 2.1.52+1802ada577
	   |-- fabric-object-builder-api-v1 11.1.5+e35120df77
	   |-- fabric-particles-v1 1.1.3+1802ada577
	   |-- fabric-rendering-data-attachment-v1 0.3.39+92a0d36777
	   |-- fabric-rendering-fluids-v1 3.0.29+1802ada577
	   |-- fabric-resource-conditions-api-v1 2.3.9+1802ada577
	   |-- fabric-resource-loader-v0 0.11.12+fb82e9d777
	   |-- fabric-transfer-api-v1 3.3.6+8dd72ea377
	   \-- fabric-transitive-access-wideners-v1 4.3.2+1802ada577
	- dw_languages 0.1.0
	   \-- fabric-permissions-api-v0 0.3.1
	- dw_magic_connect 0.4.3
	- emotecraft 2.2.7-b.build.50
	   \-- player-animator 1.0.2-rc1+1.20
	- entityculling 1.6.6
	- epherolib 1.2.0
	- fabric-api 0.92.9+1.20.1
	   |-- fabric-api-base 0.4.32+1802ada577
	   |-- fabric-api-lookup-api-v1 1.6.37+1802ada577
	   |-- fabric-biome-api-v1 13.0.15+93aa238b77
	   |-- fabric-block-api-v1 1.0.12+1802ada577
	   |-- fabric-block-view-api-v2 1.0.3+924f046a77
	   |-- fabric-command-api-v1 1.2.35+f71b366f77
	   |-- fabric-command-api-v2 2.2.14+1802ada577
	   |-- fabric-commands-v0 0.2.52+df3654b377
	   |-- fabric-containers-v0 0.1.68+df3654b377
	   |-- fabric-content-registries-v0 4.0.13+1802ada577
	   |-- fabric-convention-tags-v1 1.5.6+1802ada577
	   |-- fabric-crash-report-info-v1 0.2.20+1802ada577
	   |-- fabric-data-attachment-api-v1 1.0.2+de0fd6d177
	   |-- fabric-data-generation-api-v1 12.3.9+1802ada577
	   |-- fabric-dimensions-v1 2.1.55+1802ada577
	   |-- fabric-entity-events-v1 1.6.1+1c78457f77
	   |-- fabric-events-interaction-v0 0.6.6+13a40c6677
	   |-- fabric-events-lifecycle-v0 0.2.64+df3654b377
	   |-- fabric-game-rule-api-v1 1.0.41+1802ada577
	   |-- fabric-item-api-v1 2.1.29+1802ada577
	   |-- fabric-item-group-api-v1 4.0.14+1802ada577
	   |-- fabric-lifecycle-events-v1 2.2.23+1802ada577
	   |-- fabric-loot-api-v2 1.2.3+1802ada577
	   |-- fabric-loot-tables-v1 1.1.47+9e7660c677
	   |-- fabric-message-api-v1 5.1.10+1802ada577
	   |-- fabric-mining-level-api-v1 2.1.52+1802ada577
	   |-- fabric-networking-api-v1 1.3.15+0caff8d077
	   |-- fabric-networking-v0 0.3.55+df3654b377
	   |-- fabric-object-builder-api-v1 11.1.5+e35120df77
	   |-- fabric-particles-v1 1.1.3+1802ada577
	   |-- fabric-recipe-api-v1 1.0.25+1802ada577
	   |-- fabric-registry-sync-v0 2.4.1+4c0a70e677
	   |-- fabric-rendering-data-attachment-v1 0.3.39+92a0d36777
	   |-- fabric-rendering-fluids-v1 3.0.29+1802ada577
	   |-- fabric-resource-conditions-api-v1 2.3.9+1802ada577
	   |-- fabric-resource-loader-v0 0.11.12+fb82e9d777
	   |-- fabric-screen-handler-api-v1 1.3.34+1802ada577
	   |-- fabric-transfer-api-v1 3.3.6+8dd72ea377
	   \-- fabric-transitive-access-wideners-v1 4.3.2+1802ada577
	- fabric-language-kotlin 1.11.0+kotlin.2.0.0
	   |-- org_jetbrains_kotlin_kotlin-reflect 2.0.0
	   |-- org_jetbrains_kotlin_kotlin-stdlib 2.0.0
	   |-- org_jetbrains_kotlin_kotlin-stdlib-jdk7 2.0.0
	   |-- org_jetbrains_kotlin_kotlin-stdlib-jdk8 2.0.0
	   |-- org_jetbrains_kotlinx_atomicfu-jvm 0.24.0
	   |-- org_jetbrains_kotlinx_kotlinx-coroutines-core-jvm 1.8.1
	   |-- org_jetbrains_kotlinx_kotlinx-coroutines-jdk8 1.8.1
	   |-- org_jetbrains_kotlinx_kotlinx-datetime-jvm 0.6.0
	   |-- org_jetbrains_kotlinx_kotlinx-serialization-cbor-jvm 1.6.3
	   |-- org_jetbrains_kotlinx_kotlinx-serialization-core-jvm 1.6.3
	   \-- org_jetbrains_kotlinx_kotlinx-serialization-json-jvm 1.6.3
	- fabricloader 0.19.5
	   \-- mixinextras 0.5.5
	- farmersdelight 1.20.1-2.5.7+refabricated
	   |-- mm 2.3
	   |-- porting_lib_base 2.3.15+1.20.1
	   |    |-- porting_lib_accessors 2.3.15+1.20.1
	   |    |-- porting_lib_attributes 2.3.15+1.20.1
	   |    |-- porting_lib_common 2.3.15+1.20.1
	   |    |-- porting_lib_core 2.3.15+1.20.1
	   |    |-- porting_lib_entity 2.3.15+1.20.1
	   |    |-- porting_lib_extensions 2.3.15+1.20.1
	   |    |-- porting_lib_fluids 2.3.15+1.20.1
	   |    |-- porting_lib_gui_utils 2.3.15+1.20.1
	   |    |-- porting_lib_mixin_extensions 2.3.15+1.20.1
	   |    |-- porting_lib_tool_actions 2.3.15+1.20.1
	   |    |-- porting_lib_transfer 2.3.15+1.20.1
	   |    |-- porting_lib_utility 2.3.15+1.20.1
	   |    \-- reach-entity-attributes 2.4.0
	   |-- porting_lib_config 2.3.15+1.20.1
	   |    \-- porting_lib_core 2.3.15+1.20.1
	   |-- porting_lib_lazy_registration 2.3.15+1.20.1
	   |    \-- porting_lib_core 2.3.15+1.20.1
	   |-- porting_lib_loot 2.3.15+1.20.1
	   |    \-- porting_lib_core 2.3.15+1.20.1
	   |-- porting_lib_networking 2.3.15+1.20.1
	   |    \-- porting_lib_core 2.3.15+1.20.1
	   \-- porting_lib_recipe_book_categories 2.3.15+1.20.1
	        \-- porting_lib_core 2.3.15+1.20.1
	- ferritecore 6.0.1
	- forgeconfigapiport 8.0.0
	- ftbessentials 2001.2.2
	- ftblibrary 2001.2.4
	- fwext 1.1
	- geckolib 4.4.9
	   \-- com_eliotlash_mclib_mclib 20
	- glitchcore 0.0.1.1
	   |-- com_electronwill_night-config_core 3.6.7
	   |-- com_electronwill_night-config_toml 3.6.7
	   \-- net_jodah_typetools 0.6.3
	- grapplemod 1.20-v1.8
	- handcrafted 3.0.6
	- heartymeals 1.20-7
	   |-- cardinal-components-base 5.2.2
	   \-- cardinal-components-entity 5.2.2
	- hwg 2.0.2
	- immersive_armors 1.6.1+1.20.1
	- immersive_melodies 0.3.0+1.20.1
	- immersive_portals 5.2.0
	   |-- imm_ptl_core 5.2.0
	   \-- q_misc_util 5.2.0
	- jade 11.13.3+fabric
	- java 17
	- jei 15.8.2.25
	- kubejs 2001.6.5-build.14
	- lithium 0.11.2
	- lithostitched 1.3.1
	- magic_vibe_decorations 1.7.0
	- mcwfences 1.1.2
	- mcwlights 1.1.1
	- mcwpaths 1.0.5
	- midnightlib 1.4.1
	- minecraft 1.20.1
	- moonlight 1.20-2.16.35
	   \-- mixinsquared 0.1.1
	- mutantmonsters 8.0.7
	   |-- cardinal-components-base 5.2.2
	   |-- cardinal-components-entity 5.2.2
	   \-- extensibleenums 7.0.1
	- naturalist 4.0.3
	- octolib 0.4.2
	   \-- org_yaml_snakeyaml 2.2
	- opf 1
	- owo 0.11.2+1.20
	   \-- blue_endless_jankson 1.2.2
	- pehkui 3.8.3+1.14.4-1.21
	   \-- kanos_config 0.4.1+1.14.4-1.19.4
	- poolbilliards 0.1.14
	- probejs 6.0.1
	   |-- com_github_javaparser_javaparser-symbol-solver-core 3.25.8
	   |-- org_java-websocket_java-websocket 1.5.6
	   \-- org_vineflower_vineflower 1.9.3
	- puzzleslib 8.1.21
	   \-- puzzlesaccessapi 8.0.7
	- renameit 1.5.0+1.20.1
	   |-- placeholder-api 2.1.2+1.20.1
	   \-- server_translations_api 2.0.0+1.20
	        \-- packet_tweaker 0.4.0+1.19.4
	- resourcefullib 2.1.29
	   |-- com_teamresourceful_bytecodecs 1.0.2
	   \-- com_teamresourceful_yabn 1.0.3
	- rhino 2001.2.2-build.18
	- rpchat 0.1.16
	- rpchatui 0.3.7
	- rpcontainers 0.1.1
	- simplyswords 1.56.0-1.20.1
	- smartbrainlib 1.15
	- soulreaver 1.0.0
	- starlight 1.1.2+fabric.dbc156f
	- supplementaries 1.20-3.1.43
	   \-- mixinsquared 0.1.1
	- sushi_bar 0.2.2+1.20
	   \-- com_moulberry_mixinconstraints 1.0.1
	- tabletop 0.1.0
	   \-- javazoom_jlayer 1.0.1
	- terrablender 3.0.1.7
	   |-- com_electronwill_night-config_core 3.6.7
	   \-- com_electronwill_night-config_toml 3.6.7
	- textile_backup 3.1.2-1.20
	   |-- com_github_shevek_parallelgzip af5f5c297e735f3f2df7aa4eb0e19a5810b8aff6
	   |-- org_apache_commons_commons-compress 1.22
	   \-- org_tukaani_xz 1.9
	- walljump 1.20.1-1.2.1-fabric
	   |-- configlibtxf 4.2.1-fabric
	   \-- keybindfixtxf 1.1.0
	- worldedit 7.2.15+6463-5ca4dff
	- yet_another_config_lib_v3 3.5.0+1.20.1-fabric
	   |-- com_twelvemonkeys_common_common-image 3.10.0
	   |-- com_twelvemonkeys_common_common-io 3.10.0
	   |-- com_twelvemonkeys_common_common-lang 3.10.0
	   |-- com_twelvemonkeys_imageio_imageio-core 3.10.0
	   |-- com_twelvemonkeys_imageio_imageio-metadata 3.10.0
	   |-- com_twelvemonkeys_imageio_imageio-webp 3.10.0
	   |-- org_quiltmc_parsers_gson 0.2.1
	   \-- org_quiltmc_parsers_json 0.2.1
	- yuushya 2.2.3-rp-final.1
[15:57:41] [main/INFO]: SpongePowered MIXIN Subsystem Version=0.8.7 Source=file:/C:/Users/vakir/.codex/worktrees/3f07/DW/bloodborne%20complete/build/runtime-server-first-set-scene-full-server-v7/libraries/net/fabricmc/sponge-mixin/0.17.4+mixin.0.8.7/sponge-mixin-0.17.4+mixin.0.8.7.jar Service=Knot/Fabric Env=SERVER
[15:57:42] [main/WARN]: Reference map 'cave_dweller.refmap.json' for cave_dweller.mixins.json could not be read. If this is a development environment you can ignore this message
[15:57:42] [main/WARN]: Reference map 'chisels-and-bits-fabric-refmap.json' for chiselsandbits.mixins.json could not be read. If this is a development environment you can ignore this message
[15:57:42] [main/WARN]: Reference map 'farmersdelight.refmap.json' for farmersdelight.mixins.json could not be read. If this is a development environment you can ignore this message
[15:57:42] [main/INFO]: Loaded configuration file for Lithium: 115 options available, 7 override(s) found
[15:57:42] [main/WARN]: Reference map 'OctoLib-COMMON-common-refmap.json' for octolib.mixins.json could not be read. If this is a development environment you can ignore this message
[15:57:42] [main/WARN]: Reference map 'simplyswords-fabric-refmap.json' for simplyswords.mixins.json could not be read. If this is a development environment you can ignore this message
[15:57:42] [main/WARN]: Error loading class: net/minecraft/class_881 (java.lang.ClassNotFoundException: net/minecraft/class_881)
[15:57:42] [main/WARN]: @Mixin target net.minecraft.class_881 was not found porting_lib_base.mixins.json:client.BoatRendererMixin from mod porting_lib_base
[15:57:42] [main/WARN]: Error loading class: net/minecraft/class_525 (java.lang.ClassNotFoundException: net/minecraft/class_525)
[15:57:42] [main/WARN]: @Mixin target net.minecraft.class_525 was not found porting_lib_base.mixins.json:client.CreateWorldScreenMixin from mod porting_lib_base
[15:57:43] [main/WARN]: Error loading class: net/minecraft/class_906 (java.lang.ClassNotFoundException: net/minecraft/class_906)
[15:57:43] [main/WARN]: @Mixin target net.minecraft.class_906 was not found porting_lib_tool_actions.mixins.json:FishingHookRendererMixin from mod porting_lib_tool_actions
[15:57:43] [main/WARN]: Error loading class: net/minecraft/class_465 (java.lang.ClassNotFoundException: net/minecraft/class_465)
[15:57:43] [main/WARN]: @Mixin target net.minecraft.class_465 was not found creativecore.fabric.mixins.json:AbstractContainerScreenMixin from mod creativecore
[15:57:43] [main/WARN]: Error loading class: net/minecraft/class_759 (java.lang.ClassNotFoundException: net/minecraft/class_759)
[15:57:43] [main/WARN]: @Mixin target net.minecraft.class_759 was not found hwg.mixins.json:HeldItemRendererMixin from mod hwg
[15:57:43] [main/WARN]: Force-disabling mixin 'ai.task.memory_change_counting.BrainMixin' as rule 'mixin.ai.task.memory_change_counting' (added by mods [smartbrainlib]) disables it and children
[15:57:43] [main/WARN]: Force-disabling mixin 'ai.task.memory_change_counting.MultiTickTaskMixin' as rule 'mixin.ai.task.memory_change_counting' (added by mods [smartbrainlib]) disables it and children
[15:57:43] [main/WARN]: Force-disabling mixin 'alloc.blockstate.StateMixin' as rule 'mixin.alloc.blockstate' (added by mods [ferritecore]) disables it and children
[15:57:43] [main/WARN]: Force-enabling mixin 'block.hopper.worldedit_compat.WorldChunkMixin' as rule 'mixin.block.hopper.worldedit_compat' (added by mods [lithium-fabric]) enables it
[15:57:43] [main/WARN]: Force-disabling mixin 'block.moving_block_shapes.PistonBlockEntityMixin' as rule 'mixin.block.moving_block_shapes' (added by mods [supplementaries]) disables it and children
[15:57:43] [main/WARN]: Force-disabling mixin 'block.moving_block_shapes.VoxelShapeMixin' as rule 'mixin.block.moving_block_shapes' (added by mods [supplementaries]) disables it and children
[15:57:43] [main/WARN]: Force-disabling mixin 'world.combined_heightmap_update.HeightmapAccessor' as rule 'mixin.world.combined_heightmap_update' (added by mods [imm_ptl_core]) disables it and children
[15:57:43] [main/WARN]: Force-disabling mixin 'world.combined_heightmap_update.WorldChunkMixin' as rule 'mixin.world.combined_heightmap_update' (added by mods [imm_ptl_core]) disables it and children
[15:57:43] [main/WARN]: Force-disabling mixin 'world.player_chunk_tick.ThreadedAnvilChunkStorageMixin' as rule 'mixin.world.player_chunk_tick' (added by mods [imm_ptl_core]) disables it and children
[15:57:43] [main/WARN]: @Mixin target net.minecraft.class_525 was not found moonlight.mixins.json:CreateWorldScreenMixin from mod moonlight
[15:57:43] [main/WARN]: Error loading class: fr/catcore/server/translations/api/resource/language/SystemDelegatedLanguage (java.lang.ClassNotFoundException: fr/catcore/server/translations/api/resource/language/SystemDelegatedLanguage)
[15:57:43] [main/WARN]: Error loading class: me/jellysquid/mods/sodium/client/render/chunk/compile/pipeline/FluidRenderer (java.lang.ClassNotFoundException: me/jellysquid/mods/sodium/client/render/chunk/compile/pipeline/FluidRenderer)
[15:57:44] [main/WARN]: Error loading class: dev/ftb/mods/ftbchunks/client/gui/LargeMapScreen (java.lang.ClassNotFoundException: dev/ftb/mods/ftbchunks/client/gui/LargeMapScreen)
[15:57:44] [main/WARN]: @Mixin target dev.ftb.mods.ftbchunks.client.gui.LargeMapScreen was not found create.mixins.json:compat.ftbchunks.LargeMapScreenAccessor from mod create
[15:57:44] [main/WARN]: Error loading class: dev/ftb/mods/ftbchunks/client/gui/RegionMapPanel (java.lang.ClassNotFoundException: dev/ftb/mods/ftbchunks/client/gui/RegionMapPanel)
[15:57:44] [main/WARN]: @Mixin target dev.ftb.mods.ftbchunks.client.gui.RegionMapPanel was not found create.mixins.json:compat.ftbchunks.RegionMapPanelAccessor from mod create
Simply Swords loot_config is missing. Creating fresh config file now.
[15:57:44] [main/INFO]: Initializing MixinExtras via com.llamalad7.mixinextras.service.MixinExtrasServiceImpl(version=0.5.5).
[15:57:46] [main/WARN]: Method overwrite conflict for getLanguage in worldedit-fabric.mixins.json:MixinServerPlayer from mod worldedit, previously written by com.epherical.epherolib.mixin.ServerPlayerMixin. Skipping method.
[15:57:53] [main/INFO]: Loaded config amendments-common.json
[15:57:54] [main/WARN]: Configuration file .\config\armourers_workshop-common.toml is not correct. Correcting
[15:57:54] [main/WARN]: Incorrect key general was corrected from null to its default, SimpleCommentedConfig:{}. 
[15:57:54] [main/WARN]: Incorrect key general.maxUndos was corrected from null to its default, 100. 
[15:57:54] [main/WARN]: Incorrect key general.blockTaskRate was corrected from null to its default, 10. 
[15:57:54] [main/WARN]: Incorrect key general.lockDyesOnSkins was corrected from null to its default, false. 
[15:57:54] [main/WARN]: Incorrect key general.instancedDyeTable was corrected from null to its default, false. 
[15:57:54] [main/WARN]: Incorrect key general.enableProtocolCheck was corrected from null to its default, true. 
[15:57:54] [main/WARN]: Incorrect key general.enablePermissionCheck was corrected from null to its default, true. 
[15:57:54] [main/WARN]: Incorrect key general.serverModelSendRate was corrected from null to its default, 4000. 
[15:57:54] [main/WARN]: Incorrect key general.serverCompressesSkins was corrected from null to its default, true. 
[15:57:54] [main/WARN]: Incorrect key general.enableEmbeddedSkinRenderer was corrected from null to its default, 0. 
[15:57:54] [main/WARN]: Incorrect key general.enableFirstPersonSkinRenderer was corrected from null to its default, 0. 
[15:57:54] [main/WARN]: Incorrect key wardrobe was corrected from null to its default, SimpleCommentedConfig:{}. 
[15:57:54] [main/WARN]: Incorrect key wardrobe.allowOpening was corrected from null to its default, true. 
[15:57:54] [main/WARN]: Incorrect key wardrobe.enableSkinTab was corrected from null to its default, true. 
[15:57:54] [main/WARN]: Incorrect key wardrobe.enableOutfitTab was corrected from null to its default, true. 
[15:57:54] [main/WARN]: Incorrect key wardrobe.enableDisplayTab was corrected from null to its default, true. 
[15:57:54] [main/WARN]: Incorrect key wardrobe.enableColourTab was corrected from null to its default, true. 
[15:57:54] [main/WARN]: Incorrect key wardrobe.enableDyeTab was corrected from null to its default, true. 
[15:57:54] [main/WARN]: Incorrect key wardrobe.onlySkinIntoSlots was corrected from null to its default, false. 
[15:57:54] [main/WARN]: Incorrect key wardrobe.mobStartingSlots was corrected from null to its default, 3. 
[15:57:54] [main/WARN]: Incorrect key wardrobe.playerStartingSlots was corrected from null to its default, 3. 
[15:57:54] [main/WARN]: Incorrect key wardrobe.playerDropSkinsOnDeath was corrected from null to its default, 0. 
[15:57:54] [main/WARN]: Incorrect key library was corrected from null to its default, SimpleCommentedConfig:{}. 
[15:57:54] [main/WARN]: Incorrect key library.allowDownloadingSkins was corrected from null to its default, false. 
[15:57:54] [main/WARN]: Incorrect key library.allowUploadingSkins was corrected from null to its default, true. 
[15:57:54] [main/WARN]: Incorrect key library.extractOfficialSkins was corrected from null to its default, true. 
[15:57:54] [main/WARN]: Incorrect key library.allowPreviewSkins was corrected from null to its default, true. 
[15:57:54] [main/WARN]: Incorrect key library.allowManageSkins was corrected from null to its default, false. 
[15:57:54] [main/WARN]: Incorrect key library.skinServerURLs was corrected from null to its default, []. 
[15:57:54] [main/WARN]: Incorrect key database was corrected from null to its default, SimpleCommentedConfig:{}. 
[15:57:54] [main/WARN]: Incorrect key database.skin was corrected from null to its default, . 
[15:57:54] [main/WARN]: Incorrect key holiday-events was corrected from null to its default, SimpleCommentedConfig:{}. 
[15:57:54] [main/WARN]: Incorrect key holiday-events.disableAllHolidayEvents was corrected from null to its default, false. 
[15:57:54] [main/WARN]: Incorrect key cache was corrected from null to its default, SimpleCommentedConfig:{}. 
[15:57:54] [main/WARN]: Incorrect key cache.expireTime was corrected from null to its default, 6000. 
[15:57:54] [main/WARN]: Incorrect key cache.maxSize was corrected from null to its default, 2000. 
[15:57:54] [main/WARN]: Incorrect key overrides was corrected from null to its default, SimpleCommentedConfig:{}. 
[15:57:54] [main/WARN]: Incorrect key overrides.itemOverrides was corrected from null to its default, []. 
[15:57:54] [main/WARN]: Incorrect key overrides.enableMatchingByItemId was corrected from null to its default, true. 
[15:57:54] [main/WARN]: Incorrect key overrides.matchingBlacklistByItemId was corrected from null to its default, []. 
[15:57:54] [main/INFO]: Registered azurelib config for auto-sync function
[15:57:54] [main/INFO]: Dreamwalker BB source-backed prototype checkpoint; final catalog IDs are not frozen
[15:57:57] [main/INFO]: Bloodborne RP initialized: standard Minecraft health; independent namespace
[15:57:57] [main/ERROR]: No data fixer registered for life_orb
[15:57:57] [main/ERROR]: No data fixer registered for thrown_life_bottle
[15:57:57] [main/ERROR]: No data fixer registered for cave_dweller:cave_dweller
[15:57:57] [main/INFO]: Initialized chisels-and-bits for Fabric
[15:57:57] [main/INFO]: Initializing ConstructionDecoMod
[15:57:57] [main/INFO]: Customizable Player Models Initialized
[15:57:57] [main/INFO]: Customizable Player Models API initialized: Loaded plugins: (1)
	cnpc_cpm

[15:58:00] [main/INFO]: Reflections took 2425 ms to scan 251 urls, producing 13318 keys and 81090 values
[15:58:03] [main/INFO]: Create 6.0.8.1 initializing!
[15:58:05] [main/WARN]: Configuration file .\config\create-common.toml is not correct. Correcting
[15:58:05] [main/WARN]: Incorrect key worldgen was corrected from null to its default, SimpleCommentedConfig:{}. 
[15:58:05] [main/WARN]: Incorrect key worldgen.disableWorldGen was corrected from null to its default, false. 
[15:58:05] [main/WARN]: Configuration file .\config\create-client.toml is not correct. Correcting
[15:58:05] [main/WARN]: Incorrect key client was corrected from null to its default, SimpleCommentedConfig:{}. 
[15:58:05] [main/WARN]: Incorrect key client.enableTooltips was corrected from null to its default, true. 
[15:58:05] [main/WARN]: Incorrect key client.enableOverstressedTooltip was corrected from null to its default, true. 
[15:58:05] [main/WARN]: Incorrect key client.explainRenderErrors was corrected from null to its default, false. 
[15:58:05] [main/WARN]: Incorrect key client.fanParticleDensity was corrected from null to its default, 0.5. 
[15:58:05] [main/WARN]: Incorrect key client.filterItemRenderDistance was corrected from null to its default, 10.0. 
[15:58:05] [main/WARN]: Incorrect key client.mainMenuConfigButtonRow was corrected from null to its default, 2. 
[15:58:05] [main/WARN]: Incorrect key client.mainMenuConfigButtonOffsetX was corrected from null to its default, -4. 
[15:58:05] [main/WARN]: Incorrect key client.ingameMenuConfigButtonRow was corrected from null to its default, 3. 
[15:58:05] [main/WARN]: Incorrect key client.ingameMenuConfigButtonOffsetX was corrected from null to its default, -4. 
[15:58:05] [main/WARN]: Incorrect key client.ignoreFabulousWarning was corrected from null to its default, false. 
[15:58:05] [main/WARN]: Incorrect key client.rotateWhenSeated was corrected from null to its default, true. 
[15:58:05] [main/WARN]: Incorrect key client.fluidUnitType was corrected from null to its default, MILLIBUCKETS. 
[15:58:05] [main/WARN]: Incorrect key client.simplifyFluidUnit was corrected from null to its default, true. 
[15:58:05] [main/WARN]: Incorrect key client.toolboxHotbarOverlayOffset was corrected from null to its default, 0. 
[15:58:05] [main/WARN]: Incorrect key client.fluidFogSettings was corrected from null to its default, SimpleCommentedConfig:{}. 
[15:58:05] [main/WARN]: Incorrect key client.fluidFogSettings.honey was corrected from null to its default, 1.0. 
[15:58:05] [main/WARN]: Incorrect key client.fluidFogSettings.chocolate was corrected from null to its default, 1.0. 
[15:58:05] [main/WARN]: Incorrect key client.goggleOverlay was corrected from null to its default, SimpleCommentedConfig:{}. 
[15:58:05] [main/WARN]: Incorrect key client.goggleOverlay.overlayOffsetX was corrected from null to its default, 20. 
[15:58:05] [main/WARN]: Incorrect key client.goggleOverlay.overlayOffsetY was corrected from null to its default, 0. 
[15:58:05] [main/WARN]: Incorrect key client.goggleOverlay.customColorsOverlay was corrected from null to its default, false. 
[15:58:05] [main/WARN]: Incorrect key client.goggleOverlay.customBackgroundOverlay was corrected from null to its default, -267386864. 
[15:58:05] [main/WARN]: Incorrect key client.goggleOverlay.customBorderTopOverlay was corrected from null to its default, 1347420415. 
[15:58:05] [main/WARN]: Incorrect key client.goggleOverlay.customBorderBotOverlay was corrected from null to its default, 1344798847. 
[15:58:05] [main/WARN]: Incorrect key client.sound was corrected from null to its default, SimpleCommentedConfig:{}. 
[15:58:05] [main/WARN]: Incorrect key client.sound.enableAmbientSounds was corrected from null to its default, true. 
[15:58:05] [main/WARN]: Incorrect key client.sound.ambientVolumeCap was corrected from null to its default, 0.10000000149011612. 
[15:58:05] [main/WARN]: Incorrect key client.jeiIntegration was corrected from null to its default, SimpleCommentedConfig:{}. 
[15:58:05] [main/WARN]: Incorrect key client.jeiIntegration.syncJeiSearch was corrected from null to its default, true. 
[15:58:05] [main/WARN]: Incorrect key client.trains was corrected from null to its default, SimpleCommentedConfig:{}. 
[15:58:05] [main/WARN]: Incorrect key client.trains.mountedZoomMultiplier was corrected from null to its default, 3.0. 
[15:58:05] [main/WARN]: Incorrect key client.trains.showTrackGraphOnF3 was corrected from null to its default, false. 
[15:58:05] [main/WARN]: Incorrect key client.trains.showExtendedTrackGraphOnF3 was corrected from null to its default, false. 
[15:58:05] [main/WARN]: Incorrect key client.trains.showTrainMapOverlay was corrected from null to its default, true. 
[15:58:05] [main/WARN]: Incorrect key client.trains.trainMapColorTheme was corrected from null to its default, RED. 
[15:58:06] [main/INFO]: Creating default config file: croptopia_v3.conf
[15:58:06] [main/INFO]: Created directory for: C:\Users\vakir\.codex\worktrees\3f07\DW\bloodborne complete\build\runtime-server-first-set-scene-full-server-v7\config\croptopia
[15:58:06] [main/ERROR]: No data fixer registered for tileblockanvil
[15:58:06] [main/ERROR]: No data fixer registered for tilenpcborder
[15:58:06] [main/ERROR]: No data fixer registered for tilenpcbuilder
[15:58:06] [main/ERROR]: No data fixer registered for tilenpccopy
[15:58:06] [main/ERROR]: No data fixer registered for tilemailbox
[15:58:06] [main/ERROR]: No data fixer registered for tileredstoneblock
[15:58:06] [main/ERROR]: No data fixer registered for tilenpcscripted
[15:58:06] [main/ERROR]: No data fixer registered for tilenpcscripteddoor
[15:58:06] [main/ERROR]: No data fixer registered for tilewaypoint
[15:58:06] [main/ERROR]: No data fixer registered for customnpcs:npcpony
[15:58:06] [main/ERROR]: No data fixer registered for customnpcs:npccrystal
[15:58:06] [main/ERROR]: No data fixer registered for customnpcs:npcslime
[15:58:06] [main/ERROR]: No data fixer registered for customnpcs:npcdragon
[15:58:06] [main/ERROR]: No data fixer registered for customnpcs:npcgolem
[15:58:06] [main/ERROR]: No data fixer registered for customnpcs:customnpc
[15:58:06] [main/ERROR]: No data fixer registered for customnpcs:customnpc64x32
[15:58:06] [main/ERROR]: No data fixer registered for customnpcs:customnpcalex
[15:58:06] [main/ERROR]: No data fixer registered for customnpcs:customnpcclassic
[15:58:06] [main/ERROR]: No data fixer registered for customnpcs:customnpcchairmount
[15:58:06] [main/ERROR]: No data fixer registered for customnpcs:customnpcprojectile
[15:58:06][FINE/customnpcs][noppes.npcs.shared.common.util.LogWriter:62] Wed Oct 07 15:58:06 EEST 2026
[15:58:06][FINE/customnpcs][noppes.npcs.controllers.ScriptController:54] Script Engines Available:
[15:58:07][FINE/customnpcs][noppes.npcs.controllers.ScriptController:116] ECMAScript: .js
[15:58:07] [main/INFO]: Constructing common components for diagonalblocks:main
[15:58:07] [main/INFO]: Constructing common components for diagonalfences:main
[15:58:07] [main/INFO]: Constructing shapes for DiagonalFenceBlock[NodeWidth=2.0,ExtensionWidth=2.0,NodeTop=24.0,ExtensionBottom=0.0,ExtensionTop=24.0] took 36ms
[15:58:07] [main/INFO]: Constructing shapes for DiagonalFenceBlock[NodeWidth=2.0,ExtensionWidth=2.0,NodeTop=16.0,ExtensionBottom=0.0,ExtensionTop=16.0] took 26ms
[15:58:07] [main/INFO]: Constructing shapes for DiagonalFenceBlock[NodeWidth=2.0,ExtensionWidth=1.0,NodeTop=16.0,ExtensionBottom=6.0,ExtensionTop=15.0] took 85ms
[15:58:08] [main/ERROR]: No data fixer registered for rotten_tomato
[15:58:08] [main/INFO]: Registering C2S receiver with id ftblibrary:edit_nbt_response
[15:58:08] [main/ERROR]: No data fixer registered for biomesoplenty:boat
[15:58:08] [main/ERROR]: No data fixer registered for biomesoplenty:chest_boat
[15:58:08] [main/ERROR]: No data fixer registered for anomaly
[15:58:09] [main/ERROR]: No data fixer registered for handcrafted
[15:58:09] [main/INFO]: Registered hwg config for auto-sync function
[15:58:09] [main/INFO]: Loading Immersive Portals config
[15:58:09] [main/INFO]: IP Config Applied
[15:58:09] [main/INFO]: Immersive Portals Mod Initializing
[15:58:09] [main/INFO]: Dimensional Threading is not present
[15:58:09] [main/INFO]: Pehkui is present
[15:58:09] [main/INFO]: Gravity API is not present
[15:58:10] [main/INFO]: Loaded common.properties
[15:58:10] [main/INFO]: Loaded dev.properties
[15:58:10] [main/INFO]: Looking for KubeJS plugins...
[15:58:10] [main/INFO]: Found plugin source kubejs
[15:58:10] [main/WARN]: Plugin dev.latvian.mods.kubejs.fabric.BuiltinKubeJSFabricClientPlugin does not load on server side, skipping
[15:58:10] [main/INFO]: Found plugin source probejs
[15:58:10] [main/INFO]: Done in 21.95 ms
[15:58:10] [main/INFO]: Loading Rhino Minecraft remapper...
[15:58:10] [main/INFO]: Rhino properties loaded.
[15:58:10] [main/INFO]: Loading mappings for 1.20.1
[15:58:10] [main/INFO]: Done in 0,098 s
[15:58:10] [main/INFO]: [STDERR]: [Rhino] Failed to get declared methods for dev.latvian.mods.kubejs.bindings.KMath: java.lang.NoClassDefFoundError: net/minecraft/class_4587
[15:58:10] [main/INFO]: example.js#5: Hello, World! (Loaded startup scripts)
[15:58:10] [main/INFO]: Loaded script startup_scripts:example.js in 0.061 s
[15:58:10] [main/INFO]: Loaded 1/1 KubeJS startup scripts in 0.457 s with 0 errors and 0 warnings
[15:58:10] [main/INFO]: Registering C2S receiver with id kubejs:send_data_from_client
[15:58:10] [main/INFO]: Registering C2S receiver with id kubejs:first_click
[15:58:11] [main/INFO]: Initializing MagicVibeDecorationsMod
[15:58:12] [main/INFO]: Definitely not up to no good
[15:58:12] [main/INFO]: Loaded config moonlight-common.json
[15:58:12] [main/ERROR]: No data fixer registered for creeper_minion
[15:58:12] [main/ERROR]: No data fixer registered for mutant_creeper
[15:58:12] [main/ERROR]: No data fixer registered for mutant_enderman
[15:58:12] [main/ERROR]: No data fixer registered for mutant_skeleton
[15:58:12] [main/ERROR]: No data fixer registered for mutant_snow_golem
[15:58:12] [main/ERROR]: No data fixer registered for mutant_zombie
[15:58:12] [main/ERROR]: No data fixer registered for spider_pig
[15:58:12] [main/ERROR]: No data fixer registered for body_part
[15:58:12] [main/ERROR]: No data fixer registered for creeper_minion_egg
[15:58:12] [main/ERROR]: No data fixer registered for endersoul_clone
[15:58:12] [main/ERROR]: No data fixer registered for endersoul_fragment
[15:58:12] [main/ERROR]: No data fixer registered for throwable_block
[15:58:12] [main/INFO]: Constructing common components for mutantmonsters:main
[15:58:12] [main/WARN]: Configuration file .\config\mutantmonsters-common.toml is not correct. Correcting
[15:58:12] [main/WARN]: Incorrect key mutant_creeper_spawn_weight was corrected from null to its default, 0.05. 
[15:58:12] [main/WARN]: Incorrect key mutant_enderman_spawn_weight was corrected from null to its default, 0.05. 
[15:58:12] [main/WARN]: Incorrect key mutant_skeleton_spawn_weight was corrected from null to its default, 0.05. 
[15:58:12] [main/WARN]: Incorrect key mutant_zombie_spawn_weight was corrected from null to its default, 0.05. 
[15:58:12] [main/INFO]: Loading common config for mutantmonsters
[15:58:12] [main/INFO]: yes this is a tip
[15:58:13] [main/WARN]: Configuration file .\config\ponder-client.toml is not correct. Correcting
[15:58:13] [main/WARN]: Incorrect key comfyReading was corrected from null to its default, false. 
[15:58:13] [main/WARN]: Incorrect key editingMode was corrected from null to its default, false. 
[15:58:13] [main/WARN]: Incorrect key placementAssist was corrected from null to its default, SimpleCommentedConfig:{}. 
[15:58:13] [main/WARN]: Incorrect key placementAssist.indicatorType was corrected from null to its default, TEXTURE. 
[15:58:13] [main/WARN]: Incorrect key placementAssist.indicatorScale was corrected from null to its default, 1.0. 
[15:58:13] [main/INFO]: Constructing common components for puzzleslib:main
[15:58:13] [main/INFO]: 

[RenameIt:DONE] RenameIt is loaded, have fun!

[15:58:13] [main/INFO]: Initialized Saecularia-Caudices
[15:58:13] [main/ERROR]: Could not resolve configuration key: settings.bit-bag.invert-durability-bar-indication in: chiselsandbits-client
[15:58:13] [main/ERROR]: Could not resolve configuration key: settings.placement.render-mode.success in: chiselsandbits-client
[15:58:13] [main/ERROR]: Could not resolve configuration key: settings.placement.render-mode.failed in: chiselsandbits-client
[15:58:13] [main/ERROR]: Could not resolve configuration key: settings.placement.color.success in: chiselsandbits-client
[15:58:13] [main/ERROR]: Could not resolve configuration key: settings.placement.color.not-fitting in: chiselsandbits-client
[15:58:13] [main/ERROR]: Could not resolve configuration key: settings.placement.color.missing-bits-or-space in: chiselsandbits-client
[15:58:13] [main/ERROR]: Could not resolve configuration key: settings.chiseling-previews.default.colors.chiseling in: chiselsandbits-client
[15:58:13] [main/ERROR]: Could not resolve configuration key: settings.chiseling-previews.default.colors.placement in: chiselsandbits-client
[15:58:13] [main/ERROR]: Could not resolve configuration key: settings.chiseling-previews.renderer in: chiselsandbits-client
[15:58:13] [main/ERROR]: Could not resolve configuration key: settings.chiseling-previews.debug.enabled in: chiselsandbits-client
[15:58:13] [main/ERROR]: Could not resolve configuration key: settings.chiseling-previews.debug.mutator.colors.chiseling in: chiselsandbits-client
[15:58:13] [main/ERROR]: Could not resolve configuration key: settings.chiseling-previews.debug.mutator.colors.placement in: chiselsandbits-client
[15:58:13] [main/ERROR]: Could not resolve configuration key: settings.selected-tool-mode-icons.renderer in: chiselsandbits-client
[15:58:13] [main/ERROR]: Could not resolve configuration key: settings.invert-pick-block-behaviour in: chiselsandbits-client
[15:58:13] [main/ERROR]: Could not resolve configuration key: settings.clipboard.size in: chiselsandbits-client
[15:58:13] [main/ERROR]: Could not resolve configuration key: settings.clipboard.add-broken-blocks in: chiselsandbits-client
[15:58:13] [main/ERROR]: Could not resolve configuration key: settings.clipboard.add-picked-blocks in: chiselsandbits-client
[15:58:13] [main/ERROR]: Could not resolve configuration key: settings.patterns.export-path in: chiselsandbits-client
[15:58:13] [main/ERROR]: Could not resolve configuration key: performance.caches.sizes.bit-storage-content-models in: chiselsandbits-client
[15:58:13] [main/ERROR]: Could not resolve configuration key: performance.lighting.extract-lighting-values-from-faces in: chiselsandbits-client
[15:58:13] [main/ERROR]: Could not resolve configuration key: performance.lighting.extract-lighting-values-from-blockstates in: chiselsandbits-client
[15:58:13] [main/ERROR]: Could not resolve configuration key: gui.radial-menu.display-mouse-indicator in: chiselsandbits-client
[15:58:13] [main/ERROR]: Could not resolve configuration key: performance.caches.sizes.block-models in: chiselsandbits-client
[15:58:13] [main/ERROR]: Could not resolve configuration key: performance.caches.sizes.block-faces in: chiselsandbits-client
[15:58:13] [main/ERROR]: Could not resolve configuration key: performance.caches.sizes.cull-testing in: chiselsandbits-client
[15:58:13] [main/ERROR]: Could not resolve configuration key: performance.model-building.thread-count in: chiselsandbits-client
[15:58:13] [main/ERROR]: Could not resolve configuration key: performance.caches.sizes.stack-models in: chiselsandbits-client
[15:58:13] [main/ERROR]: Could not resolve configuration key: settings.warnings.show-cool-down-error in: chiselsandbits-client
[15:58:13] [main/ERROR]: Could not resolve configuration key: settings.interactions.scrolling-changes-mode in: chiselsandbits-client
[15:58:13] [main/ERROR]: Could not resolve configuration key: help.enabled-in-tooltips in: chiselsandbits-common
[15:58:13] [main/ERROR]: Could not resolve configuration key: performance.caches.sizes.collision-boxes in: chiselsandbits-common
[15:58:13] [main/ERROR]: Could not resolve configuration key: performance.caches.sizes.class-metadata in: chiselsandbits-common
[15:58:13] [main/ERROR]: Could not resolve configuration key: performance.saving.thread-count in: chiselsandbits-common
[15:58:14] [main/ERROR]: Could not resolve configuration key: balancing.blacklist-random-ticking-blocks in: chiselsandbits-server
[15:58:14] [main/ERROR]: Could not resolve configuration key: balancing.enable-compatibility-mode in: chiselsandbits-server
[15:58:14] [main/ERROR]: Could not resolve configuration key: balancing.bit-bag-stack-size in: chiselsandbits-server
[15:58:14] [main/ERROR]: Could not resolve configuration key: style.bit-size in: chiselsandbits-server
[15:58:14] [main/ERROR]: Could not resolve configuration key: balancing.change-tracker-size in: chiselsandbits-server
[15:58:14] [main/ERROR]: Could not resolve configuration key: balancing.delete-excess-bits in: chiselsandbits-server
[15:58:14] [main/ERROR]: Could not resolve configuration key: balancing.light-factor-multiplier in: chiselsandbits-server
[15:58:14] [main/INFO]: Loaded block entity configuration.
[15:58:14] [main/INFO]: Loaded block configuration.
[15:58:14] [main/INFO]: Loaded chisel mode group configuration.
[15:58:14] [main/INFO]: Loaded chisel mode configuration.
[15:58:14] [main/INFO]: Loaded container type configuration.
[15:58:14] [main/INFO]: Loaded item group configuration.
[15:58:14] [main/INFO]: Loaded item configuration.
[15:58:14] [main/INFO]: Loaded metadata key configuration.
[15:58:14] [main/INFO]: Loaded model property configuration.
[15:58:14] [main/INFO]: Loaded modification operation configuration.
[15:58:14] [main/INFO]: Loaded modification operation group configuration.
[15:58:14] [main/INFO]: Loaded pattern placement type configuration.
[15:58:14] [main/INFO]: Loaded recipe serializer configuration.
[15:58:14] [main/INFO]: Loaded tag configuration.
[15:58:14] [main/INFO]: Registering recipe types.
[15:58:14] [main/INFO]: Registering event handlers
[15:58:19] [main/INFO]: Initialized scena-fabric
[15:58:19] [main/ERROR]: No data fixer registered for battlestandard
[15:58:19] [main/ERROR]: No data fixer registered for battlestandarddark
[15:58:19] [main/ERROR]: No data fixer registered for simplyswords:simplybeeentity
[15:58:19] [main/INFO]: [STDOUT]: C:\Users\vakir\.codex\worktrees\3f07\DW\bloodborne complete\build\runtime-server-first-set-scene-full-server-v7\config
[15:58:19] [main/INFO]: Loaded config supplementaries-common.json
[15:58:19] [main/INFO]: Sushi of the day: Akegai nigiri
[15:58:19] [main/INFO]: [Tabletop] init
[15:58:19] [main/INFO]: Registered region minecraft:overworld to index 0 for type OVERWORLD
[15:58:19] [main/INFO]: Registered region minecraft:nether to index 0 for type NETHER
[15:58:19] [main/INFO]: Registered region biomesoplenty:overworld_primary to index 1 for type OVERWORLD
[15:58:19] [main/INFO]: Registered region biomesoplenty:overworld_secondary to index 2 for type OVERWORLD
[15:58:19] [main/INFO]: Registered region biomesoplenty:overworld_rare to index 3 for type OVERWORLD
[15:58:19] [main/INFO]: Registered region biomesoplenty:nether_common to index 1 for type NETHER
[15:58:19] [main/INFO]: Registered region biomesoplenty:nether_rare to index 2 for type NETHER
[15:58:19] [main/INFO]: [Textile Backup] Starting Textile Backup 3.1.2-1.20:1.20.1 by Szum123321
[15:58:20] [main/INFO]: Got request to register class com.sk89q.worldedit.fabric.FabricPlatform with WorldEdit [com.sk89q.worldedit.extension.platform.PlatformManager@17cf5e57]
[15:58:20] [main/INFO]: WorldEdit for Fabric (version 7.2.15+6463-5ca4dff) is loaded
[15:58:21] [main/ERROR]: No data fixer registered for ride_entity
[15:58:22] [main/INFO]: Yuushya has been loaded successfully!
[15:58:22] [main/INFO]: Initializing Distant Horizons server, firing DhApiBeforeDhInitEvent event...
[15:58:22] [main/INFO]: Running library validation...
[15:58:23] [main/INFO]: Distant Horizons, Version: 3.2.0-b
[15:58:23] [main/INFO]: Registering Fabric Server Events
[15:58:23] [main/INFO]: Registered mod compatibility accessor for: [Starlight-Fabric-1.18.X].
[15:58:23] [main/INFO]: Skipping mod compatibility accessor for: [optifine]
[15:58:23] [main/INFO]: Skipping mod compatibility accessor for: [bclib]
[15:58:23] [main/INFO]: Skipping mod compatibility accessor for: [c2me]
[15:58:23] [main/INFO]: Immersive Portals detected: some DH features will be disabled or may only partially function.
[15:58:23] [main/INFO]: Registered mod compatibility accessor for: [Immersive Portals].
[15:58:23] [main/INFO]: Skipping mod compatibility accessor for: [iris]
[15:58:23] [main/INFO]: Distant Horizons server Initialized, adding event subscribers...
[15:58:23] [Worker-Main-1/INFO]: ImmPtl mod info fetched
[15:58:23] [main/INFO]: Initialized block sets in 54ms
[15:58:23] [main/ERROR]: No data fixer registered for medium_dragon_fireball
[15:58:23] [main/ERROR]: No data fixer registered for medium_fireball
[15:58:23] [main/ERROR]: No data fixer registered for ring_effect_cloud
[15:58:23] [main/ERROR]: No data fixer registered for falling_lantern
[15:58:23] [main/ERROR]: No data fixer registered for dispenser_minecart
[15:58:23] [main/ERROR]: No data fixer registered for falling_urn
[15:58:23] [main/ERROR]: No data fixer registered for falling_ash
[15:58:23] [main/ERROR]: No data fixer registered for falling_sack
[15:58:23] [main/ERROR]: No data fixer registered for brick_projectile
[15:58:23] [main/ERROR]: No data fixer registered for slimeball_projectile
[15:58:23] [main/ERROR]: No data fixer registered for bomb
[15:58:23] [main/ERROR]: No data fixer registered for cannonball
[15:58:23] [main/ERROR]: No data fixer registered for rope_arrow
[15:58:23] [main/ERROR]: No data fixer registered for slingshot_projectile
[15:58:24] [main/INFO]: Loaded config amendments-client.json
[15:58:24] [main/INFO]: Initialized color sets in 52ms
[15:58:24] [main/INFO]: Finished mod setup in: [0, 0, 0, 0, 0, 0, 18, 1] ms
[15:58:24] [main/WARN]: Configuration file .\config\farmersdelight-common.toml is not correct. Correcting
[15:58:24] [main/WARN]: Incorrect key settings was corrected from null to its default, SimpleCommentedConfig:{}. 
[15:58:24] [main/WARN]: Incorrect key settings.enableFarmerFDTrades was corrected from null to its default, true. 
[15:58:24] [main/WARN]: Incorrect key settings.enableWanderingTraderFDTrades was corrected from null to its default, true. 
[15:58:24] [main/WARN]: Incorrect key settings.enableRopeReeling was corrected from null to its default, true. 
[15:58:24] [main/WARN]: Incorrect key settings.canvasSignDarkBackgroundList was corrected from null to its default, [gray, purple, blue, brown, green, red, black]. 
[15:58:24] [main/WARN]: Incorrect key farming was corrected from null to its default, SimpleCommentedConfig:{}. 
[15:58:24] [main/WARN]: Incorrect key farming.richSoilBoostChance was corrected from null to its default, 0.2. 
[15:58:24] [main/WARN]: Incorrect key farming.enableTomatoVineClimbingTaggedRopes was corrected from null to its default, true. 
[15:58:24] [main/WARN]: Incorrect key farming.defaultTomatoVineRope was corrected from null to its default, farmersdelight:rope. 
[15:58:24] [main/WARN]: Incorrect key crafting was corrected from null to its default, SimpleCommentedConfig:{}. 
[15:58:24] [main/WARN]: Incorrect key crafting.enableCookingPotRecipeBook was corrected from null to its default, true. 
[15:58:24] [main/WARN]: Incorrect key crafting.enableVanillaCropCrates was corrected from null to its default, true. 
[15:58:24] [main/WARN]: Incorrect key crafting.cuttingBoardFortuneBonus was corrected from null to its default, 0.1. 
[15:58:24] [main/WARN]: Incorrect key overrides was corrected from null to its default, SimpleCommentedConfig:{}. 
[15:58:24] [main/WARN]: Incorrect key overrides.enableVanillaSoupExtraEffects was corrected from null to its default, true. 
[15:58:24] [main/WARN]: Incorrect key overrides.enableRabbitStewJumpBoost was corrected from null to its default, true. 
[15:58:24] [main/WARN]: Incorrect key overrides.enablePumpkinPieSneakToPlace was corrected from null to its default, false. 
[15:58:24] [main/WARN]: Incorrect key overrides.enableCuttingBoardDispenserBehavior was corrected from null to its default, true. 
[15:58:24] [main/WARN]: Incorrect key overrides.stack_size was corrected from null to its default, SimpleCommentedConfig:{}. 
[15:58:24] [main/WARN]: Incorrect key overrides.stack_size.enableStackableSoupItems was corrected from null to its default, true. 
[15:58:24] [main/WARN]: Incorrect key overrides.stack_size.soupItemList was corrected from null to its default, [minecraft:mushroom_stew, minecraft:beetroot_soup, minecraft:rabbit_stew]. 
[15:58:24] [main/WARN]: Incorrect key world was corrected from null to its default, SimpleCommentedConfig:{}. 
[15:58:24] [main/WARN]: Incorrect key world.generateFDChestLoot was corrected from null to its default, true. 
[15:58:24] [main/WARN]: Incorrect key world.generateVillageCompostHeaps was corrected from null to its default, true. 
[15:58:24] [main/WARN]: Incorrect key world.generateFDCropsOnVillageFarms was corrected from null to its default, true. 
[15:58:24] [main/WARN]: Incorrect key debug was corrected from null to its default, SimpleCommentedConfig:{}. 
[15:58:24] [main/WARN]: Incorrect key debug.enableTomatoRopePermanence was corrected from null to its default, true. 
[15:58:24] [main/INFO]: Environment: authHost='https://authserver.mojang.com', accountsHost='https://api.mojang.com', sessionHost='https://sessionserver.mojang.com', servicesHost='https://api.minecraftservices.com', name='PROD'
[15:58:24] [main/INFO]: Created 329 recipes which will be injected into the game
[15:58:24] [main/INFO]: Created 0 tags which will be injected into the game
[15:58:24] [main/INFO]: Found new data pack Supplementaries Generated Pack, loading it automatically
[15:58:24] [main/INFO]: Found new data pack create:dynamic_data, loading it automatically
[15:58:24] [main/INFO]: [STDERR]: [Rhino] Failed to get declared methods for dev.latvian.mods.kubejs.bindings.KMath: java.lang.NoClassDefFoundError: net/minecraft/class_4587
[15:58:24] [main/INFO]: example.js#5: Hello, World! (Loaded server scripts)
[15:58:24] [main/INFO]: Loaded script server_scripts:example.js in 0.001 s
[15:58:24] [main/INFO]: Loaded 1/1 KubeJS server scripts in 0.011 s with 0 errors and 0 warnings
[15:58:24] [main/INFO]: Scripts loaded
[15:58:24] [main/INFO]: Starting runtime resource generation for pack type SERVER_DATA with generators from mods [supplementaries]: [net.mehvahdjukaar.supplementaries.dynamicpack.ServerDynamicResourcesGenerator@69c1a30f]
[15:58:24] [main/INFO]: Generating runtime assets for pack Supplementaries Generated Pack (supplementaries)
[15:58:24] [main/INFO]: Generated runtime SERVER_DATA for pack Supplementaries Generated Pack (supplementaries) in: 29 ms (multithreaded)
[15:58:24] [main/INFO]: Finished runtime resources generation for 1 packs in a total of 30 ms
[15:58:25] [main/INFO]: Registering commands with com.sk89q.worldedit.fabric.FabricPlatform
[15:58:35] [main/ERROR]: Parsing error loading recipe supplementaries:integration/lapis_bricks_fd
com.google.gson.JsonParseException: An ingredient entry needs either a tag or an item
	at net.minecraft.class_1856.method_8107(class_1856.java:167) ~[server-intermediary.jar:?]
	at net.minecraft.class_1856.method_8102(class_1856.java:143) ~[server-intermediary.jar:?]
	at net.minecraft.class_1856.method_52177(class_1856.java:135) ~[server-intermediary.jar:?]
	at vectorwing.farmersdelight.common.crafting.CuttingBoardRecipe$Serializer.fromJson(CuttingBoardRecipe.java:174) ~[FarmersDelight-1.20.1-2.5.7+refabricated.jar:?]
	at vectorwing.farmersdelight.common.crafting.CuttingBoardRecipe$Serializer.method_8121(CuttingBoardRecipe.java:164) ~[FarmersDelight-1.20.1-2.5.7+refabricated.jar:?]
	at net.minecraft.class_1863.method_17720(class_1863.java:135) ~[server-intermediary.jar:?]
	at net.minecraft.class_1863.method_20705(class_1863.java:56) ~[server-intermediary.jar:?]
	at net.minecraft.class_1863.method_18788(class_1863.java:35) ~[server-intermediary.jar:?]
	at net.minecraft.class_4080.method_18790(class_4080.java:13) ~[server-intermediary.jar:?]
	at java.util.concurrent.CompletableFuture$UniAccept.tryFire(CompletableFuture.java:718) ~[?:?]
	at java.util.concurrent.CompletableFuture$Completion.run(CompletableFuture.java:482) ~[?:?]
	at net.minecraft.class_4014.method_18365(class_4014.java:69) ~[server-intermediary.jar:?]
	at net.minecraft.class_156.method_43498(class_156.java:950) ~[server-intermediary.jar:?]
	at net.minecraft.class_156.method_43499(class_156.java:938) ~[server-intermediary.jar:?]
	at net.minecraft.server.Main.main(Main.java:160) ~[server-intermediary.jar:?]
	at net.fabricmc.loader.impl.game.minecraft.MinecraftGameProvider.launch(MinecraftGameProvider.java:517) ~[fabric-loader-0.19.5.jar:?]
	at net.fabricmc.loader.impl.launch.knot.Knot.launch(Knot.java:72) ~[fabric-loader-0.19.5.jar:?]
	at net.fabricmc.loader.impl.launch.knot.KnotServer.main(KnotServer.java:23) ~[fabric-loader-0.19.5.jar:?]
	at net.fabricmc.loader.impl.launch.server.FabricServerLauncher.main(FabricServerLauncher.java:69) ~[fabric-loader-0.19.5.jar:?]
[15:58:35] [main/ERROR]: Parsing error loading recipe supplementaries:integration/ash_bricks_fd
com.google.gson.JsonParseException: An ingredient entry needs either a tag or an item
	at net.minecraft.class_1856.method_8107(class_1856.java:167) ~[server-intermediary.jar:?]
	at net.minecraft.class_1856.method_8102(class_1856.java:143) ~[server-intermediary.jar:?]
	at net.minecraft.class_1856.method_52177(class_1856.java:135) ~[server-intermediary.jar:?]
	at vectorwing.farmersdelight.common.crafting.CuttingBoardRecipe$Serializer.fromJson(CuttingBoardRecipe.java:174) ~[FarmersDelight-1.20.1-2.5.7+refabricated.jar:?]
	at vectorwing.farmersdelight.common.crafting.CuttingBoardRecipe$Serializer.method_8121(CuttingBoardRecipe.java:164) ~[FarmersDelight-1.20.1-2.5.7+refabricated.jar:?]
	at net.minecraft.class_1863.method_17720(class_1863.java:135) ~[server-intermediary.jar:?]
	at net.minecraft.class_1863.method_20705(class_1863.java:56) ~[server-intermediary.jar:?]
	at net.minecraft.class_1863.method_18788(class_1863.java:35) ~[server-intermediary.jar:?]
	at net.minecraft.class_4080.method_18790(class_4080.java:13) ~[server-intermediary.jar:?]
	at java.util.concurrent.CompletableFuture$UniAccept.tryFire(CompletableFuture.java:718) ~[?:?]
	at java.util.concurrent.CompletableFuture$Completion.run(CompletableFuture.java:482) ~[?:?]
	at net.minecraft.class_4014.method_18365(class_4014.java:69) ~[server-intermediary.jar:?]
	at net.minecraft.class_156.method_43498(class_156.java:950) ~[server-intermediary.jar:?]
	at net.minecraft.class_156.method_43499(class_156.java:938) ~[server-intermediary.jar:?]
	at net.minecraft.server.Main.main(Main.java:160) ~[server-intermediary.jar:?]
	at net.fabricmc.loader.impl.game.minecraft.MinecraftGameProvider.launch(MinecraftGameProvider.java:517) ~[fabric-loader-0.19.5.jar:?]
	at net.fabricmc.loader.impl.launch.knot.Knot.launch(Knot.java:72) ~[fabric-loader-0.19.5.jar:?]
	at net.fabricmc.loader.impl.launch.knot.KnotServer.main(KnotServer.java:23) ~[fabric-loader-0.19.5.jar:?]
	at net.fabricmc.loader.impl.launch.server.FabricServerLauncher.main(FabricServerLauncher.java:69) ~[fabric-loader-0.19.5.jar:?]
[15:58:35] [main/INFO]: Loaded 26 recipes
[15:58:35] [main/INFO]: Loaded 4013 advancements
[15:58:37] [main/WARN]: Could not decode GlobalLootModifier with json id cardiac:life_bottle - error: Unknown registry key in ResourceKey[minecraft:root / porting_lib:global_loot_modifier_serializers]: cardiac:life_bottle
[15:58:37] [main/WARN]: Could not decode GlobalLootModifier with json id supplementaries:ash_from_burning_mobs - error: Unknown registry key in ResourceKey[minecraft:root / porting_lib:global_loot_modifier_serializers]: moonlight:add_item
[15:58:37] [main/WARN]: Could not decode GlobalLootModifier with json id supplementaries:straw_from_flax - error: Unknown registry key in ResourceKey[minecraft:root / porting_lib:global_loot_modifier_serializers]: moonlight:add_item
[15:58:37] [main/WARN]: Could not decode GlobalLootModifier with json id supplementaries:fishing_antique_ink - error: Unknown registry key in ResourceKey[minecraft:root / porting_lib:global_loot_modifier_serializers]: moonlight:add_item
[15:58:37] [main/WARN]: Could not decode GlobalLootModifier with json id supplementaries:fishing_antique_ink_treasure - error: Unknown registry key in ResourceKey[minecraft:root / porting_lib:global_loot_modifier_serializers]: moonlight:add_item
[15:58:37] [main/WARN]: Could not decode GlobalLootModifier with json id supplementaries:replace_rope - error: Unknown registry key in ResourceKey[minecraft:root / porting_lib:global_loot_modifier_serializers]: supplementaries:replace_rope
[15:58:37] [ForkJoinPool.commonPool-worker-13/INFO]: Loaded 10 translation keys
[15:58:37] [main/INFO]: Loaded 27 flute songs
[15:58:44] [main/INFO]: Applied 18 data villager trades
[15:58:45] [main/INFO]: Finished additional setup in 0 ms
[15:58:45] [main/INFO]: Initialized TerraBlender biomes for level stem minecraft:the_nether
[15:58:45] [main/INFO]: Applied 1554 biome modifications to 134 of 134 new biomes in 37.87 ms
[15:58:45] [Server thread/WARN]: Configuration file .\config\create-server.toml is not correct. Correcting
[15:58:45] [Server thread/WARN]: Incorrect key infrastructure was corrected from null to its default, SimpleCommentedConfig:{}. 
[15:58:45] [Server thread/WARN]: Incorrect key infrastructure.tickrateSyncTimer was corrected from null to its default, 20. 
[15:58:45] [Server thread/WARN]: Incorrect key recipes was corrected from null to its default, SimpleCommentedConfig:{}. 
[15:58:45] [Server thread/WARN]: Incorrect key recipes.bulkPressing was corrected from null to its default, false. 
[15:58:45] [Server thread/WARN]: Incorrect key recipes.bulkCutting was corrected from null to its default, false. 
[15:58:45] [Server thread/WARN]: Incorrect key recipes.allowBrewingInMixer was corrected from null to its default, true. 
[15:58:45] [Server thread/WARN]: Incorrect key recipes.allowShapelessInMixer was corrected from null to its default, true. 
[15:58:45] [Server thread/WARN]: Incorrect key recipes.allowShapedSquareInPress was corrected from null to its default, true. 
[15:58:45] [Server thread/WARN]: Incorrect key recipes.allowRegularCraftingInCrafter was corrected from null to its default, true. 
[15:58:45] [Server thread/WARN]: Incorrect key recipes.maxFireworkIngredientsInCrafter was corrected from null to its default, 9. 
[15:58:45] [Server thread/WARN]: Incorrect key recipes.allowStonecuttingOnSaw was corrected from null to its default, true. 
[15:58:45] [Server thread/WARN]: Incorrect key recipes.allowCastingBySpout was corrected from null to its default, true. 
[15:58:45] [Server thread/WARN]: Incorrect key recipes.allowFillingBySpout was corrected from null to its default, true. 
[15:58:45] [Server thread/WARN]: Incorrect key recipes.displayLogStrippingRecipes was corrected from null to its default, true. 
[15:58:45] [Server thread/WARN]: Incorrect key recipes.lightSourceCountForRefinedRadiance was corrected from null to its default, 10. 
[15:58:45] [Server thread/WARN]: Incorrect key recipes.enableRefinedRadianceRecipe was corrected from null to its default, true. 
[15:58:45] [Server thread/WARN]: Incorrect key recipes.enableShadowSteelRecipe was corrected from null to its default, true. 
[15:58:45] [Server thread/WARN]: Incorrect key kinetics was corrected from null to its default, SimpleCommentedConfig:{}. 
[15:58:45] [Server thread/WARN]: Incorrect key kinetics.disableStress was corrected from null to its default, false. 
[15:58:45] [Server thread/WARN]: Incorrect key kinetics.maxBeltLength was corrected from null to its default, 20. 
[15:58:45] [Server thread/WARN]: Incorrect key kinetics.maxChainConveyorLength was corrected from null to its default, 32. 
[15:58:45] [Server thread/WARN]: Incorrect key kinetics.maxChainConveyorConnections was corrected from null to its default, 4. 
[15:58:45] [Server thread/WARN]: Incorrect key kinetics.crushingDamage was corrected from null to its default, 4. 
[15:58:45] [Server thread/WARN]: Incorrect key kinetics.maxRotationSpeed was corrected from null to its default, 256. 
[15:58:45] [Server thread/WARN]: Incorrect key kinetics.ignoreDeployerAttacks was corrected from null to its default, CREEPERS. 
[15:58:45] [Server thread/WARN]: Incorrect key kinetics.kineticValidationFrequency was corrected from null to its default, 60. 
[15:58:45] [Server thread/WARN]: Incorrect key kinetics.crankHungerMultiplier was corrected from null to its default, 0.009999999776482582. 
[15:58:45] [Server thread/WARN]: Incorrect key kinetics.minimumWindmillSails was corrected from null to its default, 8. 
[15:58:45] [Server thread/WARN]: Incorrect key kinetics.windmillSailsPerRPM was corrected from null to its default, 8. 
[15:58:45] [Server thread/WARN]: Incorrect key kinetics.maxEjectorDistance was corrected from null to its default, 32. 
[15:58:45] [Server thread/WARN]: Incorrect key kinetics.ejectorScanInterval was corrected from null to its default, 120. 
[15:58:45] [Server thread/WARN]: Incorrect key kinetics.encasedFan was corrected from null to its default, SimpleCommentedConfig:{}. 
[15:58:45] [Server thread/WARN]: Incorrect key kinetics.encasedFan.fanPushDistance was corrected from null to its default, 20. 
[15:58:45] [Server thread/WARN]: Incorrect key kinetics.encasedFan.fanPullDistance was corrected from null to its default, 20. 
[15:58:45] [Server thread/WARN]: Incorrect key kinetics.encasedFan.fanBlockCheckRate was corrected from null to its default, 30. 
[15:58:45] [Server thread/WARN]: Incorrect key kinetics.encasedFan.fanRotationArgmax was corrected from null to its default, 256. 
[15:58:45] [Server thread/WARN]: Incorrect key kinetics.encasedFan.fanProcessingTime was corrected from null to its default, 150. 
[15:58:45] [Server thread/WARN]: Incorrect key kinetics.contraptions was corrected from null to its default, SimpleCommentedConfig:{}. 
[15:58:45] [Server thread/WARN]: Incorrect key kinetics.contraptions.maxBlocksMoved was corrected from null to its default, 2048. 
[15:58:45] [Server thread/WARN]: Incorrect key kinetics.contraptions.maxChassisRange was corrected from null to its default, 16. 
[15:58:45] [Server thread/WARN]: Incorrect key kinetics.contraptions.maxPistonPoles was corrected from null to its default, 64. 
[15:58:45] [Server thread/WARN]: Incorrect key kinetics.contraptions.maxRopeLength was corrected from null to its default, 384. 
[15:58:45] [Server thread/WARN]: Incorrect key kinetics.contraptions.maxCartCouplingLength was corrected from null to its default, 32. 
[15:58:45] [Server thread/WARN]: Incorrect key kinetics.contraptions.rollerFillDepth was corrected from null to its default, 12. 
[15:58:45] [Server thread/WARN]: Incorrect key kinetics.contraptions.survivalContraptionPickup was corrected from null to its default, true. 
[15:58:45] [Server thread/WARN]: Incorrect key kinetics.contraptions.contraptionPlacing was corrected from null to its default, true. 
[15:58:45] [Server thread/WARN]: Incorrect key kinetics.contraptions.movableSpawners was corrected from null to its default, NO_PICKUP. 
[15:58:45] [Server thread/WARN]: Incorrect key kinetics.contraptions.amethystMovement was corrected from null to its default, NO_PICKUP. 
[15:58:45] [Server thread/WARN]: Incorrect key kinetics.contraptions.movableObsidian was corrected from null to its default, UNMOVABLE. 
[15:58:45] [Server thread/WARN]: Incorrect key kinetics.contraptions.movableReinforcedDeepslate was corrected from null to its default, UNMOVABLE. 
[15:58:45] [Server thread/WARN]: Incorrect key kinetics.contraptions.moveItemsToStorage was corrected from null to its default, true. 
[15:58:45] [Server thread/WARN]: Incorrect key kinetics.contraptions.harvestPartiallyGrown was corrected from null to its default, false. 
[15:58:45] [Server thread/WARN]: Incorrect key kinetics.contraptions.harvesterReplants was corrected from null to its default, true. 
[15:58:45] [Server thread/WARN]: Incorrect key kinetics.contraptions.minecartContraptionInContainers was corrected from null to its default, false. 
[15:58:45] [Server thread/WARN]: Incorrect key kinetics.contraptions.stabiliseStableContraptions was corrected from null to its default, false. 
[15:58:45] [Server thread/WARN]: Incorrect key kinetics.contraptions.syncPlayerPickupHitboxWithContraptionHitbox was corrected from null to its default, false. 
[15:58:45] [Server thread/WARN]: Incorrect key kinetics.contraptions.noDropWhenContraptionReplaceBlocks was corrected from null to its default, false. 
[15:58:45] [Server thread/WARN]: Incorrect key kinetics.stats was corrected from null to its default, SimpleCommentedConfig:{}. 
[15:58:45] [Server thread/WARN]: Incorrect key kinetics.stats.mediumSpeed was corrected from null to its default, 30.0. 
[15:58:45] [Server thread/WARN]: Incorrect key kinetics.stats.fastSpeed was corrected from null to its default, 100.0. 
[15:58:45] [Server thread/WARN]: Incorrect key kinetics.stats.mediumStressImpact was corrected from null to its default, 4.0. 
[15:58:45] [Server thread/WARN]: Incorrect key kinetics.stats.highStressImpact was corrected from null to its default, 8.0. 
[15:58:45] [Server thread/WARN]: Incorrect key kinetics.stats.mediumCapacity was corrected from null to its default, 256.0. 
[15:58:45] [Server thread/WARN]: Incorrect key kinetics.stats.highCapacity was corrected from null to its default, 1024.0. 
[15:58:45] [Server thread/WARN]: Incorrect key kinetics.stressValues was corrected from null to its default, SimpleCommentedConfig:{}. 
[15:58:45] [Server thread/WARN]: Incorrect key kinetics.stressValues.v2 was corrected from null to its default, SimpleCommentedConfig:{}. 
[15:58:45] [Server thread/WARN]: Incorrect key kinetics.stressValues.v2.impact was corrected from null to its default, SimpleCommentedConfig:{}. 
[15:58:45] [Server thread/WARN]: Incorrect key kinetics.stressValues.v2.impact.brass_encased_shaft was corrected from null to its default, 0.0. 
[15:58:45] [Server thread/WARN]: Incorrect key kinetics.stressValues.v2.impact.turntable was corrected from null to its default, 4.0. 
[15:58:45] [Server thread/WARN]: Incorrect key kinetics.stressValues.v2.impact.clutch was corrected from null to its default, 0.0. 
[15:58:45] [Server thread/WARN]: Incorrect key kinetics.stressValues.v2.impact.mechanical_mixer was corrected from null to its default, 4.0. 
[15:58:45] [Server thread/WARN]: Incorrect key kinetics.stressValues.v2.impact.gearbox was corrected from null to its default, 0.0. 
[15:58:45] [Server thread/WARN]: Incorrect key kinetics.stressValues.v2.impact.mechanical_bearing was corrected from null to its default, 4.0. 
[15:58:45] [Server thread/WARN]: Incorrect key kinetics.stressValues.v2.impact.copper_backtank was corrected from null to its default, 4.0. 
[15:58:45] [Server thread/WARN]: Incorrect key kinetics.stressValues.v2.impact.hose_pulley was corrected from null to its default, 4.0. 
[15:58:45] [Server thread/WARN]: Incorrect key kinetics.stressValues.v2.impact.display_board was corrected from null to its default, 0.0. 
[15:58:45] [Server thread/WARN]: Incorrect key kinetics.stressValues.v2.impact.crushing_wheel was corrected from null to its default, 8.0. 
[15:58:45] [Server thread/WARN]: Incorrect key kinetics.stressValues.v2.impact.adjustable_chain_gearshift was corrected from null to its default, 0.0. 
[15:58:45] [Server thread/WARN]: Incorrect key kinetics.stressValues.v2.impact.millstone was corrected from null to its default, 4.0. 
[15:58:45] [Server thread/WARN]: Incorrect key kinetics.stressValues.v2.impact.rotation_speed_controller was corrected from null to its default, 0.0. 
[15:58:45] [Server thread/WARN]: Incorrect key kinetics.stressValues.v2.impact.sticky_mechanical_piston was corrected from null to its default, 4.0. 
[15:58:45] [Server thread/WARN]: Incorrect key kinetics.stressValues.v2.impact.mechanical_crafter was corrected from null to its default, 2.0. 
[15:58:45] [Server thread/WARN]: Incorrect key kinetics.stressValues.v2.impact.deployer was corrected from null to its default, 4.0. 
[15:58:45] [Server thread/WARN]: Incorrect key kinetics.stressValues.v2.impact.elevator_pulley was corrected from null to its default, 4.0. 
[15:58:45] [Server thread/WARN]: Incorrect key kinetics.stressValues.v2.impact.stressometer was corrected from null to its default, 0.0. 
[15:58:45] [Server thread/WARN]: Incorrect key kinetics.stressValues.v2.impact.cogwheel was corrected from null to its default, 0.0. 
[15:58:45] [Server thread/WARN]: Incorrect key kinetics.stressValues.v2.impact.encased_chain_drive was corrected from null to its default, 0.0. 
[15:58:45] [Server thread/WARN]: Incorrect key kinetics.stressValues.v2.impact.belt was corrected from null to its default, 0.0. 
[15:58:45] [Server thread/WARN]: Incorrect key kinetics.stressValues.v2.impact.brass_encased_large_cogwheel was corrected from null to its default, 0.0. 
[15:58:45] [Server thread/WARN]: Incorrect key kinetics.stressValues.v2.impact.weighted_ejector was corrected from null to its default, 2.0. 
[15:58:45] [Server thread/WARN]: Incorrect key kinetics.stressValues.v2.impact.chain_conveyor was corrected from null to its default, 1.0. 
[15:58:45] [Server thread/WARN]: Incorrect key kinetics.stressValues.v2.impact.mechanical_saw was corrected from null to its default, 4.0. 
[15:58:45] [Server thread/WARN]: Incorrect key kinetics.stressValues.v2.impact.flywheel was corrected from null to its default, 0.0. 
[15:58:45] [Server thread/WARN]: Incorrect key kinetics.stressValues.v2.impact.mechanical_piston was corrected from null to its default, 4.0. 
[15:58:45] [Server thread/WARN]: Incorrect key kinetics.stressValues.v2.impact.speedometer was corrected from null to its default, 0.0. 
[15:58:45] [Server thread/WARN]: Incorrect key kinetics.stressValues.v2.impact.brass_encased_cogwheel was corrected from null to its default, 0.0. 
[15:58:45] [Server thread/WARN]: Incorrect key kinetics.stressValues.v2.impact.clockwork_bearing was corrected from null to its default, 4.0. 
[15:58:45] [Server thread/WARN]: Incorrect key kinetics.stressValues.v2.impact.mechanical_press was corrected from null to its default, 8.0. 
[15:58:45] [Server thread/WARN]: Incorrect key kinetics.stressValues.v2.impact.mechanical_drill was corrected from null to its default, 4.0. 
[15:58:45] [Server thread/WARN]: Incorrect key kinetics.stressValues.v2.impact.andesite_encased_shaft was corrected from null to its default, 0.0. 
[15:58:45] [Server thread/WARN]: Incorrect key kinetics.stressValues.v2.impact.netherite_backtank was corrected from null to its default, 4.0. 
[15:58:45] [Server thread/WARN]: Incorrect key kinetics.stressValues.v2.impact.mechanical_arm was corrected from null to its default, 2.0. 
[15:58:45] [Server thread/WARN]: Incorrect key kinetics.stressValues.v2.impact.sequenced_gearshift was corrected from null to its default, 0.0. 
[15:58:45] [Server thread/WARN]: Incorrect key kinetics.stressValues.v2.impact.andesite_encased_large_cogwheel was corrected from null to its default, 0.0. 
[15:58:45] [Server thread/WARN]: Incorrect key kinetics.stressValues.v2.impact.shaft was corrected from null to its default, 0.0. 
[15:58:45] [Server thread/WARN]: Incorrect key kinetics.stressValues.v2.impact.cuckoo_clock was corrected from null to its default, 1.0. 
[15:58:45] [Server thread/WARN]: Incorrect key kinetics.stressValues.v2.impact.gearshift was corrected from null to its default, 0.0. 
[15:58:45] [Server thread/WARN]: Incorrect key kinetics.stressValues.v2.impact.rope_pulley was corrected from null to its default, 4.0. 
[15:58:45] [Server thread/WARN]: Incorrect key kinetics.stressValues.v2.impact.andesite_encased_cogwheel was corrected from null to its default, 0.0. 
[15:58:45] [Server thread/WARN]: Incorrect key kinetics.stressValues.v2.impact.large_cogwheel was corrected from null to its default, 0.0. 
[15:58:45] [Server thread/WARN]: Incorrect key kinetics.stressValues.v2.impact.encased_fan was corrected from null to its default, 2.0. 
[15:58:45] [Server thread/WARN]: Incorrect key kinetics.stressValues.v2.impact.mysterious_cuckoo_clock was corrected from null to its default, 1.0. 
[15:58:45] [Server thread/WARN]: Incorrect key kinetics.stressValues.v2.impact.gantry_shaft was corrected from null to its default, 0.0. 
[15:58:45] [Server thread/WARN]: Incorrect key kinetics.stressValues.v2.impact.mechanical_pump was corrected from null to its default, 4.0. 
[15:58:45] [Server thread/WARN]: Incorrect key kinetics.stressValues.v2.capacity was corrected from null to its default, SimpleCommentedConfig:{}. 
[15:58:45] [Server thread/WARN]: Incorrect key kinetics.stressValues.v2.capacity.steam_engine was corrected from null to its default, 1024.0. 
[15:58:45] [Server thread/WARN]: Incorrect key kinetics.stressValues.v2.capacity.water_wheel was corrected from null to its default, 32.0. 
[15:58:45] [Server thread/WARN]: Incorrect key kinetics.stressValues.v2.capacity.copper_valve_handle was corrected from null to its default, 8.0. 
[15:58:45] [Server thread/WARN]: Incorrect key kinetics.stressValues.v2.capacity.hand_crank was corrected from null to its default, 8.0. 
[15:58:45] [Server thread/WARN]: Incorrect key kinetics.stressValues.v2.capacity.creative_motor was corrected from null to its default, 16384.0. 
[15:58:45] [Server thread/WARN]: Incorrect key kinetics.stressValues.v2.capacity.large_water_wheel was corrected from null to its default, 128.0. 
[15:58:45] [Server thread/WARN]: Incorrect key kinetics.stressValues.v2.capacity.windmill_bearing was corrected from null to its default, 512.0. 
[15:58:45] [Server thread/WARN]: Incorrect key fluids was corrected from null to its default, SimpleCommentedConfig:{}. 
[15:58:45] [Server thread/WARN]: Incorrect key fluids.fluidTankCapacity was corrected from null to its default, 8. 
[15:58:45] [Server thread/WARN]: Incorrect key fluids.fluidTankMaxHeight was corrected from null to its default, 32. 
[15:58:45] [Server thread/WARN]: Incorrect key fluids.mechanicalPumpRange was corrected from null to its default, 16. 
[15:58:45] [Server thread/WARN]: Incorrect key fluids.hosePulleyRange was corrected from null to its default, 128. 
[15:58:45] [Server thread/WARN]: Incorrect key fluids.hosePulleyBlockThreshold was corrected from null to its default, 10000. 
[15:58:45] [Server thread/WARN]: Incorrect key fluids.fillInfinite was corrected from null to its default, false. 
[15:58:45] [Server thread/WARN]: Incorrect key fluids.bottomlessFluidMode was corrected from null to its default, ALLOW_BY_TAG. 
[15:58:45] [Server thread/WARN]: Incorrect key fluids.fluidFillPlaceFluidSourceBlocks was corrected from null to its default, true. 
[15:58:45] [Server thread/WARN]: Incorrect key fluids.pipesPlaceFluidSourceBlocks was corrected from null to its default, true. 
[15:58:45] [Server thread/WARN]: Incorrect key logistics was corrected from null to its default, SimpleCommentedConfig:{}. 
[15:58:45] [Server thread/WARN]: Incorrect key logistics.defaultExtractionTimer was corrected from null to its default, 8. 
[15:58:45] [Server thread/WARN]: Incorrect key logistics.psiTimeout was corrected from null to its default, 60. 
[15:58:45] [Server thread/WARN]: Incorrect key logistics.mechanicalArmRange was corrected from null to its default, 5. 
[15:58:45] [Server thread/WARN]: Incorrect key logistics.packagePortRange was corrected from null to its default, 5. 
[15:58:45] [Server thread/WARN]: Incorrect key logistics.linkRange was corrected from null to its default, 256. 
[15:58:45] [Server thread/WARN]: Incorrect key logistics.displayLinkRange was corrected from null to its default, 64. 
[15:58:45] [Server thread/WARN]: Incorrect key logistics.vaultCapacity was corrected from null to its default, 20. 
[15:58:45] [Server thread/WARN]: Incorrect key logistics.chainConveyorCapacity was corrected from null to its default, 20. 
[15:58:45] [Server thread/WARN]: Incorrect key logistics.brassTunnelTimer was corrected from null to its default, 10. 
[15:58:45] [Server thread/WARN]: Incorrect key logistics.factoryGaugeTimer was corrected from null to its default, 100. 
[15:58:45] [Server thread/WARN]: Incorrect key logistics.seatHostileMobs was corrected from null to its default, true. 
[15:58:45] [Server thread/WARN]: Incorrect key schematics was corrected from null to its default, SimpleCommentedConfig:{}. 
[15:58:45] [Server thread/WARN]: Incorrect key schematics.creativePrintIncludesAir was corrected from null to its default, false. 
[15:58:45] [Server thread/WARN]: Incorrect key schematics.maxSchematics was corrected from null to its default, 10. 
[15:58:45] [Server thread/WARN]: Incorrect key schematics.maxTotalSchematicSize was corrected from null to its default, 256. 
[15:58:45] [Server thread/WARN]: Incorrect key schematics.maxSchematicPacketSize was corrected from null to its default, 1024. 
[15:58:45] [Server thread/WARN]: Incorrect key schematics.schematicIdleTimeout was corrected from null to its default, 600. 
[15:58:45] [Server thread/WARN]: Incorrect key schematics.schematicannon was corrected from null to its default, SimpleCommentedConfig:{}. 
[15:58:45] [Server thread/WARN]: Incorrect key schematics.schematicannon.schematicannonDelay was corrected from null to its default, 10. 
[15:58:45] [Server thread/WARN]: Incorrect key schematics.schematicannon.schematicannonShotsPerGunpowder was corrected from null to its default, 400. 
[15:58:45] [Server thread/WARN]: Incorrect key equipment was corrected from null to its default, SimpleCommentedConfig:{}. 
[15:58:45] [Server thread/WARN]: Incorrect key equipment.maxSymmetryWandRange was corrected from null to its default, 50. 
[15:58:45] [Server thread/WARN]: Incorrect key equipment.placementAssistRange was corrected from null to its default, 12. 
[15:58:45] [Server thread/WARN]: Incorrect key equipment.toolboxRange was corrected from null to its default, 10. 
[15:58:45] [Server thread/WARN]: Incorrect key equipment.airInBacktank was corrected from null to its default, 900. 
[15:58:45] [Server thread/WARN]: Incorrect key equipment.enchantedBacktankCapacity was corrected from null to its default, 300. 
[15:58:45] [Server thread/WARN]: Incorrect key equipment.maxExtendoGripActions was corrected from null to its default, 1000. 
[15:58:45] [Server thread/WARN]: Incorrect key equipment.maxPotatoCannonShots was corrected from null to its default, 200. 
[15:58:45] [Server thread/WARN]: Incorrect key equipment.potatoCannonWorldModification was corrected from null to its default, true. 
[15:58:45] [Server thread/WARN]: Incorrect key trains was corrected from null to its default, SimpleCommentedConfig:{}. 
[15:58:45] [Server thread/WARN]: Incorrect key trains.trainsCauseDamage was corrected from null to its default, true. 
[15:58:45] [Server thread/WARN]: Incorrect key trains.maxTrackPlacementLength was corrected from null to its default, 32. 
[15:58:45] [Server thread/WARN]: Incorrect key trains.maxAssemblyLength was corrected from null to its default, 128. 
[15:58:45] [Server thread/WARN]: Incorrect key trains.maxBogeyCount was corrected from null to its default, 20. 
[15:58:45] [Server thread/WARN]: Incorrect key trains.manualTrainSpeedModifier was corrected from null to its default, 0.75. 
[15:58:45] [Server thread/WARN]: Incorrect key trains.trainStats was corrected from null to its default, SimpleCommentedConfig:{}. 
[15:58:45] [Server thread/WARN]: Incorrect key trains.trainStats.trainTopSpeed was corrected from null to its default, 28.0. 
[15:58:45] [Server thread/WARN]: Incorrect key trains.trainStats.trainTurningTopSpeed was corrected from null to its default, 14.0. 
[15:58:45] [Server thread/WARN]: Incorrect key trains.trainStats.trainAcceleration was corrected from null to its default, 3.0. 
[15:58:45] [Server thread/WARN]: Incorrect key trains.poweredTrainStats was corrected from null to its default, SimpleCommentedConfig:{}. 
[15:58:45] [Server thread/WARN]: Incorrect key trains.poweredTrainStats.poweredTrainTopSpeed was corrected from null to its default, 40.0. 
[15:58:45] [Server thread/WARN]: Incorrect key trains.poweredTrainStats.poweredTrainTurningTopSpeed was corrected from null to its default, 20.0. 
[15:58:45] [Server thread/WARN]: Incorrect key trains.poweredTrainStats.poweredTrainAcceleration was corrected from null to its default, 3.0. 
[15:58:45] [Server thread/WARN]: Configuration file .\config\mutantmonsters-server.toml is not correct. Correcting
[15:58:45] [Server thread/WARN]: Incorrect key endersoul_hand_teleport_distance was corrected from null to its default, 128. 
[15:58:45] [Server thread/WARN]: Incorrect key mutant_x_conversions was corrected from null to its default, [minecraft:creeper,mutantmonsters:mutant_creeper, minecraft:enderman,mutantmonsters:mutant_enderman, minecraft:skeleton,mutantmonsters:mutant_skeleton, minecraft:snow_golem,mutantmonsters:mutant_snow_golem, minecraft:zombie,mutantmonsters:mutant_zombie, minecraft:pig,mutantmonsters:spider_pig]. 
[15:58:45] [Server thread/INFO]: Loading server config for mutantmonsters
[15:58:45] [Thread-5/INFO]: Reloading server config for mutantmonsters
[15:58:45] [Server thread/INFO]: Initialising config for [DistantHorizons]
[15:58:45] [Server thread/INFO]: [DistantHorizons] Config initialised
[15:58:45] [Server thread/INFO]: Dimension ignoring disabled, DH will render all dimensions.
[15:58:45] [Server thread/INFO]: Applying config to loggers
[15:58:45] [Server thread/INFO]: Garbage collectors: [G1 Young Generation, G1 Old Generation]
[15:58:45] [Server thread/WARN]: Distant Horizons: G1 Garbage collector detected.
This can cause FPS stuttering. 
It's recommended to use a concurrent garbage collector 
like ZGC (Java 21+) or Shenandoah (Java 8 through 17) 
for a smoother experience. 
This warning can be disabled in the DH config.
[15:58:45] [Server thread/INFO]: Explicit Garbage Collection: [Enabled]
[15:58:45] [Server thread/INFO]: Running Delayed setup...
[15:58:45] [Server thread/INFO]: Delayed setup complete, firing DhApiAfterDhInitEvent event...
[15:58:45] [Server thread/INFO]: Checking for Distant Horizons [STABLE] update for MC [1.20.1]...
[15:58:46] [Server thread/INFO]: New version (3.3.3) of Distant Horizons is available
[15:58:46] [Server thread/INFO]: Download link: https://cdn.modrinth.com/data/uCdwusMi/versions/6UnEfsRQ/DistantHorizons-3.3.3-1.20.1-fabric-forge.jar
[15:58:46] [Server thread/INFO]: Distant Horizons server Initialized at .
[15:58:46] [Server thread/INFO]: Our properties file doesn't exist, creating it
[15:58:46][FINE/customnpcs][noppes.npcs.controllers.LinkedNpcController:42] Loading Linked Npcs
[15:58:46][FINE/customnpcs][noppes.npcs.controllers.LinkedNpcController:62] Done loading Linked Npcs
[15:58:46] [Server thread/INFO]: Loaded 2 roleplay languages
[15:58:46] [Server thread/INFO]: [STDERR]: [RPChat] Could not load config .\config\rpchat.json: Cannot invoke "net.minecraft.class_3324.method_14571()" because the return value of "net.minecraft.server.MinecraftServer.method_3760()" is null
[15:58:46] [Server thread/INFO]: [STDERR]: java.lang.NullPointerException: Cannot invoke "net.minecraft.class_3324.method_14571()" because the return value of "net.minecraft.server.MinecraftServer.method_3760()" is null
[15:58:46] [Server thread/INFO]: [STDERR]: 	at knot//com.coraxberg.rpchat.RpChatMod.applyAllNicknames(RpChatMod.java:785)
[15:58:46] [Server thread/INFO]: [STDERR]: 	at knot//com.coraxberg.rpchat.RpChatMod.loadConfig(RpChatMod.java:848)
[15:58:46] [Server thread/INFO]: [STDERR]: 	at knot//com.coraxberg.rpchat.RpChatMod.lambda$onInitialize$0(RpChatMod.java:84)
[15:58:46] [Server thread/INFO]: [STDERR]: 	at knot//net.fabricmc.fabric.api.event.lifecycle.v1.ServerLifecycleEvents.lambda$static$0(ServerLifecycleEvents.java:38)
[15:58:46] [Server thread/INFO]: [STDERR]: 	at knot//net.minecraft.server.MinecraftServer.handler$bca000$fabric-lifecycle-events-v1$beforeSetupServer(MinecraftServer.java:4337)
[15:58:46] [Server thread/INFO]: [STDERR]: 	at knot//net.minecraft.server.MinecraftServer.method_29741(MinecraftServer.java:646)
[15:58:46] [Server thread/INFO]: [STDERR]: 	at knot//net.minecraft.server.MinecraftServer.method_29739(MinecraftServer.java:265)
[15:58:46] [Server thread/INFO]: [STDERR]: 	at java.base/java.lang.Thread.run(Thread.java:840)
[15:58:46] [Server thread/INFO]: Started [DhServerWorld] of type [SERVER_ONLY].
[15:58:46] [Server thread/INFO]: Starting minecraft server version 1.20.1
[15:58:46] [Server thread/INFO]: Loading properties
[15:58:46] [Server thread/INFO]: Default game type: SURVIVAL
[15:58:46] [Server thread/INFO]: Generating keypair
[15:58:46] [Server thread/INFO]: Starting Minecraft server on 127.0.0.1:55888
[15:58:46] [Server thread/INFO]: Using default channel type
[15:58:46] [Server thread/WARN]: **** SERVER IS RUNNING IN OFFLINE/INSECURE MODE!
[15:58:46] [Server thread/WARN]: The server will make no attempt to authenticate usernames. Beware.
[15:58:46] [Server thread/WARN]: While this makes the game possible to play without internet access, it also opens up the ability for hackers to connect with any username they choose.
[15:58:46] [Server thread/WARN]: To change this, set "online-mode" to "true" in the server.properties file.
[15:58:46] [Server thread/INFO]: Preparing level "isolated-smoke-world"
[15:58:47] [Server thread/INFO]: Running SQL update script: [sqlScripts/0010-sqlite-createInitialDataTables.sql], for repo: [.\isolated-smoke-world\data\DistantHorizons.sqlite]
[15:58:47] [Server thread/INFO]: Running SQL update script: [sqlScripts/0020-sqlite-createFullDataSourceV2Tables.sql], for repo: [.\isolated-smoke-world\data\DistantHorizons.sqlite]
[15:58:47] [Server thread/INFO]: Running SQL update script: [sqlScripts/0030-sqlite-changeTableJournaling.sql], for repo: [.\isolated-smoke-world\data\DistantHorizons.sqlite]
[15:58:47] [Server thread/INFO]: Running SQL update script: [sqlScripts/0031-sqlite-useSqliteWalJournaling.sql], for repo: [.\isolated-smoke-world\data\DistantHorizons.sqlite]
[15:58:47] [Server thread/INFO]: Running SQL update script: [sqlScripts/0040-sqlite-removeRenderCache.sql], for repo: [.\isolated-smoke-world\data\DistantHorizons.sqlite]
[15:58:47] [Server thread/INFO]: Running SQL update script: [sqlScripts/0050-sqlite-addApplyToParentIndex.sql], for repo: [.\isolated-smoke-world\data\DistantHorizons.sqlite]
[15:58:47] [Server thread/INFO]: Running SQL update script: [sqlScripts/0060-sqlite-createChunkHashTable.sql], for repo: [.\isolated-smoke-world\data\DistantHorizons.sqlite]
[15:58:47] [Server thread/INFO]: Running SQL update script: [sqlScripts/0070-sqlite-createBeaconBeamTable.sql], for repo: [.\isolated-smoke-world\data\DistantHorizons.sqlite]
[15:58:47] [Server thread/INFO]: Running SQL update script: [sqlScripts/0080-sqlite-addApplyToChildrenColumn.sql], for repo: [.\isolated-smoke-world\data\DistantHorizons.sqlite]
[15:58:47] [Server thread/INFO]: Running SQL update script: [sqlScripts/0090-sqlite-addAdjacentFullDataColumns.sql], for repo: [.\isolated-smoke-world\data\DistantHorizons.sqlite]
[15:58:47] [Server thread/INFO]: Running SQL update script: [sqlScripts/0100-sqlite-deleteLowDetailDataForRegen.sql], for repo: [.\isolated-smoke-world\data\DistantHorizons.sqlite]
[15:58:47] [Server thread/INFO]: Started DhServerLevel for [Wrapped{ServerWorld minecraft:overworld isolated-smoke-world@minecraft:overworld}] at [[LocalSaveStructure@(.\isolated-smoke-world\data)]].
[15:58:47] [DH-Full Data Migration Thread[0]/INFO]: No migration necessary.
[15:58:47] [Server thread/INFO]: Running SQL update script: [sqlScripts/0010-sqlite-createInitialDataTables.sql], for repo: [.\isolated-smoke-world\dimensions\immersive_portals\alternate2\data\DistantHorizons.sqlite]
[15:58:47] [Server thread/INFO]: Running SQL update script: [sqlScripts/0020-sqlite-createFullDataSourceV2Tables.sql], for repo: [.\isolated-smoke-world\dimensions\immersive_portals\alternate2\data\DistantHorizons.sqlite]
[15:58:47] [Server thread/INFO]: Running SQL update script: [sqlScripts/0030-sqlite-changeTableJournaling.sql], for repo: [.\isolated-smoke-world\dimensions\immersive_portals\alternate2\data\DistantHorizons.sqlite]
[15:58:47] [Server thread/INFO]: Running SQL update script: [sqlScripts/0031-sqlite-useSqliteWalJournaling.sql], for repo: [.\isolated-smoke-world\dimensions\immersive_portals\alternate2\data\DistantHorizons.sqlite]
[15:58:47] [Server thread/INFO]: Running SQL update script: [sqlScripts/0040-sqlite-removeRenderCache.sql], for repo: [.\isolated-smoke-world\dimensions\immersive_portals\alternate2\data\DistantHorizons.sqlite]
[15:58:47] [Server thread/INFO]: Running SQL update script: [sqlScripts/0050-sqlite-addApplyToParentIndex.sql], for repo: [.\isolated-smoke-world\dimensions\immersive_portals\alternate2\data\DistantHorizons.sqlite]
[15:58:47] [Server thread/INFO]: Running SQL update script: [sqlScripts/0060-sqlite-createChunkHashTable.sql], for repo: [.\isolated-smoke-world\dimensions\immersive_portals\alternate2\data\DistantHorizons.sqlite]
[15:58:47] [Server thread/INFO]: Running SQL update script: [sqlScripts/0070-sqlite-createBeaconBeamTable.sql], for repo: [.\isolated-smoke-world\dimensions\immersive_portals\alternate2\data\DistantHorizons.sqlite]
[15:58:47] [Server thread/INFO]: Running SQL update script: [sqlScripts/0080-sqlite-addApplyToChildrenColumn.sql], for repo: [.\isolated-smoke-world\dimensions\immersive_portals\alternate2\data\DistantHorizons.sqlite]
[15:58:47] [Server thread/INFO]: Running SQL update script: [sqlScripts/0090-sqlite-addAdjacentFullDataColumns.sql], for repo: [.\isolated-smoke-world\dimensions\immersive_portals\alternate2\data\DistantHorizons.sqlite]
[15:58:47] [Server thread/INFO]: Running SQL update script: [sqlScripts/0100-sqlite-deleteLowDetailDataForRegen.sql], for repo: [.\isolated-smoke-world\dimensions\immersive_portals\alternate2\data\DistantHorizons.sqlite]
[15:58:47] [DH-Full Data Migration Thread[0]/INFO]: No migration necessary.
[15:58:47] [Server thread/INFO]: Started DhServerLevel for [Wrapped{ServerWorld immersive_portals:alternate2 isolated-smoke-world@immersive_portals:alternate2}] at [[LocalSaveStructure@(.\isolated-smoke-world\dimensions\immersive_portals\alternate2\data;.\isolated-smoke-world\data)]].
[15:58:47] [DH-Request Module Ticker [minecraft:overworld] Thread[0]/INFO]: Batch Chunk Generator initialized
[15:58:47] [DH-Request Module Ticker [minecraft:overworld] Thread[0]/INFO]: Creating world gen queue
[15:58:47] [DH-Request Module Ticker [minecraft:overworld] Thread[0]/INFO]: Created world gen queue
[15:58:47] [DH-Request Module Ticker [minecraft:overworld] Thread[0]/INFO]: Set world gen queue for level [minecraft:overworld].
[15:58:47] [DH-Request Module Ticker [immersive_portals:alternate2] Thread[0]/INFO]: Batch Chunk Generator initialized
[15:58:47] [DH-Request Module Ticker [immersive_portals:alternate2] Thread[0]/INFO]: Creating world gen queue
[15:58:47] [DH-Request Module Ticker [immersive_portals:alternate2] Thread[0]/INFO]: Created world gen queue
[15:58:47] [DH-Request Module Ticker [immersive_portals:alternate2] Thread[0]/INFO]: Set world gen queue for level [immersive_portals:alternate2].
[15:58:48] [Server thread/INFO]: Running SQL update script: [sqlScripts/0010-sqlite-createInitialDataTables.sql], for repo: [.\isolated-smoke-world\DIM-1\data\DistantHorizons.sqlite]
[15:58:48] [Server thread/INFO]: Running SQL update script: [sqlScripts/0020-sqlite-createFullDataSourceV2Tables.sql], for repo: [.\isolated-smoke-world\DIM-1\data\DistantHorizons.sqlite]
[15:58:48] [Server thread/INFO]: Running SQL update script: [sqlScripts/0030-sqlite-changeTableJournaling.sql], for repo: [.\isolated-smoke-world\DIM-1\data\DistantHorizons.sqlite]
[15:58:48] [Server thread/INFO]: Running SQL update script: [sqlScripts/0031-sqlite-useSqliteWalJournaling.sql], for repo: [.\isolated-smoke-world\DIM-1\data\DistantHorizons.sqlite]
[15:58:48] [Server thread/INFO]: Running SQL update script: [sqlScripts/0040-sqlite-removeRenderCache.sql], for repo: [.\isolated-smoke-world\DIM-1\data\DistantHorizons.sqlite]
[15:58:48] [Server thread/INFO]: Running SQL update script: [sqlScripts/0050-sqlite-addApplyToParentIndex.sql], for repo: [.\isolated-smoke-world\DIM-1\data\DistantHorizons.sqlite]
[15:58:48] [Server thread/INFO]: Running SQL update script: [sqlScripts/0060-sqlite-createChunkHashTable.sql], for repo: [.\isolated-smoke-world\DIM-1\data\DistantHorizons.sqlite]
[15:58:48] [Server thread/INFO]: Running SQL update script: [sqlScripts/0070-sqlite-createBeaconBeamTable.sql], for repo: [.\isolated-smoke-world\DIM-1\data\DistantHorizons.sqlite]
[15:58:48] [Server thread/INFO]: Running SQL update script: [sqlScripts/0080-sqlite-addApplyToChildrenColumn.sql], for repo: [.\isolated-smoke-world\DIM-1\data\DistantHorizons.sqlite]
[15:58:48] [Server thread/INFO]: Running SQL update script: [sqlScripts/0090-sqlite-addAdjacentFullDataColumns.sql], for repo: [.\isolated-smoke-world\DIM-1\data\DistantHorizons.sqlite]
[15:58:48] [Server thread/INFO]: Running SQL update script: [sqlScripts/0100-sqlite-deleteLowDetailDataForRegen.sql], for repo: [.\isolated-smoke-world\DIM-1\data\DistantHorizons.sqlite]
[15:58:48] [DH-Full Data Migration Thread[0]/INFO]: No migration necessary.
[15:58:48] [Server thread/INFO]: Started DhServerLevel for [Wrapped{ServerWorld minecraft:the_nether isolated-smoke-world@minecraft:the_nether}] at [[LocalSaveStructure@(.\isolated-smoke-world\dimensions\immersive_portals\alternate2\data;.\isolated-smoke-world\data;.\isolated-smoke-world\DIM-1\data)]].
[15:58:48] [Server thread/INFO]: Running SQL update script: [sqlScripts/0010-sqlite-createInitialDataTables.sql], for repo: [.\isolated-smoke-world\dimensions\immersive_portals\alternate3\data\DistantHorizons.sqlite]
[15:58:48] [Server thread/INFO]: Running SQL update script: [sqlScripts/0020-sqlite-createFullDataSourceV2Tables.sql], for repo: [.\isolated-smoke-world\dimensions\immersive_portals\alternate3\data\DistantHorizons.sqlite]
[15:58:48] [Server thread/INFO]: Running SQL update script: [sqlScripts/0030-sqlite-changeTableJournaling.sql], for repo: [.\isolated-smoke-world\dimensions\immersive_portals\alternate3\data\DistantHorizons.sqlite]
[15:58:48] [Server thread/INFO]: Running SQL update script: [sqlScripts/0031-sqlite-useSqliteWalJournaling.sql], for repo: [.\isolated-smoke-world\dimensions\immersive_portals\alternate3\data\DistantHorizons.sqlite]
[15:58:48] [Server thread/INFO]: Running SQL update script: [sqlScripts/0040-sqlite-removeRenderCache.sql], for repo: [.\isolated-smoke-world\dimensions\immersive_portals\alternate3\data\DistantHorizons.sqlite]
[15:58:48] [Server thread/INFO]: Running SQL update script: [sqlScripts/0050-sqlite-addApplyToParentIndex.sql], for repo: [.\isolated-smoke-world\dimensions\immersive_portals\alternate3\data\DistantHorizons.sqlite]
[15:58:48] [Server thread/INFO]: Running SQL update script: [sqlScripts/0060-sqlite-createChunkHashTable.sql], for repo: [.\isolated-smoke-world\dimensions\immersive_portals\alternate3\data\DistantHorizons.sqlite]
[15:58:48] [Server thread/INFO]: Running SQL update script: [sqlScripts/0070-sqlite-createBeaconBeamTable.sql], for repo: [.\isolated-smoke-world\dimensions\immersive_portals\alternate3\data\DistantHorizons.sqlite]
[15:58:48] [Server thread/INFO]: Running SQL update script: [sqlScripts/0080-sqlite-addApplyToChildrenColumn.sql], for repo: [.\isolated-smoke-world\dimensions\immersive_portals\alternate3\data\DistantHorizons.sqlite]
[15:58:48] [Server thread/INFO]: Running SQL update script: [sqlScripts/0090-sqlite-addAdjacentFullDataColumns.sql], for repo: [.\isolated-smoke-world\dimensions\immersive_portals\alternate3\data\DistantHorizons.sqlite]
[15:58:48] [Server thread/INFO]: Running SQL update script: [sqlScripts/0100-sqlite-deleteLowDetailDataForRegen.sql], for repo: [.\isolated-smoke-world\dimensions\immersive_portals\alternate3\data\DistantHorizons.sqlite]
[15:58:48] [DH-Full Data Migration Thread[0]/INFO]: No migration necessary.
[15:58:48] [Server thread/INFO]: Started DhServerLevel for [Wrapped{ServerWorld immersive_portals:alternate3 isolated-smoke-world@immersive_portals:alternate3}] at [[LocalSaveStructure@(.\isolated-smoke-world\dimensions\immersive_portals\alternate2\data;.\isolated-smoke-world\dimensions\immersive_portals\alternate3\data;.\isolated-smoke-world\data;.\isolated-smoke-world\DIM-1\data)]].
[15:58:48] [Server thread/INFO]: Running SQL update script: [sqlScripts/0010-sqlite-createInitialDataTables.sql], for repo: [.\isolated-smoke-world\dimensions\immersive_portals\alternate4\data\DistantHorizons.sqlite]
[15:58:48] [Server thread/INFO]: Running SQL update script: [sqlScripts/0020-sqlite-createFullDataSourceV2Tables.sql], for repo: [.\isolated-smoke-world\dimensions\immersive_portals\alternate4\data\DistantHorizons.sqlite]
[15:58:48] [Server thread/INFO]: Running SQL update script: [sqlScripts/0030-sqlite-changeTableJournaling.sql], for repo: [.\isolated-smoke-world\dimensions\immersive_portals\alternate4\data\DistantHorizons.sqlite]
[15:58:48] [Server thread/INFO]: Running SQL update script: [sqlScripts/0031-sqlite-useSqliteWalJournaling.sql], for repo: [.\isolated-smoke-world\dimensions\immersive_portals\alternate4\data\DistantHorizons.sqlite]
[15:58:48] [Server thread/INFO]: Running SQL update script: [sqlScripts/0040-sqlite-removeRenderCache.sql], for repo: [.\isolated-smoke-world\dimensions\immersive_portals\alternate4\data\DistantHorizons.sqlite]
[15:58:48] [Server thread/INFO]: Running SQL update script: [sqlScripts/0050-sqlite-addApplyToParentIndex.sql], for repo: [.\isolated-smoke-world\dimensions\immersive_portals\alternate4\data\DistantHorizons.sqlite]
[15:58:48] [Server thread/INFO]: Running SQL update script: [sqlScripts/0060-sqlite-createChunkHashTable.sql], for repo: [.\isolated-smoke-world\dimensions\immersive_portals\alternate4\data\DistantHorizons.sqlite]
[15:58:48] [Server thread/INFO]: Running SQL update script: [sqlScripts/0070-sqlite-createBeaconBeamTable.sql], for repo: [.\isolated-smoke-world\dimensions\immersive_portals\alternate4\data\DistantHorizons.sqlite]
[15:58:48] [Server thread/INFO]: Running SQL update script: [sqlScripts/0080-sqlite-addApplyToChildrenColumn.sql], for repo: [.\isolated-smoke-world\dimensions\immersive_portals\alternate4\data\DistantHorizons.sqlite]
[15:58:48] [Server thread/INFO]: Running SQL update script: [sqlScripts/0090-sqlite-addAdjacentFullDataColumns.sql], for repo: [.\isolated-smoke-world\dimensions\immersive_portals\alternate4\data\DistantHorizons.sqlite]
[15:58:48] [Server thread/INFO]: Running SQL update script: [sqlScripts/0100-sqlite-deleteLowDetailDataForRegen.sql], for repo: [.\isolated-smoke-world\dimensions\immersive_portals\alternate4\data\DistantHorizons.sqlite]
[15:58:48] [DH-Full Data Migration Thread[0]/INFO]: No migration necessary.
[15:58:48] [Server thread/INFO]: Started DhServerLevel for [Wrapped{ServerWorld immersive_portals:alternate4 isolated-smoke-world@immersive_portals:alternate4}] at [[LocalSaveStructure@(.\isolated-smoke-world\dimensions\immersive_portals\alternate2\data;.\isolated-smoke-world\dimensions\immersive_portals\alternate4\data;.\isolated-smoke-world\dimensions\immersive_portals\alternate3\data;.\isolated-smoke-world\data;.\isolated-smoke-world\DIM-1\data)]].
[15:58:48] [Server thread/INFO]: Running SQL update script: [sqlScripts/0010-sqlite-createInitialDataTables.sql], for repo: [.\isolated-smoke-world\dimensions\immersive_portals\alternate5\data\DistantHorizons.sqlite]
[15:58:48] [Server thread/INFO]: Running SQL update script: [sqlScripts/0020-sqlite-createFullDataSourceV2Tables.sql], for repo: [.\isolated-smoke-world\dimensions\immersive_portals\alternate5\data\DistantHorizons.sqlite]
[15:58:48] [Server thread/INFO]: Running SQL update script: [sqlScripts/0030-sqlite-changeTableJournaling.sql], for repo: [.\isolated-smoke-world\dimensions\immersive_portals\alternate5\data\DistantHorizons.sqlite]
[15:58:48] [Server thread/INFO]: Running SQL update script: [sqlScripts/0031-sqlite-useSqliteWalJournaling.sql], for repo: [.\isolated-smoke-world\dimensions\immersive_portals\alternate5\data\DistantHorizons.sqlite]
[15:58:48] [Server thread/INFO]: Running SQL update script: [sqlScripts/0040-sqlite-removeRenderCache.sql], for repo: [.\isolated-smoke-world\dimensions\immersive_portals\alternate5\data\DistantHorizons.sqlite]
[15:58:48] [Server thread/INFO]: Running SQL update script: [sqlScripts/0050-sqlite-addApplyToParentIndex.sql], for repo: [.\isolated-smoke-world\dimensions\immersive_portals\alternate5\data\DistantHorizons.sqlite]
[15:58:48] [Server thread/INFO]: Running SQL update script: [sqlScripts/0060-sqlite-createChunkHashTable.sql], for repo: [.\isolated-smoke-world\dimensions\immersive_portals\alternate5\data\DistantHorizons.sqlite]
[15:58:48] [Server thread/INFO]: Running SQL update script: [sqlScripts/0070-sqlite-createBeaconBeamTable.sql], for repo: [.\isolated-smoke-world\dimensions\immersive_portals\alternate5\data\DistantHorizons.sqlite]
[15:58:48] [Server thread/INFO]: Running SQL update script: [sqlScripts/0080-sqlite-addApplyToChildrenColumn.sql], for repo: [.\isolated-smoke-world\dimensions\immersive_portals\alternate5\data\DistantHorizons.sqlite]
[15:58:48] [Server thread/INFO]: Running SQL update script: [sqlScripts/0090-sqlite-addAdjacentFullDataColumns.sql], for repo: [.\isolated-smoke-world\dimensions\immersive_portals\alternate5\data\DistantHorizons.sqlite]
[15:58:48] [Server thread/INFO]: Running SQL update script: [sqlScripts/0100-sqlite-deleteLowDetailDataForRegen.sql], for repo: [.\isolated-smoke-world\dimensions\immersive_portals\alternate5\data\DistantHorizons.sqlite]
[15:58:48] [DH-Full Data Migration Thread[0]/INFO]: No migration necessary.
[15:58:48] [Server thread/INFO]: Started DhServerLevel for [Wrapped{ServerWorld immersive_portals:alternate5 isolated-smoke-world@immersive_portals:alternate5}] at [[LocalSaveStructure@(.\isolated-smoke-world\dimensions\immersive_portals\alternate2\data;.\isolated-smoke-world\dimensions\immersive_portals\alternate4\data;.\isolated-smoke-world\dimensions\immersive_portals\alternate3\data;.\isolated-smoke-world\dimensions\immersive_portals\alternate5\data;.\isolated-smoke-world\data;.\isolated-smoke-world\DIM-1\data)]].
[15:58:48] [Server thread/INFO]: Running SQL update script: [sqlScripts/0010-sqlite-createInitialDataTables.sql], for repo: [.\isolated-smoke-world\DIM1\data\DistantHorizons.sqlite]
[15:58:48] [Server thread/INFO]: Running SQL update script: [sqlScripts/0020-sqlite-createFullDataSourceV2Tables.sql], for repo: [.\isolated-smoke-world\DIM1\data\DistantHorizons.sqlite]
[15:58:48] [Server thread/INFO]: Running SQL update script: [sqlScripts/0030-sqlite-changeTableJournaling.sql], for repo: [.\isolated-smoke-world\DIM1\data\DistantHorizons.sqlite]
[15:58:48] [Server thread/INFO]: Running SQL update script: [sqlScripts/0031-sqlite-useSqliteWalJournaling.sql], for repo: [.\isolated-smoke-world\DIM1\data\DistantHorizons.sqlite]
[15:58:48] [Server thread/INFO]: Running SQL update script: [sqlScripts/0040-sqlite-removeRenderCache.sql], for repo: [.\isolated-smoke-world\DIM1\data\DistantHorizons.sqlite]
[15:58:48] [Server thread/INFO]: Running SQL update script: [sqlScripts/0050-sqlite-addApplyToParentIndex.sql], for repo: [.\isolated-smoke-world\DIM1\data\DistantHorizons.sqlite]
[15:58:48] [Server thread/INFO]: Running SQL update script: [sqlScripts/0060-sqlite-createChunkHashTable.sql], for repo: [.\isolated-smoke-world\DIM1\data\DistantHorizons.sqlite]
[15:58:48] [Server thread/INFO]: Running SQL update script: [sqlScripts/0070-sqlite-createBeaconBeamTable.sql], for repo: [.\isolated-smoke-world\DIM1\data\DistantHorizons.sqlite]
[15:58:48] [Server thread/INFO]: Running SQL update script: [sqlScripts/0080-sqlite-addApplyToChildrenColumn.sql], for repo: [.\isolated-smoke-world\DIM1\data\DistantHorizons.sqlite]
[15:58:48] [Server thread/INFO]: Running SQL update script: [sqlScripts/0090-sqlite-addAdjacentFullDataColumns.sql], for repo: [.\isolated-smoke-world\DIM1\data\DistantHorizons.sqlite]
[15:58:48] [Server thread/INFO]: Running SQL update script: [sqlScripts/0100-sqlite-deleteLowDetailDataForRegen.sql], for repo: [.\isolated-smoke-world\DIM1\data\DistantHorizons.sqlite]
[15:58:48] [DH-Full Data Migration Thread[0]/INFO]: No migration necessary.
[15:58:48] [Server thread/INFO]: Started DhServerLevel for [Wrapped{ServerWorld minecraft:the_end isolated-smoke-world@minecraft:the_end}] at [[LocalSaveStructure@(.\isolated-smoke-world\dimensions\immersive_portals\alternate2\data;.\isolated-smoke-world\DIM1\data;.\isolated-smoke-world\dimensions\immersive_portals\alternate4\data;.\isolated-smoke-world\dimensions\immersive_portals\alternate3\data;.\isolated-smoke-world\dimensions\immersive_portals\alternate5\data;.\isolated-smoke-world\data;.\isolated-smoke-world\DIM-1\data)]].
[15:58:48] [Server thread/INFO]: Running SQL update script: [sqlScripts/0010-sqlite-createInitialDataTables.sql], for repo: [.\isolated-smoke-world\dimensions\immersive_portals\alternate1\data\DistantHorizons.sqlite]
[15:58:48] [Server thread/INFO]: Running SQL update script: [sqlScripts/0020-sqlite-createFullDataSourceV2Tables.sql], for repo: [.\isolated-smoke-world\dimensions\immersive_portals\alternate1\data\DistantHorizons.sqlite]
[15:58:48] [Server thread/INFO]: Running SQL update script: [sqlScripts/0030-sqlite-changeTableJournaling.sql], for repo: [.\isolated-smoke-world\dimensions\immersive_portals\alternate1\data\DistantHorizons.sqlite]
[15:58:48] [Server thread/INFO]: Running SQL update script: [sqlScripts/0031-sqlite-useSqliteWalJournaling.sql], for repo: [.\isolated-smoke-world\dimensions\immersive_portals\alternate1\data\DistantHorizons.sqlite]
[15:58:48] [Server thread/INFO]: Running SQL update script: [sqlScripts/0040-sqlite-removeRenderCache.sql], for repo: [.\isolated-smoke-world\dimensions\immersive_portals\alternate1\data\DistantHorizons.sqlite]
[15:58:48] [Server thread/INFO]: Running SQL update script: [sqlScripts/0050-sqlite-addApplyToParentIndex.sql], for repo: [.\isolated-smoke-world\dimensions\immersive_portals\alternate1\data\DistantHorizons.sqlite]
[15:58:48] [Server thread/INFO]: Running SQL update script: [sqlScripts/0060-sqlite-createChunkHashTable.sql], for repo: [.\isolated-smoke-world\dimensions\immersive_portals\alternate1\data\DistantHorizons.sqlite]
[15:58:48] [Server thread/INFO]: Running SQL update script: [sqlScripts/0070-sqlite-createBeaconBeamTable.sql], for repo: [.\isolated-smoke-world\dimensions\immersive_portals\alternate1\data\DistantHorizons.sqlite]
[15:58:48] [Server thread/INFO]: Running SQL update script: [sqlScripts/0080-sqlite-addApplyToChildrenColumn.sql], for repo: [.\isolated-smoke-world\dimensions\immersive_portals\alternate1\data\DistantHorizons.sqlite]
[15:58:48] [Server thread/INFO]: Running SQL update script: [sqlScripts/0090-sqlite-addAdjacentFullDataColumns.sql], for repo: [.\isolated-smoke-world\dimensions\immersive_portals\alternate1\data\DistantHorizons.sqlite]
[15:58:48] [Server thread/INFO]: Running SQL update script: [sqlScripts/0100-sqlite-deleteLowDetailDataForRegen.sql], for repo: [.\isolated-smoke-world\dimensions\immersive_portals\alternate1\data\DistantHorizons.sqlite]
[15:58:48] [DH-Full Data Migration Thread[0]/INFO]: No migration necessary.
[15:58:48] [Server thread/INFO]: Started DhServerLevel for [Wrapped{ServerWorld immersive_portals:alternate1 isolated-smoke-world@immersive_portals:alternate1}] at [[LocalSaveStructure@(.\isolated-smoke-world\dimensions\immersive_portals\alternate2\data;.\isolated-smoke-world\DIM1\data;.\isolated-smoke-world\dimensions\immersive_portals\alternate1\data;.\isolated-smoke-world\dimensions\immersive_portals\alternate4\data;.\isolated-smoke-world\dimensions\immersive_portals\alternate3\data;.\isolated-smoke-world\dimensions\immersive_portals\alternate5\data;.\isolated-smoke-world\data;.\isolated-smoke-world\DIM-1\data)]].
[15:58:48] [Server thread/INFO]: The server has no dimension stack preset.
[15:58:48] [Server thread/INFO]: Global portal storage initialized minecraft:overworld
[15:58:48] [Server thread/INFO]: Bedrock Replacement minecraft:overworld null
[15:58:48] [Server thread/INFO]: Global portal storage initialized immersive_portals:alternate2
[15:58:48] [Server thread/INFO]: Bedrock Replacement immersive_portals:alternate2 null
[15:58:48] [Server thread/INFO]: Global portal storage initialized minecraft:the_nether
[15:58:48] [Server thread/INFO]: Bedrock Replacement minecraft:the_nether null
[15:58:48] [Server thread/INFO]: Global portal storage initialized immersive_portals:alternate3
[15:58:48] [Server thread/INFO]: Bedrock Replacement immersive_portals:alternate3 null
[15:58:48] [Server thread/INFO]: Global portal storage initialized immersive_portals:alternate4
[15:58:48] [Server thread/INFO]: Bedrock Replacement immersive_portals:alternate4 null
[15:58:48] [Server thread/INFO]: Global portal storage initialized immersive_portals:alternate5
[15:58:48] [Server thread/INFO]: Bedrock Replacement immersive_portals:alternate5 null
[15:58:48] [Server thread/INFO]: Global portal storage initialized minecraft:the_end
[15:58:48] [Server thread/INFO]: Bedrock Replacement minecraft:the_end null
[15:58:48] [Server thread/INFO]: Global portal storage initialized immersive_portals:alternate1
[15:58:48] [Server thread/INFO]: Bedrock Replacement immersive_portals:alternate1 null
[15:58:48] [Server thread/INFO]: Immersive Portals' Dimension Id Record File Does Not Exist
[15:58:48] [Server thread/INFO]: Immersive Portals' dimension id record is missing
[15:58:48] [Server thread/INFO]: Dimension Id Record is Missing
[15:58:48] [Server thread/INFO]: Start Completing Dimension Id Record
[15:58:48] [Server thread/INFO]: Before:

[15:58:48] [Server thread/INFO]: Server Loaded Dimensions:
immersive_portals:alternate1
immersive_portals:alternate2
immersive_portals:alternate3
immersive_portals:alternate4
immersive_portals:alternate5
minecraft:overworld
minecraft:the_end
minecraft:the_nether

[15:58:48] [Server thread/INFO]: After:
minecraft:the_nether -> -1
minecraft:overworld -> 0
minecraft:the_end -> 1
immersive_portals:alternate1 -> 2
immersive_portals:alternate2 -> 3
immersive_portals:alternate3 -> 4
immersive_portals:alternate4 -> 5
immersive_portals:alternate5 -> 6
[15:58:48] [Server thread/INFO]: Dimension Id Info Saved to File
[15:58:48] [Server thread/INFO]: Preparing start region for dimension minecraft:overworld
[15:58:48] [Server thread/INFO]: Server resource reload complete!
[15:58:48] [DH-Request Module Ticker [minecraft:the_nether] Thread[0]/INFO]: Batch Chunk Generator initialized
[15:58:48] [DH-Request Module Ticker [minecraft:the_nether] Thread[0]/INFO]: Creating world gen queue
[15:58:48] [DH-Request Module Ticker [minecraft:the_nether] Thread[0]/INFO]: Created world gen queue
[15:58:48] [DH-Request Module Ticker [minecraft:the_nether] Thread[0]/INFO]: Set world gen queue for level [minecraft:the_nether].
[15:58:48] [DH-Request Module Ticker [immersive_portals:alternate3] Thread[0]/WARN]: Unknown Chunk Generator detected: [class qouteall.imm_ptl.peripheral.alternate_dimension.ErrorTerrainGenerator], Distant Generation May Fail!
[15:58:48] [DH-Request Module Ticker [immersive_portals:alternate3] Thread[0]/WARN]: If it does crash, disable Distant Generation or set the Generation Mode to [PRE_EXISTING_ONLY].
[15:58:48] [DH-Request Module Ticker [immersive_portals:alternate3] Thread[0]/INFO]: Batch Chunk Generator initialized
[15:58:48] [DH-Request Module Ticker [immersive_portals:alternate3] Thread[0]/INFO]: Creating world gen queue
[15:58:48] [DH-Request Module Ticker [immersive_portals:alternate3] Thread[0]/INFO]: Created world gen queue
[15:58:48] [DH-Request Module Ticker [immersive_portals:alternate3] Thread[0]/INFO]: Set world gen queue for level [immersive_portals:alternate3].
[15:58:48] [DH-Request Module Ticker [immersive_portals:alternate4] Thread[0]/WARN]: Unknown Chunk Generator detected: [class qouteall.imm_ptl.peripheral.alternate_dimension.ErrorTerrainGenerator], Distant Generation May Fail!
[15:58:48] [DH-Request Module Ticker [immersive_portals:alternate4] Thread[0]/WARN]: If it does crash, disable Distant Generation or set the Generation Mode to [PRE_EXISTING_ONLY].
[15:58:48] [DH-Request Module Ticker [immersive_portals:alternate4] Thread[0]/INFO]: Batch Chunk Generator initialized
[15:58:48] [DH-Request Module Ticker [immersive_portals:alternate4] Thread[0]/INFO]: Creating world gen queue
[15:58:48] [DH-Request Module Ticker [immersive_portals:alternate4] Thread[0]/INFO]: Created world gen queue
[15:58:48] [DH-Request Module Ticker [immersive_portals:alternate4] Thread[0]/INFO]: Set world gen queue for level [immersive_portals:alternate4].
[15:58:48] [DH-Request Module Ticker [immersive_portals:alternate5] Thread[0]/INFO]: Batch Chunk Generator initialized
[15:58:48] [DH-Request Module Ticker [immersive_portals:alternate5] Thread[0]/INFO]: Creating world gen queue
[15:58:48] [DH-Request Module Ticker [immersive_portals:alternate5] Thread[0]/INFO]: Created world gen queue
[15:58:48] [DH-Request Module Ticker [immersive_portals:alternate5] Thread[0]/INFO]: Set world gen queue for level [immersive_portals:alternate5].
[15:58:48] [DH-Request Module Ticker [minecraft:the_end] Thread[0]/INFO]: Batch Chunk Generator initialized
[15:58:48] [DH-Request Module Ticker [minecraft:the_end] Thread[0]/INFO]: Creating world gen queue
[15:58:48] [DH-Request Module Ticker [minecraft:the_end] Thread[0]/INFO]: Created world gen queue
[15:58:48] [DH-Request Module Ticker [minecraft:the_end] Thread[0]/INFO]: Set world gen queue for level [minecraft:the_end].
[15:58:49] [DH-Request Module Ticker [immersive_portals:alternate1] Thread[0]/INFO]: Batch Chunk Generator initialized
[15:58:49] [DH-Request Module Ticker [immersive_portals:alternate1] Thread[0]/INFO]: Creating world gen queue
[15:58:49] [DH-Request Module Ticker [immersive_portals:alternate1] Thread[0]/INFO]: Created world gen queue
[15:58:49] [DH-Request Module Ticker [immersive_portals:alternate1] Thread[0]/INFO]: Set world gen queue for level [immersive_portals:alternate1].
[15:58:50] [Worker-Main-15/INFO]: Preparing spawn area: 0%
[15:58:50] [Worker-Main-15/INFO]: Preparing spawn area: 0%
[15:58:50] [Worker-Main-15/INFO]: Preparing spawn area: 0%
[15:58:50] [Worker-Main-15/INFO]: Preparing spawn area: 0%
[15:58:50] [Worker-Main-4/INFO]: Preparing spawn area: 0%
[15:58:50] [Worker-Main-6/INFO]: Preparing spawn area: 9%
[15:58:51] [Worker-Main-8/INFO]: Preparing spawn area: 45%
[15:58:51] [Worker-Main-8/INFO]: Preparing spawn area: 93%
[15:58:51] [Server thread/INFO]: Time elapsed: 3558 ms
[15:58:51] [Server thread/INFO]: Loading custom portal generation
[15:58:51] [Server thread/INFO]: Done (4.964s)! For help, type "help"
[15:58:54] [Server thread/INFO]: Encoded Weapon Attribute registry size (with package overhead): 120000 bytes (in 12 string chunks with the size of 10000)
[15:58:54][FINE/customnpcs][noppes.npcs.controllers.DialogController:41] Loading Dialogs
[15:58:54][FINE/customnpcs][noppes.npcs.controllers.DialogController:43] Done loading Dialogs
[15:58:54] [Server thread/INFO]: Start loading plugin from Jade
[15:58:54] [Server thread/INFO]: Start loading plugin from Jade
[15:58:54] [Server thread/INFO]: Start loading plugin from Jade
[15:58:54] [Server thread/INFO]: Start loading plugin from Supplementaries
[15:59:17] [Server thread/INFO]: Values have been reloaded
[15:59:18] [Server thread/ERROR]: [Immersive Portals] Detected a mildly incompatible mod: Create create description: Sometimes some contraptions will be invisible. link: null
[15:59:18] [Server thread/INFO]: translation{key='imm_ptl.message_from_server', args=[]}
[15:59:18] [Server thread/ERROR]: [Immersive Portals] Detected a mildly incompatible mod: Distant Horizons lod description: null link: null
[15:59:18] [Server thread/INFO]: translation{key='imm_ptl.message_from_server', args=[]}
[15:59:18] [Server thread/ERROR]: [Immersive Portals] Detected a mildly incompatible mod: Entity Culling entityculling description: Entities may be invisible when looking at a portal. link: null
[15:59:18] [Server thread/INFO]: translation{key='imm_ptl.message_from_server', args=[]}
[15:59:18] [Server thread/INFO]: Server performance level: good
[15:59:18] [Server thread/INFO]: There are 0 of a max of 2 players online: 
[15:59:18] [Server thread/INFO]: /bbrp object (rotate|delete|lock|unlock|list|link|unlink)
[15:59:18] [Server thread/INFO]: /bbrp lamp (register|rename|remove|list|link|unlink|route)
[15:59:18] [Server thread/INFO]: /bb rotate
[15:59:18] [Server thread/INFO]: /bb debug
[15:59:18] [Server thread/INFO]: /bb visual (get|base|alt|toggle)
[15:59:18] [Server thread/INFO]: /bb wall (debug|rotate|visual|course|material|connections)
[15:59:18] [Server thread/INFO]: /bloodborne rotate
[15:59:18] [Server thread/INFO]: /bloodborne debug
[15:59:18] [Server thread/INFO]: /bloodborne visual (get|base|alt|toggle)
[15:59:18] [Server thread/INFO]: /bloodborne wall (debug|rotate|visual|course|material|connections)
[15:59:18] [Server thread/INFO]: Stopping the server
[15:59:18] [Server thread/INFO]: Loaded Reach Entity Attributes scaler
[15:59:18] [Server thread/INFO]: Stopping server
[15:59:18] [Server thread/INFO]: Saving players
[15:59:18] [Server thread/INFO]: Saving worlds
[15:59:20] [Server thread/INFO]: Saving chunks for level 'ServerWorld minecraft:overworld isolated-smoke-world'/minecraft:overworld
[15:59:21] [Server thread/INFO]: Saving chunks for level 'ServerWorld immersive_portals:alternate2 isolated-smoke-world'/immersive_portals:alternate2
[15:59:21] [Server thread/INFO]: Saving chunks for level 'ServerWorld minecraft:the_nether isolated-smoke-world'/minecraft:the_nether
[15:59:21] [Server thread/INFO]: Saving chunks for level 'ServerWorld immersive_portals:alternate3 isolated-smoke-world'/immersive_portals:alternate3
[15:59:21] [Server thread/INFO]: Saving chunks for level 'ServerWorld immersive_portals:alternate4 isolated-smoke-world'/immersive_portals:alternate4
[15:59:21] [Server thread/INFO]: Saving chunks for level 'ServerWorld immersive_portals:alternate5 isolated-smoke-world'/immersive_portals:alternate5
[15:59:21] [Server thread/INFO]: Saving chunks for level 'ServerWorld minecraft:the_end isolated-smoke-world'/minecraft:the_end
[15:59:21] [Server thread/INFO]: Saving chunks for level 'ServerWorld immersive_portals:alternate1 isolated-smoke-world'/immersive_portals:alternate1
[15:59:21] [Server thread/INFO]: ThreadedAnvilChunkStorage (isolated-smoke-world): All chunks are saved
[15:59:21] [Server thread/INFO]: ThreadedAnvilChunkStorage (alternate2): All chunks are saved
[15:59:21] [Server thread/INFO]: ThreadedAnvilChunkStorage (DIM-1): All chunks are saved
[15:59:21] [Server thread/INFO]: ThreadedAnvilChunkStorage (alternate3): All chunks are saved
[15:59:21] [Server thread/INFO]: ThreadedAnvilChunkStorage (alternate4): All chunks are saved
[15:59:21] [Server thread/INFO]: ThreadedAnvilChunkStorage (alternate5): All chunks are saved
[15:59:21] [Server thread/INFO]: ThreadedAnvilChunkStorage (DIM1): All chunks are saved
[15:59:21] [Server thread/INFO]: ThreadedAnvilChunkStorage (alternate1): All chunks are saved
[15:59:21] [Server thread/INFO]: ThreadedAnvilChunkStorage: All dimensions are saved
[15:59:21] [Server thread/INFO]: Closing world gen queue
[15:59:21] [Server thread/INFO]: Closing WorldGenerationQueue...
[15:59:21] [Server thread/INFO]: Shutting down world generator thread pool...
[15:59:21] [Server thread/INFO]: World generator thread pool shutdown with [0] incomplete tasks.
[15:59:21] [Server thread/INFO]: [BatchGenerator] shutting down...
[15:59:21] [Server thread/INFO]: Closing [BatchGenerationEnvironment_fabric]
[15:59:21] [Server thread/INFO]: Finished closing WorldGenerationQueue
[15:59:21] [Server thread/INFO]: Closed DHLevel for [Wrapped{ServerWorld minecraft:overworld isolated-smoke-world@minecraft:overworld}].
[15:59:21] [Server thread/INFO]: Closing world gen queue
[15:59:21] [Server thread/INFO]: Closing WorldGenerationQueue...
[15:59:21] [Server thread/INFO]: Shutting down world generator thread pool...
[15:59:21] [Server thread/INFO]: World generator thread pool shutdown with [0] incomplete tasks.
[15:59:21] [Server thread/INFO]: [BatchGenerator] shutting down...
[15:59:21] [Server thread/INFO]: Closing [BatchGenerationEnvironment_fabric]
[15:59:21] [Server thread/INFO]: Finished closing WorldGenerationQueue
[15:59:21] [Server thread/INFO]: Closed DHLevel for [Wrapped{ServerWorld immersive_portals:alternate2 isolated-smoke-world@immersive_portals:alternate2}].
[15:59:21] [Server thread/INFO]: Closing world gen queue
[15:59:21] [Server thread/INFO]: Closing WorldGenerationQueue...
[15:59:21] [Server thread/INFO]: Shutting down world generator thread pool...
[15:59:21] [Server thread/INFO]: World generator thread pool shutdown with [0] incomplete tasks.
[15:59:21] [Server thread/INFO]: [BatchGenerator] shutting down...
[15:59:21] [Server thread/INFO]: Closing [BatchGenerationEnvironment_fabric]
[15:59:21] [Server thread/INFO]: Finished closing WorldGenerationQueue
[15:59:21] [Server thread/INFO]: Closed DHLevel for [Wrapped{ServerWorld minecraft:the_nether isolated-smoke-world@minecraft:the_nether}].
[15:59:21] [Server thread/INFO]: Closing world gen queue
[15:59:21] [Server thread/INFO]: Closing WorldGenerationQueue...
[15:59:21] [Server thread/INFO]: Shutting down world generator thread pool...
[15:59:21] [Server thread/INFO]: World generator thread pool shutdown with [0] incomplete tasks.
[15:59:21] [Server thread/INFO]: [BatchGenerator] shutting down...
[15:59:21] [Server thread/INFO]: Closing [BatchGenerationEnvironment_fabric]
[15:59:21] [Server thread/INFO]: Finished closing WorldGenerationQueue
[15:59:21] [Server thread/INFO]: Closed DHLevel for [Wrapped{ServerWorld immersive_portals:alternate3 isolated-smoke-world@immersive_portals:alternate3}].
[15:59:21] [Server thread/INFO]: Closing world gen queue
[15:59:21] [Server thread/INFO]: Closing WorldGenerationQueue...
[15:59:21] [Server thread/INFO]: Shutting down world generator thread pool...
[15:59:21] [Server thread/INFO]: World generator thread pool shutdown with [0] incomplete tasks.
[15:59:21] [Server thread/INFO]: [BatchGenerator] shutting down...
[15:59:21] [Server thread/INFO]: Closing [BatchGenerationEnvironment_fabric]
[15:59:21] [Server thread/INFO]: Finished closing WorldGenerationQueue
[15:59:21] [Server thread/INFO]: Closed DHLevel for [Wrapped{ServerWorld immersive_portals:alternate4 isolated-smoke-world@immersive_portals:alternate4}].
[15:59:21] [Server thread/INFO]: Closing world gen queue
[15:59:21] [Server thread/INFO]: Closing WorldGenerationQueue...
[15:59:21] [Server thread/INFO]: Shutting down world generator thread pool...
[15:59:21] [Server thread/INFO]: World generator thread pool shutdown with [0] incomplete tasks.
[15:59:21] [Server thread/INFO]: [BatchGenerator] shutting down...
[15:59:21] [Server thread/INFO]: Closing [BatchGenerationEnvironment_fabric]
[15:59:21] [Server thread/INFO]: Finished closing WorldGenerationQueue
[15:59:21] [Server thread/INFO]: Closed DHLevel for [Wrapped{ServerWorld immersive_portals:alternate5 isolated-smoke-world@immersive_portals:alternate5}].
[15:59:21] [Server thread/INFO]: Closing world gen queue
[15:59:21] [Server thread/INFO]: Closing WorldGenerationQueue...
[15:59:21] [Server thread/INFO]: Shutting down world generator thread pool...
[15:59:21] [Server thread/INFO]: World generator thread pool shutdown with [0] incomplete tasks.
[15:59:21] [Server thread/INFO]: [BatchGenerator] shutting down...
[15:59:21] [Server thread/INFO]: Closing [BatchGenerationEnvironment_fabric]
[15:59:21] [Server thread/INFO]: Finished closing WorldGenerationQueue
[15:59:21] [Server thread/INFO]: Closed DHLevel for [Wrapped{ServerWorld minecraft:the_end isolated-smoke-world@minecraft:the_end}].
[15:59:21] [Server thread/INFO]: Closing world gen queue
[15:59:21] [Server thread/INFO]: Closing WorldGenerationQueue...
[15:59:21] [Server thread/INFO]: Shutting down world generator thread pool...
[15:59:21] [Server thread/INFO]: World generator thread pool shutdown with [0] incomplete tasks.
[15:59:21] [Server thread/INFO]: [BatchGenerator] shutting down...
[15:59:21] [Server thread/INFO]: Closing [BatchGenerationEnvironment_fabric]
[15:59:21] [Server thread/INFO]: Finished closing WorldGenerationQueue
[15:59:21] [Server thread/INFO]: Closed DHLevel for [Wrapped{ServerWorld immersive_portals:alternate1 isolated-smoke-world@immersive_portals:alternate1}].
[15:59:21] [Server thread/INFO]: [Textile Backup] Warning! Server backup will begin shortly. You may experience some lag.
[15:59:21] [Server thread/INFO]: [Textile Backup] Backup started by: Server Shutdown on: 2026.10.07_15-59-21
[15:59:21] [Server thread/INFO]: [Textile Backup] Starting backup
[15:59:22] [Server thread/INFO]: [Textile Backup] Compression took: 00.665 seconds.
[15:59:22] [Server thread/INFO]: [Textile Backup] Done!
[15:59:22] [Server thread/INFO]: Closed DhWorld of type [SERVER_ONLY].
[15:59:22] [Server thread/INFO]: Closed DhWorld of type [SERVER_ONLY].
[15:59:22] [Server thread/INFO]: Shutting down PriorityTaskPicker thread pool...
[15:59:22] [Server thread/INFO]: Closing all [8] database connections...
[15:59:22] [Server thread/INFO]: Closing database connection: [jdbc:dh_sqlite:.\isolated-smoke-world\DIM-1\data\DistantHorizons.sqlite]
[15:59:22] [Server thread/INFO]: Closing database connection: [jdbc:dh_sqlite:.\isolated-smoke-world\DIM1\data\DistantHorizons.sqlite]
[15:59:22] [Server thread/INFO]: Closing database connection: [jdbc:dh_sqlite:.\isolated-smoke-world\data\DistantHorizons.sqlite]
[15:59:22] [Server thread/INFO]: Closing database connection: [jdbc:dh_sqlite:.\isolated-smoke-world\dimensions\immersive_portals\alternate4\data\DistantHorizons.sqlite]
[15:59:22] [Server thread/INFO]: Closing database connection: [jdbc:dh_sqlite:.\isolated-smoke-world\dimensions\immersive_portals\alternate1\data\DistantHorizons.sqlite]
[15:59:22] [Server thread/INFO]: Closing database connection: [jdbc:dh_sqlite:.\isolated-smoke-world\dimensions\immersive_portals\alternate2\data\DistantHorizons.sqlite]
[15:59:22] [Server thread/INFO]: Closing database connection: [jdbc:dh_sqlite:.\isolated-smoke-world\dimensions\immersive_portals\alternate3\data\DistantHorizons.sqlite]
[15:59:22] [Server thread/INFO]: Closing database connection: [jdbc:dh_sqlite:.\isolated-smoke-world\dimensions\immersive_portals\alternate5\data\DistantHorizons.sqlite]
