  <log4j:Event logger="cpw.mods.modlauncher.Launcher" timestamp="1791402273125" level="INFO" thread="main">
    <log4j:Message><![CDATA[ModLauncher running: args [--username, SourcePhysicsQA, --version, 1.18.2-forge-40.2.0, --gameDir, C:\Users\vakir\.codex\worktrees\3f07\DW\bloodborne complete\build\source-reference-client-woodgate-v9-actual2, --assetsDir, C:\Users\vakir\.codex\worktrees\3f07\DW\bloodborne complete\build\source-reference-client-woodgate-v9-actual2\assets, --assetIndex, 1.18, --uuid, f5dffe88-4806-372a-9dbf-956133e18cc2, --accessToken, ❄❄❄❄❄❄❄❄, --clientId, , --xuid, , --userType, legacy, --versionType, release, --width, 1280, --height, 720, --launchTarget, forgeclient, --fml.forgeVersion, 40.2.0, --fml.mcVersion, 1.18.2, --fml.forgeGroup, net.minecraftforge, --fml.mcpVersion, 20220404.173914]]]></log4j:Message>
  </log4j:Event>
  <log4j:Event logger="cpw.mods.modlauncher.Launcher" timestamp="1791402273135" level="INFO" thread="main">
    <log4j:Message><![CDATA[ModLauncher 9.1.3+9.1.3+main.9b69c82a starting: java version 17.0.15 by Microsoft]]></log4j:Message>
  </log4j:Event>
  <log4j:Event logger="mixin" timestamp="1791402273311" level="INFO" thread="main">
    <log4j:Message><![CDATA[SpongePowered MIXIN Subsystem Version=0.8.5 Source=union:/C:/Users/vakir/.codex/worktrees/3f07/DW/bloodborne%20complete/build/source-reference-client-woodgate-v9-actual2/libraries/org/spongepowered/mixin/0.8.5/mixin-0.8.5.jar%2348!/ Service=ModLauncher Env=CLIENT]]></log4j:Message>
  </log4j:Event>
  <log4j:Event logger="net.minecraftforge.fml.loading.FMLConfig" timestamp="1791402273380" level="WARN" thread="main">
    <log4j:Message><![CDATA[Configuration file C:\Users\vakir\.codex\worktrees\3f07\DW\bloodborne complete\build\source-reference-client-woodgate-v9-actual2\config\fml.toml is not correct. Correcting]]></log4j:Message>
  </log4j:Event>
  <log4j:Event logger="net.minecraftforge.fml.loading.FMLConfig" timestamp="1791402273391" level="WARN" thread="main">
    <log4j:Message><![CDATA[Incorrect key [defaultConfigPath] was corrected from null to defaultconfigs]]></log4j:Message>
  </log4j:Event>
  <log4j:Event logger="net.minecraftforge.fml.loading.moddiscovery.ModDiscoverer" timestamp="1791402273506" level="INFO" thread="main">
    <log4j:Message><![CDATA[Found mod file Bloodborne_X_Minecraft_mod_6.0.jar of type MOD with provider {mods folder locator at C:\Users\vakir\.codex\worktrees\3f07\DW\bloodborne complete\build\source-reference-client-woodgate-v9-actual2\mods}]]></log4j:Message>
  </log4j:Event>
  <log4j:Event logger="net.minecraftforge.fml.loading.moddiscovery.ModDiscoverer" timestamp="1791402273507" level="INFO" thread="main">
    <log4j:Message><![CDATA[Found mod file dreamwalker-source-client-physics-qa.jar of type MOD with provider {mods folder locator at C:\Users\vakir\.codex\worktrees\3f07\DW\bloodborne complete\build\source-reference-client-woodgate-v9-actual2\mods}]]></log4j:Message>
  </log4j:Event>
  <log4j:Event logger="net.minecraftforge.fml.loading.moddiscovery.ModDiscoverer" timestamp="1791402273508" level="INFO" thread="main">
    <log4j:Message><![CDATA[Found mod file geckolib-forge-1.18-3.0.57.jar of type MOD with provider {mods folder locator at C:\Users\vakir\.codex\worktrees\3f07\DW\bloodborne complete\build\source-reference-client-woodgate-v9-actual2\mods}]]></log4j:Message>
  </log4j:Event>
  <log4j:Event logger="net.minecraftforge.fml.loading.moddiscovery.ModFileParser" timestamp="1791402273718" level="WARN" thread="main">
    <log4j:Message><![CDATA[Mod file C:\Users\vakir\.codex\worktrees\3f07\DW\bloodborne complete\build\source-reference-client-woodgate-v9-actual2\libraries\net\minecraftforge\fmlcore\1.18.2-40.2.0\fmlcore-1.18.2-40.2.0.jar is missing mods.toml file]]></log4j:Message>
  </log4j:Event>
  <log4j:Event logger="net.minecraftforge.fml.loading.moddiscovery.ModFileParser" timestamp="1791402273726" level="WARN" thread="main">
    <log4j:Message><![CDATA[Mod file C:\Users\vakir\.codex\worktrees\3f07\DW\bloodborne complete\build\source-reference-client-woodgate-v9-actual2\libraries\net\minecraftforge\javafmllanguage\1.18.2-40.2.0\javafmllanguage-1.18.2-40.2.0.jar is missing mods.toml file]]></log4j:Message>
  </log4j:Event>
  <log4j:Event logger="net.minecraftforge.fml.loading.moddiscovery.ModFileParser" timestamp="1791402273734" level="WARN" thread="main">
    <log4j:Message><![CDATA[Mod file C:\Users\vakir\.codex\worktrees\3f07\DW\bloodborne complete\build\source-reference-client-woodgate-v9-actual2\libraries\net\minecraftforge\lowcodelanguage\1.18.2-40.2.0\lowcodelanguage-1.18.2-40.2.0.jar is missing mods.toml file]]></log4j:Message>
  </log4j:Event>
  <log4j:Event logger="net.minecraftforge.fml.loading.moddiscovery.ModFileParser" timestamp="1791402273742" level="WARN" thread="main">
    <log4j:Message><![CDATA[Mod file C:\Users\vakir\.codex\worktrees\3f07\DW\bloodborne complete\build\source-reference-client-woodgate-v9-actual2\libraries\net\minecraftforge\mclanguage\1.18.2-40.2.0\mclanguage-1.18.2-40.2.0.jar is missing mods.toml file]]></log4j:Message>
  </log4j:Event>
  <log4j:Event logger="net.minecraftforge.fml.loading.moddiscovery.ModDiscoverer" timestamp="1791402273784" level="INFO" thread="main">
    <log4j:Message><![CDATA[Found mod file fmlcore-1.18.2-40.2.0.jar of type LIBRARY with provider net.minecraftforge.fml.loading.moddiscovery.MinecraftLocator@73e132e0]]></log4j:Message>
  </log4j:Event>
  <log4j:Event logger="net.minecraftforge.fml.loading.moddiscovery.ModDiscoverer" timestamp="1791402273785" level="INFO" thread="main">
    <log4j:Message><![CDATA[Found mod file javafmllanguage-1.18.2-40.2.0.jar of type LANGPROVIDER with provider net.minecraftforge.fml.loading.moddiscovery.MinecraftLocator@73e132e0]]></log4j:Message>
  </log4j:Event>
  <log4j:Event logger="net.minecraftforge.fml.loading.moddiscovery.ModDiscoverer" timestamp="1791402273786" level="INFO" thread="main">
    <log4j:Message><![CDATA[Found mod file lowcodelanguage-1.18.2-40.2.0.jar of type LANGPROVIDER with provider net.minecraftforge.fml.loading.moddiscovery.MinecraftLocator@73e132e0]]></log4j:Message>
  </log4j:Event>
  <log4j:Event logger="net.minecraftforge.fml.loading.moddiscovery.ModDiscoverer" timestamp="1791402273786" level="INFO" thread="main">
    <log4j:Message><![CDATA[Found mod file mclanguage-1.18.2-40.2.0.jar of type LANGPROVIDER with provider net.minecraftforge.fml.loading.moddiscovery.MinecraftLocator@73e132e0]]></log4j:Message>
  </log4j:Event>
  <log4j:Event logger="net.minecraftforge.fml.loading.moddiscovery.ModDiscoverer" timestamp="1791402273786" level="INFO" thread="main">
    <log4j:Message><![CDATA[Found mod file client-1.18.2-20220404.173914-srg.jar of type MOD with provider net.minecraftforge.fml.loading.moddiscovery.MinecraftLocator@73e132e0]]></log4j:Message>
  </log4j:Event>
  <log4j:Event logger="net.minecraftforge.fml.loading.moddiscovery.ModDiscoverer" timestamp="1791402273786" level="INFO" thread="main">
    <log4j:Message><![CDATA[Found mod file forge-1.18.2-40.2.0-universal.jar of type MOD with provider net.minecraftforge.fml.loading.moddiscovery.MinecraftLocator@73e132e0]]></log4j:Message>
  </log4j:Event>
  <log4j:Event logger="net.minecraftforge.fml.loading.moddiscovery.JarInJarDependencyLocator" timestamp="1791402273897" level="INFO" thread="main">
    <log4j:Message><![CDATA[No dependencies to load found. Skipping!]]></log4j:Message>
  </log4j:Event>
  <log4j:Event logger="cpw.mods.modlauncher.LaunchServiceHandler" timestamp="1791402275991" level="INFO" thread="main">
    <log4j:Message><![CDATA[Launching target 'forgeclient' with arguments [--version, 1.18.2-forge-40.2.0, --gameDir, C:\Users\vakir\.codex\worktrees\3f07\DW\bloodborne complete\build\source-reference-client-woodgate-v9-actual2, --assetsDir, C:\Users\vakir\.codex\worktrees\3f07\DW\bloodborne complete\build\source-reference-client-woodgate-v9-actual2\assets, --uuid, f5dffe88-4806-372a-9dbf-956133e18cc2, --username, SourcePhysicsQA, --assetIndex, 1.18, --accessToken, ❄❄❄❄❄❄❄❄, --clientId, , --xuid, , --userType, legacy, --versionType, release, --width, 1280, --height, 720]]]></log4j:Message>
  </log4j:Event>
  <log4j:Event logger="net.minecraft.server.packs.VanillaPackResources" timestamp="1791402285987" level="WARN" thread="Render thread">
    <log4j:Message><![CDATA[Assets URL 'union:/C:/Users/vakir/.codex/worktrees/3f07/DW/bloodborne%20complete/build/source-reference-client-woodgate-v9-actual2/libraries/net/minecraft/client/1.18.2-20220404.173914/client-1.18.2-20220404.173914-srg.jar%2356!/assets/.mcassetsroot' uses unexpected schema]]></log4j:Message>
  </log4j:Event>
  <log4j:Event logger="net.minecraft.server.packs.VanillaPackResources" timestamp="1791402285988" level="WARN" thread="Render thread">
    <log4j:Message><![CDATA[Assets URL 'union:/C:/Users/vakir/.codex/worktrees/3f07/DW/bloodborne%20complete/build/source-reference-client-woodgate-v9-actual2/libraries/net/minecraft/client/1.18.2-20220404.173914/client-1.18.2-20220404.173914-srg.jar%2356!/data/.mcassetsroot' uses unexpected schema]]></log4j:Message>
  </log4j:Event>
  <log4j:Event logger="com.mojang.authlib.yggdrasil.YggdrasilAuthenticationService" timestamp="1791402286030" level="INFO" thread="Render thread">
    <log4j:Message><![CDATA[Environment: authHost='https://authserver.mojang.com', accountsHost='https://api.mojang.com', sessionHost='https://sessionserver.mojang.com', servicesHost='https://api.minecraftservices.com', name='PROD']]></log4j:Message>
  </log4j:Event>
  <log4j:Event logger="net.minecraft.client.Minecraft" timestamp="1791402286041" level="INFO" thread="Render thread">
    <log4j:Message><![CDATA[Setting user: SourcePhysicsQA]]></log4j:Message>
  </log4j:Event>
  <log4j:Event logger="net.minecraft.client.Minecraft" timestamp="1791402286711" level="INFO" thread="Render thread">
    <log4j:Message><![CDATA[Backend library: LWJGL version 3.2.2 SNAPSHOT]]></log4j:Message>
  </log4j:Event>
  <log4j:Event logger="net.minecraftforge.common.ForgeMod" timestamp="1791402291079" level="INFO" thread="modloading-worker-0">
    <log4j:Message><![CDATA[Forge mod loading, version 40.2.0, for MC 1.18.2 with MCP 20220404.173914]]></log4j:Message>
  </log4j:Event>
  <log4j:Event logger="net.minecraftforge.common.MinecraftForge" timestamp="1791402291081" level="INFO" thread="modloading-worker-0">
    <log4j:Message><![CDATA[MinecraftForge v40.2.0 Initialized]]></log4j:Message>
  </log4j:Event>
Dreamwalker source QA event listener registered
  <log4j:Event logger="com.mojang.text2speech.NarratorWindows" timestamp="1791402293820" level="INFO" thread="Render thread">
    <log4j:Message><![CDATA[Narrator library for x64 successfully loaded]]></log4j:Message>
  </log4j:Event>
  <log4j:Event logger="net.minecraft.server.packs.resources.ReloadableResourceManager" timestamp="1791402295135" level="INFO" thread="Render thread">
    <log4j:Message><![CDATA[Reloading ResourceManager: Default, Mod Resources, source-bbmc-v15.zip]]></log4j:Message>
  </log4j:Event>
  <log4j:Event logger="net.minecraftforge.common.ForgeConfigSpec" timestamp="1791402295264" level="WARN" thread="modloading-worker-0">
    <log4j:Message><![CDATA[Configuration file C:\Users\vakir\.codex\worktrees\3f07\DW\bloodborne complete\build\source-reference-client-woodgate-v9-actual2\config\forge-client.toml is not correct. Correcting]]></log4j:Message>
  </log4j:Event>
  <log4j:Event logger="net.minecraftforge.common.ForgeConfigSpec" timestamp="1791402295278" level="WARN" thread="modloading-worker-0">
    <log4j:Message><![CDATA[Incorrect key client was corrected from null to its default, SimpleCommentedConfig:{}. ]]></log4j:Message>
  </log4j:Event>
  <log4j:Event logger="net.minecraftforge.common.ForgeConfigSpec" timestamp="1791402295279" level="WARN" thread="modloading-worker-0">
    <log4j:Message><![CDATA[Incorrect key client.alwaysSetupTerrainOffThread was corrected from null to its default, false. ]]></log4j:Message>
  </log4j:Event>
  <log4j:Event logger="net.minecraftforge.common.ForgeConfigSpec" timestamp="1791402295280" level="WARN" thread="modloading-worker-0">
    <log4j:Message><![CDATA[Incorrect key client.experimentalForgeLightPipelineEnabled was corrected from null to its default, false. ]]></log4j:Message>
  </log4j:Event>
  <log4j:Event logger="net.minecraftforge.common.ForgeConfigSpec" timestamp="1791402295280" level="WARN" thread="modloading-worker-0">
    <log4j:Message><![CDATA[Incorrect key client.showLoadWarnings was corrected from null to its default, true. ]]></log4j:Message>
  </log4j:Event>
  <log4j:Event logger="net.minecraftforge.common.ForgeConfigSpec" timestamp="1791402295280" level="WARN" thread="modloading-worker-0">
    <log4j:Message><![CDATA[Incorrect key client.useCombinedDepthStencilAttachment was corrected from null to its default, false. ]]></log4j:Message>
  </log4j:Event>
  <log4j:Event logger="net.minecraftforge.common.ForgeConfigSpec" timestamp="1791402295280" level="WARN" thread="modloading-worker-0">
    <log4j:Message><![CDATA[Incorrect key client.forceSystemNanoTime was corrected from null to its default, false. ]]></log4j:Message>
  </log4j:Event>
  <log4j:Event logger="net.minecraftforge.common.ForgeConfigSpec" timestamp="1791402295280" level="WARN" thread="modloading-worker-0">
    <log4j:Message><![CDATA[Incorrect key client.compressLanIPv6Addresses was corrected from null to its default, true. ]]></log4j:Message>
  </log4j:Event>
  <log4j:Event logger="net.minecraftforge.common.ForgeConfigSpec" timestamp="1791402295291" level="WARN" thread="modloading-worker-0">
    <log4j:Message><![CDATA[Configuration file C:\Users\vakir\.codex\worktrees\3f07\DW\bloodborne complete\build\source-reference-client-woodgate-v9-actual2\config\forge-common.toml is not correct. Correcting]]></log4j:Message>
  </log4j:Event>
  <log4j:Event logger="net.minecraftforge.common.ForgeConfigSpec" timestamp="1791402295312" level="WARN" thread="modloading-worker-0">
    <log4j:Message><![CDATA[Incorrect key general was corrected from null to its default, SimpleCommentedConfig:{}. ]]></log4j:Message>
  </log4j:Event>
  <log4j:Event logger="net.minecraftforge.common.ForgeConfigSpec" timestamp="1791402295313" level="WARN" thread="modloading-worker-0">
    <log4j:Message><![CDATA[Incorrect key general.defaultWorldType was corrected from null to its default, default. ]]></log4j:Message>
  </log4j:Event>
java.lang.IndexOutOfBoundsException: Index -1 out of bounds for length 0
	at java.base/jdk.internal.util.Preconditions.outOfBounds(Preconditions.java:64)
	at java.base/jdk.internal.util.Preconditions.outOfBoundsCheckIndex(Preconditions.java:70)
	at java.base/jdk.internal.util.Preconditions.checkIndex(Preconditions.java:266)
	at java.base/java.util.Objects.checkIndex(Objects.java:361)
	at java.base/java.util.ArrayList$SubList.get(ArrayList.java:1149)
	at TRANSFORMER/geckolib3@3.0.57/software.bernie.shadowed.eliotlash.mclib.math.MathBuilder.parseSymbols(MathBuilder.java:306)
	at TRANSFORMER/geckolib3@3.0.57/software.bernie.shadowed.eliotlash.mclib.math.MathBuilder.parseSymbols(MathBuilder.java:282)
	at TRANSFORMER/geckolib3@3.0.57/software.bernie.shadowed.eliotlash.mclib.math.MathBuilder.createFunction(MathBuilder.java:439)
	at TRANSFORMER/geckolib3@3.0.57/software.bernie.shadowed.eliotlash.mclib.math.MathBuilder.parseSymbols(MathBuilder.java:266)
	at TRANSFORMER/geckolib3@3.0.57/software.bernie.shadowed.eliotlash.mclib.math.MathBuilder.parseSymbols(MathBuilder.java:308)
	at TRANSFORMER/geckolib3@3.0.57/software.bernie.shadowed.eliotlash.mclib.math.MathBuilder.parseSymbols(MathBuilder.java:283)
	at TRANSFORMER/geckolib3@3.0.57/software.bernie.geckolib3.core.molang.MolangParser.parseSymbolsMolang(MolangParser.java:228)
	at TRANSFORMER/geckolib3@3.0.57/software.bernie.geckolib3.core.molang.MolangParser.parseOneLine(MolangParser.java:216)
	at TRANSFORMER/geckolib3@3.0.57/software.bernie.geckolib3.core.molang.MolangParser.parseExpression(MolangParser.java:174)
	at TRANSFORMER/geckolib3@3.0.57/software.bernie.geckolib3.core.molang.MolangParser.parseJson(MolangParser.java:154)
	at TRANSFORMER/geckolib3@3.0.57/software.bernie.geckolib3.util.json.JsonKeyFrameUtils.parseExpression(JsonKeyFrameUtils.java:180)
	at TRANSFORMER/geckolib3@3.0.57/software.bernie.geckolib3.util.json.JsonKeyFrameUtils.convertJson(JsonKeyFrameUtils.java:58)
	at TRANSFORMER/geckolib3@3.0.57/software.bernie.geckolib3.util.json.JsonKeyFrameUtils.convertJsonToRotationKeyFrames(JsonKeyFrameUtils.java:174)
	at TRANSFORMER/geckolib3@3.0.57/software.bernie.geckolib3.util.json.JsonAnimationUtils.deserializeJsonToAnimation(JsonAnimationUtils.java:277)
	at TRANSFORMER/geckolib3@3.0.57/software.bernie.geckolib3.file.AnimationFileLoader.loadAllAnimations(AnimationFileLoader.java:33)
	at TRANSFORMER/geckolib3@3.0.57/software.bernie.geckolib3.resource.GeckoLibCache.lambda$reload$0(GeckoLibCache.java:73)
	at TRANSFORMER/geckolib3@3.0.57/software.bernie.geckolib3.resource.GeckoLibCache.lambda$loadResources$5(GeckoLibCache.java:92)
	at java.base/java.util.concurrent.CompletableFuture$AsyncSupply.run(CompletableFuture.java:1768)
	at java.base/java.util.concurrent.CompletableFuture$AsyncSupply.exec(CompletableFuture.java:1760)
	at java.base/java.util.concurrent.ForkJoinTask.doExec(ForkJoinTask.java:373)
	at java.base/java.util.concurrent.ForkJoinPool$WorkQueue.topLevelExec(ForkJoinPool.java:1182)
	at java.base/java.util.concurrent.ForkJoinPool.scan(ForkJoinPool.java:1655)
	at java.base/java.util.concurrent.ForkJoinPool.runWorker(ForkJoinPool.java:1622)
	at java.base/java.util.concurrent.ForkJoinWorkerThread.run(ForkJoinWorkerThread.java:165)
java.lang.IndexOutOfBoundsException: Index -1 out of bounds for length 0
	at java.base/jdk.internal.util.Preconditions.outOfBounds(Preconditions.java:64)
	at java.base/jdk.internal.util.Preconditions.outOfBoundsCheckIndex(Preconditions.java:70)
	at java.base/jdk.internal.util.Preconditions.checkIndex(Preconditions.java:266)
	at java.base/java.util.Objects.checkIndex(Objects.java:361)
	at java.base/java.util.ArrayList$SubList.get(ArrayList.java:1149)
	at TRANSFORMER/geckolib3@3.0.57/software.bernie.shadowed.eliotlash.mclib.math.MathBuilder.parseSymbols(MathBuilder.java:306)
	at TRANSFORMER/geckolib3@3.0.57/software.bernie.shadowed.eliotlash.mclib.math.MathBuilder.parseSymbols(MathBuilder.java:282)
	at TRANSFORMER/geckolib3@3.0.57/software.bernie.shadowed.eliotlash.mclib.math.MathBuilder.createFunction(MathBuilder.java:439)
	at TRANSFORMER/geckolib3@3.0.57/software.bernie.shadowed.eliotlash.mclib.math.MathBuilder.parseSymbols(MathBuilder.java:266)
	at TRANSFORMER/geckolib3@3.0.57/software.bernie.shadowed.eliotlash.mclib.math.MathBuilder.parseSymbols(MathBuilder.java:308)
	at TRANSFORMER/geckolib3@3.0.57/software.bernie.shadowed.eliotlash.mclib.math.MathBuilder.parseSymbols(MathBuilder.java:283)
	at TRANSFORMER/geckolib3@3.0.57/software.bernie.geckolib3.core.molang.MolangParser.parseSymbolsMolang(MolangParser.java:228)
	at TRANSFORMER/geckolib3@3.0.57/software.bernie.geckolib3.core.molang.MolangParser.parseOneLine(MolangParser.java:216)
	at TRANSFORMER/geckolib3@3.0.57/software.bernie.geckolib3.core.molang.MolangParser.parseExpression(MolangParser.java:174)
	at TRANSFORMER/geckolib3@3.0.57/software.bernie.geckolib3.core.molang.MolangParser.parseJson(MolangParser.java:154)
	at TRANSFORMER/geckolib3@3.0.57/software.bernie.geckolib3.util.json.JsonKeyFrameUtils.parseExpression(JsonKeyFrameUtils.java:180)
	at TRANSFORMER/geckolib3@3.0.57/software.bernie.geckolib3.util.json.JsonKeyFrameUtils.convertJson(JsonKeyFrameUtils.java:58)
	at TRANSFORMER/geckolib3@3.0.57/software.bernie.geckolib3.util.json.JsonKeyFrameUtils.convertJsonToRotationKeyFrames(JsonKeyFrameUtils.java:174)
	at TRANSFORMER/geckolib3@3.0.57/software.bernie.geckolib3.util.json.JsonAnimationUtils.deserializeJsonToAnimation(JsonAnimationUtils.java:277)
	at TRANSFORMER/geckolib3@3.0.57/software.bernie.geckolib3.file.AnimationFileLoader.loadAllAnimations(AnimationFileLoader.java:33)
	at TRANSFORMER/geckolib3@3.0.57/software.bernie.geckolib3.resource.GeckoLibCache.lambda$reload$0(GeckoLibCache.java:73)
	at TRANSFORMER/geckolib3@3.0.57/software.bernie.geckolib3.resource.GeckoLibCache.lambda$loadResources$5(GeckoLibCache.java:92)
	at java.base/java.util.concurrent.CompletableFuture$AsyncSupply.run(CompletableFuture.java:1768)
	at java.base/java.util.concurrent.CompletableFuture$AsyncSupply.exec(CompletableFuture.java:1760)
	at java.base/java.util.concurrent.ForkJoinTask.doExec(ForkJoinTask.java:373)
	at java.base/java.util.concurrent.ForkJoinPool$WorkQueue.topLevelExec(ForkJoinPool.java:1182)
	at java.base/java.util.concurrent.ForkJoinPool.scan(ForkJoinPool.java:1655)
	at java.base/java.util.concurrent.ForkJoinPool.runWorker(ForkJoinPool.java:1622)
	at java.base/java.util.concurrent.ForkJoinWorkerThread.run(ForkJoinWorkerThread.java:165)
java.lang.Exception: Given object couldn't be converted to value! -
	at TRANSFORMER/geckolib3@3.0.57/software.bernie.shadowed.eliotlash.mclib.math.MathBuilder.valueFromObject(MathBuilder.java:488)
	at TRANSFORMER/geckolib3@3.0.57/software.bernie.shadowed.eliotlash.mclib.math.MathBuilder.parseSymbols(MathBuilder.java:257)
	at TRANSFORMER/geckolib3@3.0.57/software.bernie.shadowed.eliotlash.mclib.math.MathBuilder.parseSymbols(MathBuilder.java:308)
	at TRANSFORMER/geckolib3@3.0.57/software.bernie.geckolib3.core.molang.MolangParser.parseSymbolsMolang(MolangParser.java:228)
	at TRANSFORMER/geckolib3@3.0.57/software.bernie.geckolib3.core.molang.MolangParser.parseOneLine(MolangParser.java:216)
	at TRANSFORMER/geckolib3@3.0.57/software.bernie.geckolib3.core.molang.MolangParser.parseExpression(MolangParser.java:174)
	at TRANSFORMER/geckolib3@3.0.57/software.bernie.geckolib3.core.molang.MolangParser.parseJson(MolangParser.java:154)
	at TRANSFORMER/geckolib3@3.0.57/software.bernie.geckolib3.util.json.JsonKeyFrameUtils.parseExpression(JsonKeyFrameUtils.java:180)
	at TRANSFORMER/geckolib3@3.0.57/software.bernie.geckolib3.util.json.JsonKeyFrameUtils.convertJson(JsonKeyFrameUtils.java:58)
	at TRANSFORMER/geckolib3@3.0.57/software.bernie.geckolib3.util.json.JsonKeyFrameUtils.convertJsonToRotationKeyFrames(JsonKeyFrameUtils.java:174)
	at TRANSFORMER/geckolib3@3.0.57/software.bernie.geckolib3.util.json.JsonAnimationUtils.deserializeJsonToAnimation(JsonAnimationUtils.java:277)
	at TRANSFORMER/geckolib3@3.0.57/software.bernie.geckolib3.file.AnimationFileLoader.loadAllAnimations(AnimationFileLoader.java:33)
	at TRANSFORMER/geckolib3@3.0.57/software.bernie.geckolib3.resource.GeckoLibCache.lambda$reload$0(GeckoLibCache.java:73)
	at TRANSFORMER/geckolib3@3.0.57/software.bernie.geckolib3.resource.GeckoLibCache.lambda$loadResources$5(GeckoLibCache.java:92)
	at java.base/java.util.concurrent.CompletableFuture$AsyncSupply.run(CompletableFuture.java:1768)
	at java.base/java.util.concurrent.CompletableFuture$AsyncSupply.exec(CompletableFuture.java:1760)
	at java.base/java.util.concurrent.ForkJoinTask.doExec(ForkJoinTask.java:373)
	at java.base/java.util.concurrent.ForkJoinPool$WorkQueue.topLevelExec(ForkJoinPool.java:1182)
	at java.base/java.util.concurrent.ForkJoinPool.scan(ForkJoinPool.java:1655)
	at java.base/java.util.concurrent.ForkJoinPool.runWorker(ForkJoinPool.java:1622)
	at java.base/java.util.concurrent.ForkJoinWorkerThread.run(ForkJoinWorkerThread.java:165)
java.lang.IndexOutOfBoundsException: Index -1 out of bounds for length 0
	at java.base/jdk.internal.util.Preconditions.outOfBounds(Preconditions.java:64)
	at java.base/jdk.internal.util.Preconditions.outOfBoundsCheckIndex(Preconditions.java:70)
	at java.base/jdk.internal.util.Preconditions.checkIndex(Preconditions.java:266)
	at java.base/java.util.Objects.checkIndex(Objects.java:361)
	at java.base/java.util.ArrayList$SubList.get(ArrayList.java:1149)
	at TRANSFORMER/geckolib3@3.0.57/software.bernie.shadowed.eliotlash.mclib.math.MathBuilder.parseSymbols(MathBuilder.java:306)
	at TRANSFORMER/geckolib3@3.0.57/software.bernie.shadowed.eliotlash.mclib.math.MathBuilder.parseSymbols(MathBuilder.java:309)
	at TRANSFORMER/geckolib3@3.0.57/software.bernie.geckolib3.core.molang.MolangParser.parseSymbolsMolang(MolangParser.java:228)
	at TRANSFORMER/geckolib3@3.0.57/software.bernie.geckolib3.core.molang.MolangParser.parseOneLine(MolangParser.java:216)
	at TRANSFORMER/geckolib3@3.0.57/software.bernie.geckolib3.core.molang.MolangParser.parseExpression(MolangParser.java:174)
	at TRANSFORMER/geckolib3@3.0.57/software.bernie.geckolib3.core.molang.MolangParser.parseJson(MolangParser.java:154)
	at TRANSFORMER/geckolib3@3.0.57/software.bernie.geckolib3.util.json.JsonKeyFrameUtils.parseExpression(JsonKeyFrameUtils.java:180)
	at TRANSFORMER/geckolib3@3.0.57/software.bernie.geckolib3.util.json.JsonKeyFrameUtils.convertJson(JsonKeyFrameUtils.java:56)
	at TRANSFORMER/geckolib3@3.0.57/software.bernie.geckolib3.util.json.JsonKeyFrameUtils.convertJsonToRotationKeyFrames(JsonKeyFrameUtils.java:174)
	at TRANSFORMER/geckolib3@3.0.57/software.bernie.geckolib3.util.json.JsonAnimationUtils.deserializeJsonToAnimation(JsonAnimationUtils.java:277)
	at TRANSFORMER/geckolib3@3.0.57/software.bernie.geckolib3.file.AnimationFileLoader.loadAllAnimations(AnimationFileLoader.java:33)
	at TRANSFORMER/geckolib3@3.0.57/software.bernie.geckolib3.resource.GeckoLibCache.lambda$reload$0(GeckoLibCache.java:73)
	at TRANSFORMER/geckolib3@3.0.57/software.bernie.geckolib3.resource.GeckoLibCache.lambda$loadResources$5(GeckoLibCache.java:92)
	at java.base/java.util.concurrent.CompletableFuture$AsyncSupply.run(CompletableFuture.java:1768)
	at java.base/java.util.concurrent.CompletableFuture$AsyncSupply.exec(CompletableFuture.java:1760)
	at java.base/java.util.concurrent.ForkJoinTask.doExec(ForkJoinTask.java:373)
	at java.base/java.util.concurrent.ForkJoinPool$WorkQueue.topLevelExec(ForkJoinPool.java:1182)
	at java.base/java.util.concurrent.ForkJoinPool.scan(ForkJoinPool.java:1655)
	at java.base/java.util.concurrent.ForkJoinPool.runWorker(ForkJoinPool.java:1622)
	at java.base/java.util.concurrent.ForkJoinWorkerThread.run(ForkJoinWorkerThread.java:165)
java.lang.IndexOutOfBoundsException: Index -1 out of bounds for length 0
	at java.base/jdk.internal.util.Preconditions.outOfBounds(Preconditions.java:64)
	at java.base/jdk.internal.util.Preconditions.outOfBoundsCheckIndex(Preconditions.java:70)
	at java.base/jdk.internal.util.Preconditions.checkIndex(Preconditions.java:266)
	at java.base/java.util.Objects.checkIndex(Objects.java:361)
	at java.base/java.util.ArrayList$SubList.get(ArrayList.java:1149)
	at TRANSFORMER/geckolib3@3.0.57/software.bernie.shadowed.eliotlash.mclib.math.MathBuilder.parseSymbols(MathBuilder.java:306)
	at TRANSFORMER/geckolib3@3.0.57/software.bernie.shadowed.eliotlash.mclib.math.MathBuilder.parseSymbols(MathBuilder.java:291)
	at TRANSFORMER/geckolib3@3.0.57/software.bernie.shadowed.eliotlash.mclib.math.MathBuilder.createFunction(MathBuilder.java:439)
	at TRANSFORMER/geckolib3@3.0.57/software.bernie.shadowed.eliotlash.mclib.math.MathBuilder.parseSymbols(MathBuilder.java:266)
	at TRANSFORMER/geckolib3@3.0.57/software.bernie.shadowed.eliotlash.mclib.math.MathBuilder.parseSymbols(MathBuilder.java:308)
	at TRANSFORMER/geckolib3@3.0.57/software.bernie.geckolib3.core.molang.MolangParser.parseSymbolsMolang(MolangParser.java:228)
	at TRANSFORMER/geckolib3@3.0.57/software.bernie.geckolib3.core.molang.MolangParser.parseOneLine(MolangParser.java:216)
	at TRANSFORMER/geckolib3@3.0.57/software.bernie.geckolib3.core.molang.MolangParser.parseExpression(MolangParser.java:174)
	at TRANSFORMER/geckolib3@3.0.57/software.bernie.geckolib3.core.molang.MolangParser.parseJson(MolangParser.java:154)
	at TRANSFORMER/geckolib3@3.0.57/software.bernie.geckolib3.util.json.JsonKeyFrameUtils.parseExpression(JsonKeyFrameUtils.java:180)
	at TRANSFORMER/geckolib3@3.0.57/software.bernie.geckolib3.util.json.JsonKeyFrameUtils.convertJson(JsonKeyFrameUtils.java:56)
	at TRANSFORMER/geckolib3@3.0.57/software.bernie.geckolib3.util.json.JsonKeyFrameUtils.convertJsonToRotationKeyFrames(JsonKeyFrameUtils.java:174)
	at TRANSFORMER/geckolib3@3.0.57/software.bernie.geckolib3.util.json.JsonAnimationUtils.deserializeJsonToAnimation(JsonAnimationUtils.java:277)
	at TRANSFORMER/geckolib3@3.0.57/software.bernie.geckolib3.file.AnimationFileLoader.loadAllAnimations(AnimationFileLoader.java:33)
	at TRANSFORMER/geckolib3@3.0.57/software.bernie.geckolib3.resource.GeckoLibCache.lambda$reload$0(GeckoLibCache.java:73)
	at TRANSFORMER/geckolib3@3.0.57/software.bernie.geckolib3.resource.GeckoLibCache.lambda$loadResources$5(GeckoLibCache.java:92)
	at java.base/java.util.concurrent.CompletableFuture$AsyncSupply.run(CompletableFuture.java:1768)
	at java.base/java.util.concurrent.CompletableFuture$AsyncSupply.exec(CompletableFuture.java:1760)
	at java.base/java.util.concurrent.ForkJoinTask.doExec(ForkJoinTask.java:373)
	at java.base/java.util.concurrent.ForkJoinPool$WorkQueue.topLevelExec(ForkJoinPool.java:1182)
	at java.base/java.util.concurrent.ForkJoinPool.scan(ForkJoinPool.java:1655)
	at java.base/java.util.concurrent.ForkJoinPool.runWorker(ForkJoinPool.java:1622)
	at java.base/java.util.concurrent.ForkJoinWorkerThread.run(ForkJoinWorkerThread.java:165)
java.lang.IndexOutOfBoundsException: Index -1 out of bounds for length 0
	at java.base/jdk.internal.util.Preconditions.outOfBounds(Preconditions.java:64)
	at java.base/jdk.internal.util.Preconditions.outOfBoundsCheckIndex(Preconditions.java:70)
	at java.base/jdk.internal.util.Preconditions.checkIndex(Preconditions.java:266)
	at java.base/java.util.Objects.checkIndex(Objects.java:361)
	at java.base/java.util.ArrayList$SubList.get(ArrayList.java:1149)
	at TRANSFORMER/geckolib3@3.0.57/software.bernie.shadowed.eliotlash.mclib.math.MathBuilder.parseSymbols(MathBuilder.java:306)
	at TRANSFORMER/geckolib3@3.0.57/software.bernie.shadowed.eliotlash.mclib.math.MathBuilder.parseSymbols(MathBuilder.java:309)
	at TRANSFORMER/geckolib3@3.0.57/software.bernie.geckolib3.core.molang.MolangParser.parseSymbolsMolang(MolangParser.java:228)
	at TRANSFORMER/geckolib3@3.0.57/software.bernie.geckolib3.core.molang.MolangParser.parseOneLine(MolangParser.java:216)
	at TRANSFORMER/geckolib3@3.0.57/software.bernie.geckolib3.core.molang.MolangParser.parseExpression(MolangParser.java:174)
	at TRANSFORMER/geckolib3@3.0.57/software.bernie.geckolib3.core.molang.MolangParser.parseJson(MolangParser.java:154)
	at TRANSFORMER/geckolib3@3.0.57/software.bernie.geckolib3.util.json.JsonKeyFrameUtils.parseExpression(JsonKeyFrameUtils.java:180)
	at TRANSFORMER/geckolib3@3.0.57/software.bernie.geckolib3.util.json.JsonKeyFrameUtils.convertJson(JsonKeyFrameUtils.java:56)
	at TRANSFORMER/geckolib3@3.0.57/software.bernie.geckolib3.util.json.JsonKeyFrameUtils.convertJsonToRotationKeyFrames(JsonKeyFrameUtils.java:174)
	at TRANSFORMER/geckolib3@3.0.57/software.bernie.geckolib3.util.json.JsonAnimationUtils.deserializeJsonToAnimation(JsonAnimationUtils.java:277)
	at TRANSFORMER/geckolib3@3.0.57/software.bernie.geckolib3.file.AnimationFileLoader.loadAllAnimations(AnimationFileLoader.java:33)
	at TRANSFORMER/geckolib3@3.0.57/software.bernie.geckolib3.resource.GeckoLibCache.lambda$reload$0(GeckoLibCache.java:73)
	at TRANSFORMER/geckolib3@3.0.57/software.bernie.geckolib3.resource.GeckoLibCache.lambda$loadResources$5(GeckoLibCache.java:92)
	at java.base/java.util.concurrent.CompletableFuture$AsyncSupply.run(CompletableFuture.java:1768)
	at java.base/java.util.concurrent.CompletableFuture$AsyncSupply.exec(CompletableFuture.java:1760)
	at java.base/java.util.concurrent.ForkJoinTask.doExec(ForkJoinTask.java:373)
	at java.base/java.util.concurrent.ForkJoinPool$WorkQueue.topLevelExec(ForkJoinPool.java:1182)
	at java.base/java.util.concurrent.ForkJoinPool.scan(ForkJoinPool.java:1655)
	at java.base/java.util.concurrent.ForkJoinPool.runWorker(ForkJoinPool.java:1622)
	at java.base/java.util.concurrent.ForkJoinWorkerThread.run(ForkJoinWorkerThread.java:165)
java.lang.IndexOutOfBoundsException: Index -1 out of bounds for length 0
	at java.base/jdk.internal.util.Preconditions.outOfBounds(Preconditions.java:64)
	at java.base/jdk.internal.util.Preconditions.outOfBoundsCheckIndex(Preconditions.java:70)
	at java.base/jdk.internal.util.Preconditions.checkIndex(Preconditions.java:266)
	at java.base/java.util.Objects.checkIndex(Objects.java:361)
	at java.base/java.util.ArrayList$SubList.get(ArrayList.java:1149)
	at TRANSFORMER/geckolib3@3.0.57/software.bernie.shadowed.eliotlash.mclib.math.MathBuilder.parseSymbols(MathBuilder.java:306)
	at TRANSFORMER/geckolib3@3.0.57/software.bernie.shadowed.eliotlash.mclib.math.MathBuilder.parseSymbols(MathBuilder.java:309)
	at TRANSFORMER/geckolib3@3.0.57/software.bernie.geckolib3.core.molang.MolangParser.parseSymbolsMolang(MolangParser.java:228)
	at TRANSFORMER/geckolib3@3.0.57/software.bernie.geckolib3.core.molang.MolangParser.parseOneLine(MolangParser.java:216)
	at TRANSFORMER/geckolib3@3.0.57/software.bernie.geckolib3.core.molang.MolangParser.parseExpression(MolangParser.java:174)
	at TRANSFORMER/geckolib3@3.0.57/software.bernie.geckolib3.core.molang.MolangParser.parseJson(MolangParser.java:154)
	at TRANSFORMER/geckolib3@3.0.57/software.bernie.geckolib3.util.json.JsonKeyFrameUtils.parseExpression(JsonKeyFrameUtils.java:180)
	at TRANSFORMER/geckolib3@3.0.57/software.bernie.geckolib3.util.json.JsonKeyFrameUtils.convertJson(JsonKeyFrameUtils.java:56)
	at TRANSFORMER/geckolib3@3.0.57/software.bernie.geckolib3.util.json.JsonKeyFrameUtils.convertJsonToRotationKeyFrames(JsonKeyFrameUtils.java:174)
	at TRANSFORMER/geckolib3@3.0.57/software.bernie.geckolib3.util.json.JsonAnimationUtils.deserializeJsonToAnimation(JsonAnimationUtils.java:277)
	at TRANSFORMER/geckolib3@3.0.57/software.bernie.geckolib3.file.AnimationFileLoader.loadAllAnimations(AnimationFileLoader.java:33)
	at TRANSFORMER/geckolib3@3.0.57/software.bernie.geckolib3.resource.GeckoLibCache.lambda$reload$0(GeckoLibCache.java:73)
	at TRANSFORMER/geckolib3@3.0.57/software.bernie.geckolib3.resource.GeckoLibCache.lambda$loadResources$5(GeckoLibCache.java:92)
	at java.base/java.util.concurrent.CompletableFuture$AsyncSupply.run(CompletableFuture.java:1768)
	at java.base/java.util.concurrent.CompletableFuture$AsyncSupply.exec(CompletableFuture.java:1760)
	at java.base/java.util.concurrent.ForkJoinTask.doExec(ForkJoinTask.java:373)
	at java.base/java.util.concurrent.ForkJoinPool$WorkQueue.topLevelExec(ForkJoinPool.java:1182)
	at java.base/java.util.concurrent.ForkJoinPool.scan(ForkJoinPool.java:1655)
	at java.base/java.util.concurrent.ForkJoinPool.runWorker(ForkJoinPool.java:1622)
	at java.base/java.util.concurrent.ForkJoinWorkerThread.run(ForkJoinWorkerThread.java:165)
java.lang.IndexOutOfBoundsException: Index -1 out of bounds for length 0
	at java.base/jdk.internal.util.Preconditions.outOfBounds(Preconditions.java:64)
	at java.base/jdk.internal.util.Preconditions.outOfBoundsCheckIndex(Preconditions.java:70)
	at java.base/jdk.internal.util.Preconditions.checkIndex(Preconditions.java:266)
	at java.base/java.util.Objects.checkIndex(Objects.java:361)
	at java.base/java.util.ArrayList$SubList.get(ArrayList.java:1149)
	at TRANSFORMER/geckolib3@3.0.57/software.bernie.shadowed.eliotlash.mclib.math.MathBuilder.parseSymbols(MathBuilder.java:306)
	at TRANSFORMER/geckolib3@3.0.57/software.bernie.shadowed.eliotlash.mclib.math.MathBuilder.parseSymbols(MathBuilder.java:309)
	at TRANSFORMER/geckolib3@3.0.57/software.bernie.geckolib3.core.molang.MolangParser.parseSymbolsMolang(MolangParser.java:228)
	at TRANSFORMER/geckolib3@3.0.57/software.bernie.geckolib3.core.molang.MolangParser.parseOneLine(MolangParser.java:216)
	at TRANSFORMER/geckolib3@3.0.57/software.bernie.geckolib3.core.molang.MolangParser.parseExpression(MolangParser.java:174)
	at TRANSFORMER/geckolib3@3.0.57/software.bernie.geckolib3.core.molang.MolangParser.parseJson(MolangParser.java:154)
	at TRANSFORMER/geckolib3@3.0.57/software.bernie.geckolib3.util.json.JsonKeyFrameUtils.parseExpression(JsonKeyFrameUtils.java:180)
	at TRANSFORMER/geckolib3@3.0.57/software.bernie.geckolib3.util.json.JsonKeyFrameUtils.convertJson(JsonKeyFrameUtils.java:56)
	at TRANSFORMER/geckolib3@3.0.57/software.bernie.geckolib3.util.json.JsonKeyFrameUtils.convertJsonToRotationKeyFrames(JsonKeyFrameUtils.java:174)
	at TRANSFORMER/geckolib3@3.0.57/software.bernie.geckolib3.util.json.JsonAnimationUtils.deserializeJsonToAnimation(JsonAnimationUtils.java:277)
	at TRANSFORMER/geckolib3@3.0.57/software.bernie.geckolib3.file.AnimationFileLoader.loadAllAnimations(AnimationFileLoader.java:33)
	at TRANSFORMER/geckolib3@3.0.57/software.bernie.geckolib3.resource.GeckoLibCache.lambda$reload$0(GeckoLibCache.java:73)
	at TRANSFORMER/geckolib3@3.0.57/software.bernie.geckolib3.resource.GeckoLibCache.lambda$loadResources$5(GeckoLibCache.java:92)
	at java.base/java.util.concurrent.CompletableFuture$AsyncSupply.run(CompletableFuture.java:1768)
	at java.base/java.util.concurrent.CompletableFuture$AsyncSupply.exec(CompletableFuture.java:1760)
	at java.base/java.util.concurrent.ForkJoinTask.doExec(ForkJoinTask.java:373)
	at java.base/java.util.concurrent.ForkJoinPool$WorkQueue.topLevelExec(ForkJoinPool.java:1182)
	at java.base/java.util.concurrent.ForkJoinPool.scan(ForkJoinPool.java:1655)
	at java.base/java.util.concurrent.ForkJoinPool.runWorker(ForkJoinPool.java:1622)
	at java.base/java.util.concurrent.ForkJoinWorkerThread.run(ForkJoinWorkerThread.java:165)
  <log4j:Event logger="net.minecraft.client.resources.model.ModelBakery" timestamp="1791402296440" level="WARN" thread="Worker-Main-23">
    <log4j:Message><![CDATA[Exception loading blockstate definition: 'minecraft:blockstates/acacia_planks.json' in resourcepack: 'source-bbmc-v15.zip' for variant: 'facing=east': Unknown blockstate property: 'facing']]></log4j:Message>
  </log4j:Event>
  <log4j:Event logger="net.minecraft.client.resources.model.ModelBakery" timestamp="1791402296486" level="WARN" thread="Worker-Main-23">
    <log4j:Message><![CDATA[Exception loading blockstate definition: 'minecraft:blockstates/acacia_planks.json' in resourcepack: 'source-bbmc-v15.zip' for variant: 'facing=south': Unknown blockstate property: 'facing']]></log4j:Message>
  </log4j:Event>
  <log4j:Event logger="net.minecraft.client.resources.model.ModelBakery" timestamp="1791402296486" level="WARN" thread="Worker-Main-23">
    <log4j:Message><![CDATA[Exception loading blockstate definition: 'minecraft:blockstates/acacia_planks.json' in resourcepack: 'source-bbmc-v15.zip' for variant: 'facing=north': Unknown blockstate property: 'facing']]></log4j:Message>
  </log4j:Event>
  <log4j:Event logger="net.minecraft.client.resources.model.ModelBakery" timestamp="1791402296487" level="WARN" thread="Worker-Main-23">
    <log4j:Message><![CDATA[Exception loading blockstate definition: 'minecraft:blockstates/acacia_planks.json' in resourcepack: 'source-bbmc-v15.zip' for variant: 'facing=west': Unknown blockstate property: 'facing']]></log4j:Message>
  </log4j:Event>
  <log4j:Event logger="net.minecraft.client.sounds.SoundManager" timestamp="1791402296889" level="WARN" thread="Worker-Main-22">
    <log4j:Message><![CDATA[File minecraft:sounds/nighthail/clocktower.ogg does not exist, cannot add it to event minecraft:nighthail.clocktower]]></log4j:Message>
  </log4j:Event>
  <log4j:Event logger="net.minecraft.client.sounds.SoundManager" timestamp="1791402296895" level="WARN" thread="Worker-Main-22">
    <log4j:Message><![CDATA[File bloodborne:sounds/entity/large_huntsman/lh_bladeattack1.ogg does not exist, cannot add it to event bloodborne:entity.large_huntsman_attack_blade]]></log4j:Message>
  </log4j:Event>
  <log4j:Event logger="net.minecraft.client.sounds.SoundManager" timestamp="1791402296897" level="WARN" thread="Worker-Main-22">
    <log4j:Message><![CDATA[File bloodborne:sounds/entity/large_huntsman/lh_bladeattack2.ogg does not exist, cannot add it to event bloodborne:entity.large_huntsman_attack_blade]]></log4j:Message>
  </log4j:Event>
  <log4j:Event logger="net.minecraft.client.sounds.SoundManager" timestamp="1791402296909" level="WARN" thread="Worker-Main-22">
    <log4j:Message><![CDATA[File bloodborne:sounds/entity/large_huntsman/lh_bladeattack3.ogg does not exist, cannot add it to event bloodborne:entity.large_huntsman_attack_blade]]></log4j:Message>
  </log4j:Event>
  <log4j:Event logger="net.minecraft.client.sounds.SoundManager" timestamp="1791402296909" level="WARN" thread="Worker-Main-22">
    <log4j:Message><![CDATA[File bloodborne:sounds/entity/large_huntsman/lh_toolattack1.ogg does not exist, cannot add it to event bloodborne:entity.large_huntsman_attack_tool]]></log4j:Message>
  </log4j:Event>
  <log4j:Event logger="net.minecraft.client.sounds.SoundManager" timestamp="1791402296915" level="WARN" thread="Worker-Main-22">
    <log4j:Message><![CDATA[File bloodborne:sounds/entity/large_huntsman/lh_toolattack2.ogg does not exist, cannot add it to event bloodborne:entity.large_huntsman_attack_tool]]></log4j:Message>
  </log4j:Event>
  <log4j:Event logger="net.minecraft.client.sounds.SoundManager" timestamp="1791402296915" level="WARN" thread="Worker-Main-22">
    <log4j:Message><![CDATA[File bloodborne:sounds/entity/large_huntsman/lh_toolattack3.ogg does not exist, cannot add it to event bloodborne:entity.large_huntsman_attack_tool]]></log4j:Message>
  </log4j:Event>
  <log4j:Event logger="net.minecraft.client.sounds.SoundManager" timestamp="1791402296917" level="WARN" thread="Worker-Main-22">
    <log4j:Message><![CDATA[File bloodborne:sounds/entity/huntsman/huntsman_b/where_are_you_hiding1.ogg does not exist, cannot add it to event bloodborne:entity.huntsman_aggressive]]></log4j:Message>
  </log4j:Event>
  <log4j:Event logger="net.minecraft.client.sounds.SoundManager" timestamp="1791402296917" level="WARN" thread="Worker-Main-22">
    <log4j:Message><![CDATA[File bloodborne:sounds/entity/huntsman/huntsman_a/where_you_hiding2.ogg does not exist, cannot add it to event bloodborne:entity.huntsman_aggressive]]></log4j:Message>
  </log4j:Event>
  <log4j:Event logger="net.minecraft.client.sounds.SoundManager" timestamp="1791402296917" level="WARN" thread="Worker-Main-22">
    <log4j:Message><![CDATA[File bloodborne:sounds/entity/huntsman/huntsman_a/where_you_hiding3.ogg does not exist, cannot add it to event bloodborne:entity.huntsman_aggressive]]></log4j:Message>
  </log4j:Event>
  <log4j:Event logger="net.minecraftforge.fml.VersionChecker" timestamp="1791402297567" level="INFO" thread="Forge Version Check">
    <log4j:Message><![CDATA[[forge] Starting version check at https://files.minecraftforge.net/net/minecraftforge/forge/promotions_slim.json]]></log4j:Message>
  </log4j:Event>
  <log4j:Event logger="net.minecraft.client.resources.model.ModelBakery" timestamp="1791402298720" level="WARN" thread="Worker-Main-23">
    <log4j:Message><![CDATA[Unable to load model: 'minecraft:block/addon/iron_door_open_top' referenced from: minecraft:iron_door#facing=north,half=upper,hinge=left,open=true,powered=true: java.io.FileNotFoundException: minecraft:models/block/addon/iron_door_open_top.json]]></log4j:Message>
  </log4j:Event>
  <log4j:Event logger="net.minecraft.client.resources.model.ModelBakery" timestamp="1791402298730" level="WARN" thread="Worker-Main-23">
    <log4j:Message><![CDATA[Unable to load model: 'minecraft:block/addon/iron_door_open_bottom' referenced from: minecraft:iron_door#facing=north,half=upper,hinge=left,open=true,powered=true: java.io.FileNotFoundException: minecraft:models/block/addon/iron_door_open_bottom.json]]></log4j:Message>
  </log4j:Event>
  <log4j:Event logger="net.minecraft.client.resources.model.ModelBakery" timestamp="1791402298731" level="WARN" thread="Worker-Main-23">
    <log4j:Message><![CDATA[Unable to load model: 'minecraft:block/addon/iron_door_bottom' referenced from: minecraft:iron_door#facing=north,half=upper,hinge=left,open=true,powered=true: java.io.FileNotFoundException: minecraft:models/block/addon/iron_door_bottom.json]]></log4j:Message>
  </log4j:Event>
  <log4j:Event logger="net.minecraft.client.resources.model.ModelBakery" timestamp="1791402299139" level="WARN" thread="Worker-Main-23">
    <log4j:Message><![CDATA[Exception loading blockstate definition: 'minecraft:blockstates/lime_stained_glass.json' in resourcepack: 'source-bbmc-v15.zip' for variant: 'facing=east': Unknown blockstate property: 'facing']]></log4j:Message>
  </log4j:Event>
  <log4j:Event logger="net.minecraft.client.resources.model.ModelBakery" timestamp="1791402299140" level="WARN" thread="Worker-Main-23">
    <log4j:Message><![CDATA[Exception loading blockstate definition: 'minecraft:blockstates/lime_stained_glass.json' in resourcepack: 'source-bbmc-v15.zip' for variant: 'facing=south': Unknown blockstate property: 'facing']]></log4j:Message>
  </log4j:Event>
  <log4j:Event logger="net.minecraft.client.resources.model.ModelBakery" timestamp="1791402299140" level="WARN" thread="Worker-Main-23">
    <log4j:Message><![CDATA[Exception loading blockstate definition: 'minecraft:blockstates/lime_stained_glass.json' in resourcepack: 'source-bbmc-v15.zip' for variant: 'facing=north': Unknown blockstate property: 'facing']]></log4j:Message>
  </log4j:Event>
  <log4j:Event logger="net.minecraft.client.resources.model.ModelBakery" timestamp="1791402299140" level="WARN" thread="Worker-Main-23">
    <log4j:Message><![CDATA[Exception loading blockstate definition: 'minecraft:blockstates/lime_stained_glass.json' in resourcepack: 'source-bbmc-v15.zip' for variant: 'facing=west': Unknown blockstate property: 'facing']]></log4j:Message>
  </log4j:Event>
  <log4j:Event logger="net.minecraftforge.fml.VersionChecker" timestamp="1791402299348" level="INFO" thread="Forge Version Check">
    <log4j:Message><![CDATA[[forge] Found status: OUTDATED Current: 40.2.0 Target: 40.3.0]]></log4j:Message>
  </log4j:Event>
  <log4j:Event logger="net.minecraft.client.resources.model.ModelBakery" timestamp="1791402300224" level="WARN" thread="Worker-Main-23">
    <log4j:Message><![CDATA[Unable to load model: 'minecraft:block/buttons/acacia/acacia_button_on' referenced from: minecraft:dark_oak_button#face=floor,facing=north,powered=true: java.io.FileNotFoundException: minecraft:models/block/buttons/acacia/acacia_button_on.json]]></log4j:Message>
  </log4j:Event>
  <log4j:Event logger="net.minecraft.client.resources.model.ModelBakery" timestamp="1791402300282" level="WARN" thread="Worker-Main-23">
    <log4j:Message><![CDATA[Unable to load model: 'minecraft:block/pressure_plate/light_weighted_pressure_plate_14' referenced from: minecraft:light_weighted_pressure_plate#power=0: java.io.FileNotFoundException: minecraft:models/block/pressure_plate/light_weighted_pressure_plate_14.json]]></log4j:Message>
  </log4j:Event>
  <log4j:Event logger="net.minecraft.client.resources.model.ModelBakery" timestamp="1791402300286" level="WARN" thread="Worker-Main-23">
    <log4j:Message><![CDATA[Unable to load model: 'minecraft:block/pressure_plate/window_end_7' referenced from: minecraft:light_weighted_pressure_plate#power=0: java.io.FileNotFoundException: minecraft:models/block/pressure_plate/window_end_7.json]]></log4j:Message>
  </log4j:Event>
  <log4j:Event logger="net.minecraft.client.resources.model.ModelBakery" timestamp="1791402300290" level="WARN" thread="Worker-Main-23">
    <log4j:Message><![CDATA[Unable to load model: 'minecraft:block/pressure_plate/light_weighted_pressure_plate_15' referenced from: minecraft:light_weighted_pressure_plate#power=0: java.io.FileNotFoundException: minecraft:models/block/pressure_plate/light_weighted_pressure_plate_15.json]]></log4j:Message>
  </log4j:Event>
  <log4j:Event logger="net.minecraft.client.resources.model.ModelBakery" timestamp="1791402301719" level="WARN" thread="Worker-Main-23">
    <log4j:Message><![CDATA[Exception loading blockstate definition: 'minecraft:blockstates/andesite_slab.json' in resourcepack: 'source-bbmc-v15.zip' for variant: 'facing=east,type=bottom': Unknown blockstate property: 'facing']]></log4j:Message>
  </log4j:Event>
  <log4j:Event logger="net.minecraft.client.resources.model.ModelBakery" timestamp="1791402301785" level="WARN" thread="Worker-Main-23">
    <log4j:Message><![CDATA[Unable to load model: 'minecraft:block/template_wall_tall' referenced from: minecraft:diorite_wall#east=none,north=none,south=none,up=true,waterlogged=true,west=none: java.io.FileNotFoundException: minecraft:models/block/template_wall_tall.json]]></log4j:Message>
  </log4j:Event>
  <log4j:Event logger="net.minecraft.client.resources.model.ModelBakery" timestamp="1791402302240" level="WARN" thread="Worker-Main-23">
    <log4j:Message><![CDATA[Exception loading blockstate definition: bloodborne:blockstates/hunter_lamp_light_source.json: java.io.FileNotFoundException: bloodborne:blockstates/hunter_lamp_light_source.json]]></log4j:Message>
  </log4j:Event>
  <log4j:Event logger="net.minecraft.client.resources.model.ModelBakery" timestamp="1791402302241" level="WARN" thread="Worker-Main-23">
    <log4j:Message><![CDATA[Exception loading blockstate definition: 'bloodborne:blockstates/hunter_lamp_light_source.json' missing model for variant: 'bloodborne:hunter_lamp_light_source#']]></log4j:Message>
  </log4j:Event>
  <log4j:Event logger="net.minecraft.client.resources.model.ModelBakery" timestamp="1791402303112" level="WARN" thread="Worker-Main-23">
    <log4j:Message><![CDATA[Unable to load model: 'bloodborne:cage_obj_1#inventory' referenced from: bloodborne:cage_obj_1#inventory: java.io.FileNotFoundException: bloodborne:models/item/cage_obj_1.json]]></log4j:Message>
  </log4j:Event>
  <log4j:Event logger="net.minecraft.client.resources.model.ModelBakery" timestamp="1791402303113" level="WARN" thread="Worker-Main-23">
    <log4j:Message><![CDATA[Unable to load model: 'bloodborne:cage_obj_2#inventory' referenced from: bloodborne:cage_obj_2#inventory: java.io.FileNotFoundException: bloodborne:models/item/cage_obj_2.json]]></log4j:Message>
  </log4j:Event>
  <log4j:Event logger="net.minecraft.client.resources.model.ModelBakery" timestamp="1791402303113" level="WARN" thread="Worker-Main-23">
    <log4j:Message><![CDATA[Unable to load model: 'bloodborne:cage_obj_3#inventory' referenced from: bloodborne:cage_obj_3#inventory: java.io.FileNotFoundException: bloodborne:models/item/cage_obj_3.json]]></log4j:Message>
  </log4j:Event>
  <log4j:Event logger="net.minecraft.client.resources.model.ModelBakery" timestamp="1791402303116" level="WARN" thread="Worker-Main-23">
    <log4j:Message><![CDATA[Unable to load model: 'bloodborne:coffins_1#inventory' referenced from: bloodborne:coffins_1#inventory: java.io.FileNotFoundException: bloodborne:models/item/coffins_1.json]]></log4j:Message>
  </log4j:Event>
  <log4j:Event logger="net.minecraft.client.resources.model.ModelBakery" timestamp="1791402303117" level="WARN" thread="Worker-Main-23">
    <log4j:Message><![CDATA[Unable to load model: 'bloodborne:coffins_2#inventory' referenced from: bloodborne:coffins_2#inventory: java.io.FileNotFoundException: bloodborne:models/item/coffins_2.json]]></log4j:Message>
  </log4j:Event>
  <log4j:Event logger="net.minecraft.client.resources.model.ModelBakery" timestamp="1791402303117" level="WARN" thread="Worker-Main-23">
    <log4j:Message><![CDATA[Unable to load model: 'bloodborne:coffins_3#inventory' referenced from: bloodborne:coffins_3#inventory: java.io.FileNotFoundException: bloodborne:models/item/coffins_3.json]]></log4j:Message>
  </log4j:Event>
  <log4j:Event logger="net.minecraft.client.resources.model.ModelBakery" timestamp="1791402303117" level="WARN" thread="Worker-Main-23">
    <log4j:Message><![CDATA[Unable to load model: 'bloodborne:coffins_4#inventory' referenced from: bloodborne:coffins_4#inventory: java.io.FileNotFoundException: bloodborne:models/item/coffins_4.json]]></log4j:Message>
  </log4j:Event>
  <log4j:Event logger="net.minecraft.client.resources.model.ModelBakery" timestamp="1791402303117" level="WARN" thread="Worker-Main-23">
    <log4j:Message><![CDATA[Unable to load model: 'bloodborne:coffins_5#inventory' referenced from: bloodborne:coffins_5#inventory: java.io.FileNotFoundException: bloodborne:models/item/coffins_5.json]]></log4j:Message>
  </log4j:Event>
  <log4j:Event logger="net.minecraft.client.resources.model.ModelBakery" timestamp="1791402303118" level="WARN" thread="Worker-Main-23">
    <log4j:Message><![CDATA[Unable to load model: 'bloodborne:rotator#inventory' referenced from: bloodborne:rotator#inventory: java.io.FileNotFoundException: bloodborne:models/item/rotator.json]]></log4j:Message>
  </log4j:Event>
  <log4j:Event logger="net.minecraft.client.resources.model.ModelBakery" timestamp="1791402303118" level="WARN" thread="Worker-Main-23">
    <log4j:Message><![CDATA[Unable to load model: 'bloodborne:rotator_small#inventory' referenced from: bloodborne:rotator_small#inventory: java.io.FileNotFoundException: bloodborne:models/item/rotator_small.json]]></log4j:Message>
  </log4j:Event>
  <log4j:Event logger="net.minecraft.client.resources.model.ModelBakery" timestamp="1791402303119" level="WARN" thread="Worker-Main-23">
    <log4j:Message><![CDATA[Unable to load model: 'bloodborne:rotator_reset#inventory' referenced from: bloodborne:rotator_reset#inventory: java.io.FileNotFoundException: bloodborne:models/item/rotator_reset.json]]></log4j:Message>
  </log4j:Event>
  <log4j:Event logger="net.minecraft.client.resources.model.ModelBakery" timestamp="1791402303119" level="WARN" thread="Worker-Main-23">
    <log4j:Message><![CDATA[Unable to load model: 'bloodborne:target_dummy#inventory' referenced from: bloodborne:target_dummy#inventory: java.io.FileNotFoundException: bloodborne:models/item/target_dummy.json]]></log4j:Message>
  </log4j:Event>
  <log4j:Event logger="net.minecraft.client.resources.model.ModelBakery" timestamp="1791402303119" level="WARN" thread="Worker-Main-23">
    <log4j:Message><![CDATA[Unable to load model: 'bloodborne:switch#inventory' referenced from: bloodborne:switch#inventory: java.io.FileNotFoundException: bloodborne:models/item/switch.json]]></log4j:Message>
  </log4j:Event>
  <log4j:Event logger="net.minecraft.client.resources.model.ModelBakery" timestamp="1791402303120" level="WARN" thread="Worker-Main-23">
    <log4j:Message><![CDATA[Unable to load model: 'bloodborne:freeze_mobs#inventory' referenced from: bloodborne:freeze_mobs#inventory: java.io.FileNotFoundException: bloodborne:models/item/freeze_mobs.json]]></log4j:Message>
  </log4j:Event>
  <log4j:Event logger="net.minecraft.client.resources.model.ModelBakery" timestamp="1791402303120" level="WARN" thread="Worker-Main-23">
    <log4j:Message><![CDATA[Unable to load model: 'bloodborne:unfreeze_mobs#inventory' referenced from: bloodborne:unfreeze_mobs#inventory: java.io.FileNotFoundException: bloodborne:models/item/unfreeze_mobs.json]]></log4j:Message>
  </log4j:Event>
  <log4j:Event logger="net.minecraft.client.resources.model.ModelBakery" timestamp="1791402303402" level="WARN" thread="Worker-Main-23">
    <log4j:Message><![CDATA[Unable to resolve texture reference: #dirt in minecraft:block/potted_oxeye_daisy]]></log4j:Message>
  </log4j:Event>
  <log4j:Event logger="net.minecraft.client.resources.model.ModelBakery" timestamp="1791402303402" level="WARN" thread="Worker-Main-23">
    <log4j:Message><![CDATA[Unable to resolve texture reference: #dirt in minecraft:block/potted_azure_bluet]]></log4j:Message>
  </log4j:Event>
  <log4j:Event logger="net.minecraft.client.resources.model.ModelBakery" timestamp="1791402303402" level="WARN" thread="Worker-Main-23">
    <log4j:Message><![CDATA[Unable to resolve texture reference: #dirt in minecraft:block/potted_jungle_sapling]]></log4j:Message>
  </log4j:Event>
  <log4j:Event logger="net.minecraft.client.resources.model.ModelBakery" timestamp="1791402303402" level="WARN" thread="Worker-Main-23">
    <log4j:Message><![CDATA[Unable to resolve texture reference: #dirt in minecraft:block/potted_lily_of_the_valley]]></log4j:Message>
  </log4j:Event>
  <log4j:Event logger="net.minecraft.client.resources.model.ModelBakery" timestamp="1791402303402" level="WARN" thread="Worker-Main-23">
    <log4j:Message><![CDATA[Unable to resolve texture reference: #dirt in minecraft:block/potted_birch_sapling]]></log4j:Message>
  </log4j:Event>
  <log4j:Event logger="net.minecraft.client.resources.model.ModelBakery" timestamp="1791402303402" level="WARN" thread="Worker-Main-23">
    <log4j:Message><![CDATA[Unable to resolve texture reference: #dirt in minecraft:block/potted_wither_rose]]></log4j:Message>
  </log4j:Event>
  <log4j:Event logger="net.minecraft.client.resources.model.ModelBakery" timestamp="1791402303402" level="WARN" thread="Worker-Main-23">
    <log4j:Message><![CDATA[Unable to resolve texture reference: #dirt in minecraft:block/potted_red_tulip]]></log4j:Message>
  </log4j:Event>
  <log4j:Event logger="net.minecraft.client.resources.model.ModelBakery" timestamp="1791402303402" level="WARN" thread="Worker-Main-23">
    <log4j:Message><![CDATA[Unable to resolve texture reference: #dirt in minecraft:block/potted_brown_mushroom]]></log4j:Message>
  </log4j:Event>
  <log4j:Event logger="net.minecraft.client.resources.model.ModelBakery" timestamp="1791402303402" level="WARN" thread="Worker-Main-23">
    <log4j:Message><![CDATA[Unable to resolve texture reference: #dirt in minecraft:block/potted_dark_oak_sapling]]></log4j:Message>
  </log4j:Event>
  <log4j:Event logger="net.minecraft.client.resources.model.ModelBakery" timestamp="1791402303402" level="WARN" thread="Worker-Main-23">
    <log4j:Message><![CDATA[Unable to resolve texture reference: #dirt in minecraft:block/potted_blue_orchid]]></log4j:Message>
  </log4j:Event>
  <log4j:Event logger="net.minecraft.client.resources.model.ModelBakery" timestamp="1791402303403" level="WARN" thread="Worker-Main-23">
    <log4j:Message><![CDATA[Unable to resolve texture reference: #dirt in minecraft:block/potted_crimson_fungus]]></log4j:Message>
  </log4j:Event>
  <log4j:Event logger="net.minecraft.client.resources.model.ModelBakery" timestamp="1791402303403" level="WARN" thread="Worker-Main-23">
    <log4j:Message><![CDATA[Unable to resolve texture reference: #dirt in minecraft:block/potted_poppy]]></log4j:Message>
  </log4j:Event>
  <log4j:Event logger="net.minecraft.client.resources.model.ModelBakery" timestamp="1791402303403" level="WARN" thread="Worker-Main-23">
    <log4j:Message><![CDATA[Unable to resolve texture reference: #dirt in minecraft:block/potted_dead_bush]]></log4j:Message>
  </log4j:Event>
  <log4j:Event logger="net.minecraft.client.resources.model.ModelBakery" timestamp="1791402303403" level="WARN" thread="Worker-Main-23">
    <log4j:Message><![CDATA[Unable to resolve texture reference: #dirt in minecraft:block/potted_warped_fungus]]></log4j:Message>
  </log4j:Event>
  <log4j:Event logger="net.minecraft.client.resources.model.ModelBakery" timestamp="1791402303403" level="WARN" thread="Worker-Main-23">
    <log4j:Message><![CDATA[Unable to resolve texture reference: #missing in minecraft:block/dandelion]]></log4j:Message>
  </log4j:Event>
  <log4j:Event logger="net.minecraft.client.resources.model.ModelBakery" timestamp="1791402303403" level="WARN" thread="Worker-Main-23">
    <log4j:Message><![CDATA[Unable to resolve texture reference: #missing in minecraft:block/dandelion_1]]></log4j:Message>
  </log4j:Event>
  <log4j:Event logger="net.minecraft.client.resources.model.ModelBakery" timestamp="1791402303403" level="WARN" thread="Worker-Main-23">
    <log4j:Message><![CDATA[Unable to resolve texture reference: #missing in minecraft:block/dandelion_2]]></log4j:Message>
  </log4j:Event>
  <log4j:Event logger="net.minecraft.client.resources.model.ModelBakery" timestamp="1791402303403" level="WARN" thread="Worker-Main-23">
    <log4j:Message><![CDATA[Unable to resolve texture reference: #missing in minecraft:block/dandelion_3]]></log4j:Message>
  </log4j:Event>
  <log4j:Event logger="net.minecraft.client.resources.model.ModelBakery" timestamp="1791402303403" level="WARN" thread="Worker-Main-23">
    <log4j:Message><![CDATA[Unable to resolve texture reference: #dirt in minecraft:block/potted_dandelion]]></log4j:Message>
  </log4j:Event>
  <log4j:Event logger="net.minecraft.client.resources.model.ModelBakery" timestamp="1791402303403" level="WARN" thread="Worker-Main-23">
    <log4j:Message><![CDATA[Unable to resolve texture reference: #missing in minecraft:item/gray_glazed_terracotta]]></log4j:Message>
  </log4j:Event>
  <log4j:Event logger="net.minecraft.client.resources.model.ModelBakery" timestamp="1791402303403" level="WARN" thread="Worker-Main-23">
    <log4j:Message><![CDATA[Unable to resolve texture reference: #dirt in minecraft:block/potted_spruce_sapling]]></log4j:Message>
  </log4j:Event>
  <log4j:Event logger="net.minecraft.client.resources.model.ModelBakery" timestamp="1791402303403" level="WARN" thread="Worker-Main-23">
    <log4j:Message><![CDATA[Unable to resolve texture reference: #dirt in minecraft:block/potted_crimson_roots]]></log4j:Message>
  </log4j:Event>
  <log4j:Event logger="net.minecraft.client.resources.model.ModelBakery" timestamp="1791402303403" level="WARN" thread="Worker-Main-23">
    <log4j:Message><![CDATA[Unable to resolve texture reference: #dirt in minecraft:block/potted_pink_tulip]]></log4j:Message>
  </log4j:Event>
  <log4j:Event logger="net.minecraft.client.resources.model.ModelBakery" timestamp="1791402303403" level="WARN" thread="Worker-Main-23">
    <log4j:Message><![CDATA[Unable to resolve texture reference: #dirt in minecraft:block/potted_cornflower]]></log4j:Message>
  </log4j:Event>
  <log4j:Event logger="net.minecraft.client.resources.model.ModelBakery" timestamp="1791402303403" level="WARN" thread="Worker-Main-23">
    <log4j:Message><![CDATA[Unable to resolve texture reference: #dirt in minecraft:block/potted_white_tulip]]></log4j:Message>
  </log4j:Event>
  <log4j:Event logger="net.minecraft.client.resources.model.ModelBakery" timestamp="1791402303403" level="WARN" thread="Worker-Main-23">
    <log4j:Message><![CDATA[Unable to resolve texture reference: #dirt in minecraft:block/potted_allium]]></log4j:Message>
  </log4j:Event>
  <log4j:Event logger="net.minecraft.client.resources.model.ModelBakery" timestamp="1791402303403" level="WARN" thread="Worker-Main-23">
    <log4j:Message><![CDATA[Unable to resolve texture reference: #dirt in minecraft:block/potted_orange_tulip]]></log4j:Message>
  </log4j:Event>
  <log4j:Event logger="net.minecraft.client.resources.model.ModelBakery" timestamp="1791402303404" level="WARN" thread="Worker-Main-23">
    <log4j:Message><![CDATA[Unable to resolve texture reference: #dirt in minecraft:block/potted_warped_roots]]></log4j:Message>
  </log4j:Event>
  <log4j:Event logger="net.minecraft.client.resources.model.ModelBakery" timestamp="1791402303404" level="WARN" thread="Worker-Main-23">
    <log4j:Message><![CDATA[Unable to resolve texture reference: #dirt in minecraft:block/potted_acacia_sapling]]></log4j:Message>
  </log4j:Event>
  <log4j:Event logger="net.minecraft.client.resources.model.ModelBakery" timestamp="1791402303404" level="WARN" thread="Worker-Main-23">
    <log4j:Message><![CDATA[Unable to resolve texture reference: #dirt in minecraft:block/potted_oak_sapling]]></log4j:Message>
  </log4j:Event>
  <log4j:Event logger="net.minecraft.client.resources.model.ModelBakery" timestamp="1791402303404" level="WARN" thread="Worker-Main-23">
    <log4j:Message><![CDATA[Unable to resolve texture reference: #dirt in minecraft:block/potted_red_mushroom]]></log4j:Message>
  </log4j:Event>
  <log4j:Event logger="net.minecraft.client.renderer.texture.TextureAtlas" timestamp="1791402303462" level="ERROR" thread="Worker-Main-22">
    <log4j:Message><![CDATA[Using missing texture, unable to load minecraft:textures/block/texture.png : java.io.FileNotFoundException: minecraft:textures/block/texture.png]]></log4j:Message>
  </log4j:Event>
  <log4j:Event logger="net.minecraft.client.renderer.texture.TextureAtlas" timestamp="1791402303467" level="ERROR" thread="Worker-Main-27">
    <log4j:Message><![CDATA[Using missing texture, unable to load minecraft:textures/block/light_pressure_plate.png : java.io.FileNotFoundException: minecraft:textures/block/light_pressure_plate.png]]></log4j:Message>
  </log4j:Event>
  <log4j:Event logger="net.minecraft.client.renderer.texture.TextureAtlas" timestamp="1791402303478" level="ERROR" thread="Worker-Main-17">
    <log4j:Message><![CDATA[Using missing texture, unable to load minecraft:textures/block/model_false/window_4.png : java.io.FileNotFoundException: minecraft:textures/block/model_false/window_4.png]]></log4j:Message>
  </log4j:Event>
  <log4j:Event logger="net.minecraft.client.renderer.texture.TextureAtlas" timestamp="1791402303531" level="ERROR" thread="Worker-Main-28">
    <log4j:Message><![CDATA[Using missing texture, unable to load minecraft:textures/block/model_false/polished_diorite.png : java.io.FileNotFoundException: minecraft:textures/block/model_false/polished_diorite.png]]></log4j:Message>
  </log4j:Event>
  <log4j:Event logger="net.minecraft.client.renderer.texture.TextureAtlas" timestamp="1791402303550" level="WARN" thread="Worker-Main-23">
    <log4j:Message><![CDATA[Texture minecraft:block/addon/spirelamp_0084 with size 500x500 limits mip level from 4 to 2]]></log4j:Message>
  </log4j:Event>
  <log4j:Event logger="net.minecraft.client.renderer.texture.TextureAtlas" timestamp="1791402303551" level="WARN" thread="Worker-Main-23">
    <log4j:Message><![CDATA[Texture bloodborne:item/blood_vial with size 27x27 limits mip level from 2 to 0]]></log4j:Message>
  </log4j:Event>
  <log4j:Event logger="net.minecraft.Util" timestamp="1791402303919" level="ERROR" thread="modloading-worker-0">
    <log4j:Message><![CDATA[Entity bloodborne:cage_obj_1 has no attributes]]></log4j:Message>
  </log4j:Event>
  <log4j:Event logger="net.minecraft.Util" timestamp="1791402303919" level="ERROR" thread="modloading-worker-0">
    <log4j:Message><![CDATA[Entity bloodborne:cage_obj_2 has no attributes]]></log4j:Message>
  </log4j:Event>
  <log4j:Event logger="net.minecraft.Util" timestamp="1791402303919" level="ERROR" thread="modloading-worker-0">
    <log4j:Message><![CDATA[Entity bloodborne:cage_obj_3 has no attributes]]></log4j:Message>
  </log4j:Event>
  <log4j:Event logger="net.minecraft.Util" timestamp="1791402303919" level="ERROR" thread="modloading-worker-0">
    <log4j:Message><![CDATA[Entity bloodborne:cage_obj_1 has no attributes]]></log4j:Message>
  </log4j:Event>
  <log4j:Event logger="net.minecraft.Util" timestamp="1791402303919" level="ERROR" thread="modloading-worker-0">
    <log4j:Message><![CDATA[Entity bloodborne:cage_obj_2 has no attributes]]></log4j:Message>
  </log4j:Event>
  <log4j:Event logger="net.minecraft.Util" timestamp="1791402303919" level="ERROR" thread="modloading-worker-0">
    <log4j:Message><![CDATA[Entity bloodborne:cage_obj_3 has no attributes]]></log4j:Message>
  </log4j:Event>
  <log4j:Event logger="net.minecraft.Util" timestamp="1791402303919" level="ERROR" thread="modloading-worker-0">
    <log4j:Message><![CDATA[Entity bloodborne:cage_obj_1 has no attributes]]></log4j:Message>
  </log4j:Event>
  <log4j:Event logger="net.minecraft.Util" timestamp="1791402303919" level="ERROR" thread="modloading-worker-0">
    <log4j:Message><![CDATA[Entity bloodborne:cage_obj_2 has no attributes]]></log4j:Message>
  </log4j:Event>
  <log4j:Event logger="net.minecraft.Util" timestamp="1791402303919" level="ERROR" thread="modloading-worker-0">
    <log4j:Message><![CDATA[Entity bloodborne:cage_obj_3 has no attributes]]></log4j:Message>
  </log4j:Event>
  <log4j:Event logger="net.minecraft.Util" timestamp="1791402303920" level="ERROR" thread="modloading-worker-0">
    <log4j:Message><![CDATA[Entity bloodborne:cage_obj_1 has no attributes]]></log4j:Message>
  </log4j:Event>
  <log4j:Event logger="net.minecraft.Util" timestamp="1791402303920" level="ERROR" thread="modloading-worker-0">
    <log4j:Message><![CDATA[Entity bloodborne:cage_obj_2 has no attributes]]></log4j:Message>
  </log4j:Event>
  <log4j:Event logger="net.minecraft.Util" timestamp="1791402303920" level="ERROR" thread="modloading-worker-0">
    <log4j:Message><![CDATA[Entity bloodborne:cage_obj_3 has no attributes]]></log4j:Message>
  </log4j:Event>
  <log4j:Event logger="net.minecraft.Util" timestamp="1791402303920" level="ERROR" thread="modloading-worker-0">
    <log4j:Message><![CDATA[Entity bloodborne:cage_obj_1 has no attributes]]></log4j:Message>
  </log4j:Event>
  <log4j:Event logger="net.minecraft.Util" timestamp="1791402303920" level="ERROR" thread="modloading-worker-0">
    <log4j:Message><![CDATA[Entity bloodborne:cage_obj_2 has no attributes]]></log4j:Message>
  </log4j:Event>
  <log4j:Event logger="net.minecraft.Util" timestamp="1791402303920" level="ERROR" thread="modloading-worker-0">
    <log4j:Message><![CDATA[Entity bloodborne:cage_obj_3 has no attributes]]></log4j:Message>
  </log4j:Event>
  <log4j:Event logger="net.minecraft.Util" timestamp="1791402303920" level="ERROR" thread="modloading-worker-0">
    <log4j:Message><![CDATA[Entity bloodborne:cage_obj_1 has no attributes]]></log4j:Message>
  </log4j:Event>
  <log4j:Event logger="net.minecraft.Util" timestamp="1791402303920" level="ERROR" thread="modloading-worker-0">
    <log4j:Message><![CDATA[Entity bloodborne:cage_obj_2 has no attributes]]></log4j:Message>
  </log4j:Event>
  <log4j:Event logger="net.minecraft.Util" timestamp="1791402303920" level="ERROR" thread="modloading-worker-0">
    <log4j:Message><![CDATA[Entity bloodborne:cage_obj_3 has no attributes]]></log4j:Message>
  </log4j:Event>
  <log4j:Event logger="net.minecraft.Util" timestamp="1791402303920" level="ERROR" thread="modloading-worker-0">
    <log4j:Message><![CDATA[Entity bloodborne:cage_obj_1 has no attributes]]></log4j:Message>
  </log4j:Event>
  <log4j:Event logger="net.minecraft.Util" timestamp="1791402303920" level="ERROR" thread="modloading-worker-0">
    <log4j:Message><![CDATA[Entity bloodborne:cage_obj_2 has no attributes]]></log4j:Message>
  </log4j:Event>
  <log4j:Event logger="net.minecraft.Util" timestamp="1791402303920" level="ERROR" thread="modloading-worker-0">
    <log4j:Message><![CDATA[Entity bloodborne:cage_obj_3 has no attributes]]></log4j:Message>
  </log4j:Event>
  <log4j:Event logger="net.minecraft.Util" timestamp="1791402303920" level="ERROR" thread="modloading-worker-0">
    <log4j:Message><![CDATA[Entity bloodborne:cage_obj_1 has no attributes]]></log4j:Message>
  </log4j:Event>
  <log4j:Event logger="net.minecraft.Util" timestamp="1791402303920" level="ERROR" thread="modloading-worker-0">
    <log4j:Message><![CDATA[Entity bloodborne:cage_obj_2 has no attributes]]></log4j:Message>
  </log4j:Event>
  <log4j:Event logger="net.minecraft.Util" timestamp="1791402303920" level="ERROR" thread="modloading-worker-0">
    <log4j:Message><![CDATA[Entity bloodborne:cage_obj_3 has no attributes]]></log4j:Message>
  </log4j:Event>
  <log4j:Event logger="net.minecraft.Util" timestamp="1791402303920" level="ERROR" thread="modloading-worker-0">
    <log4j:Message><![CDATA[Entity bloodborne:cage_obj_1 has no attributes]]></log4j:Message>
  </log4j:Event>
  <log4j:Event logger="net.minecraft.Util" timestamp="1791402303921" level="ERROR" thread="modloading-worker-0">
    <log4j:Message><![CDATA[Entity bloodborne:cage_obj_2 has no attributes]]></log4j:Message>
  </log4j:Event>
  <log4j:Event logger="net.minecraft.Util" timestamp="1791402303921" level="ERROR" thread="modloading-worker-0">
    <log4j:Message><![CDATA[Entity bloodborne:cage_obj_3 has no attributes]]></log4j:Message>
  </log4j:Event>
  <log4j:Event logger="net.minecraft.Util" timestamp="1791402303921" level="ERROR" thread="modloading-worker-0">
    <log4j:Message><![CDATA[Entity bloodborne:cage_obj_1 has no attributes]]></log4j:Message>
  </log4j:Event>
  <log4j:Event logger="net.minecraft.Util" timestamp="1791402303921" level="ERROR" thread="modloading-worker-0">
    <log4j:Message><![CDATA[Entity bloodborne:cage_obj_2 has no attributes]]></log4j:Message>
  </log4j:Event>
  <log4j:Event logger="net.minecraft.Util" timestamp="1791402303921" level="ERROR" thread="modloading-worker-0">
    <log4j:Message><![CDATA[Entity bloodborne:cage_obj_3 has no attributes]]></log4j:Message>
  </log4j:Event>
  <log4j:Event logger="net.minecraft.Util" timestamp="1791402303921" level="ERROR" thread="modloading-worker-0">
    <log4j:Message><![CDATA[Entity bloodborne:cage_obj_1 has no attributes]]></log4j:Message>
  </log4j:Event>
  <log4j:Event logger="net.minecraft.Util" timestamp="1791402303921" level="ERROR" thread="modloading-worker-0">
    <log4j:Message><![CDATA[Entity bloodborne:cage_obj_2 has no attributes]]></log4j:Message>
  </log4j:Event>
  <log4j:Event logger="net.minecraft.Util" timestamp="1791402303921" level="ERROR" thread="modloading-worker-0">
    <log4j:Message><![CDATA[Entity bloodborne:cage_obj_3 has no attributes]]></log4j:Message>
  </log4j:Event>
  <log4j:Event logger="net.minecraft.Util" timestamp="1791402303921" level="ERROR" thread="modloading-worker-0">
    <log4j:Message><![CDATA[Entity bloodborne:cage_obj_1 has no attributes]]></log4j:Message>
  </log4j:Event>
  <log4j:Event logger="net.minecraft.Util" timestamp="1791402303921" level="ERROR" thread="modloading-worker-0">
    <log4j:Message><![CDATA[Entity bloodborne:cage_obj_2 has no attributes]]></log4j:Message>
  </log4j:Event>
  <log4j:Event logger="net.minecraft.Util" timestamp="1791402303921" level="ERROR" thread="modloading-worker-0">
    <log4j:Message><![CDATA[Entity bloodborne:cage_obj_3 has no attributes]]></log4j:Message>
  </log4j:Event>
  <log4j:Event logger="net.minecraft.Util" timestamp="1791402303921" level="ERROR" thread="modloading-worker-0">
    <log4j:Message><![CDATA[Entity bloodborne:cage_obj_1 has no attributes]]></log4j:Message>
  </log4j:Event>
  <log4j:Event logger="net.minecraft.Util" timestamp="1791402303921" level="ERROR" thread="modloading-worker-0">
    <log4j:Message><![CDATA[Entity bloodborne:cage_obj_2 has no attributes]]></log4j:Message>
  </log4j:Event>
  <log4j:Event logger="net.minecraft.Util" timestamp="1791402303921" level="ERROR" thread="modloading-worker-0">
    <log4j:Message><![CDATA[Entity bloodborne:cage_obj_3 has no attributes]]></log4j:Message>
  </log4j:Event>
  <log4j:Event logger="net.minecraft.Util" timestamp="1791402303921" level="ERROR" thread="modloading-worker-0">
    <log4j:Message><![CDATA[Entity bloodborne:cage_obj_1 has no attributes]]></log4j:Message>
  </log4j:Event>
  <log4j:Event logger="net.minecraft.Util" timestamp="1791402303921" level="ERROR" thread="modloading-worker-0">
    <log4j:Message><![CDATA[Entity bloodborne:cage_obj_2 has no attributes]]></log4j:Message>
  </log4j:Event>
  <log4j:Event logger="net.minecraft.Util" timestamp="1791402303921" level="ERROR" thread="modloading-worker-0">
    <log4j:Message><![CDATA[Entity bloodborne:cage_obj_3 has no attributes]]></log4j:Message>
  </log4j:Event>
  <log4j:Event logger="net.minecraft.Util" timestamp="1791402303921" level="ERROR" thread="modloading-worker-0">
    <log4j:Message><![CDATA[Entity bloodborne:cage_obj_1 has no attributes]]></log4j:Message>
  </log4j:Event>
  <log4j:Event logger="net.minecraft.Util" timestamp="1791402303921" level="ERROR" thread="modloading-worker-0">
    <log4j:Message><![CDATA[Entity bloodborne:cage_obj_2 has no attributes]]></log4j:Message>
  </log4j:Event>
  <log4j:Event logger="net.minecraft.Util" timestamp="1791402303922" level="ERROR" thread="modloading-worker-0">
    <log4j:Message><![CDATA[Entity bloodborne:cage_obj_3 has no attributes]]></log4j:Message>
  </log4j:Event>
  <log4j:Event logger="net.minecraft.Util" timestamp="1791402303922" level="ERROR" thread="modloading-worker-0">
    <log4j:Message><![CDATA[Entity bloodborne:cage_obj_1 has no attributes]]></log4j:Message>
  </log4j:Event>
  <log4j:Event logger="net.minecraft.Util" timestamp="1791402303922" level="ERROR" thread="modloading-worker-0">
    <log4j:Message><![CDATA[Entity bloodborne:cage_obj_2 has no attributes]]></log4j:Message>
  </log4j:Event>
  <log4j:Event logger="net.minecraft.Util" timestamp="1791402303922" level="ERROR" thread="modloading-worker-0">
    <log4j:Message><![CDATA[Entity bloodborne:cage_obj_3 has no attributes]]></log4j:Message>
  </log4j:Event>
  <log4j:Event logger="net.minecraft.Util" timestamp="1791402303922" level="ERROR" thread="modloading-worker-0">
    <log4j:Message><![CDATA[Entity bloodborne:cage_obj_1 has no attributes]]></log4j:Message>
  </log4j:Event>
  <log4j:Event logger="net.minecraft.Util" timestamp="1791402303922" level="ERROR" thread="modloading-worker-0">
    <log4j:Message><![CDATA[Entity bloodborne:cage_obj_2 has no attributes]]></log4j:Message>
  </log4j:Event>
  <log4j:Event logger="net.minecraft.Util" timestamp="1791402303922" level="ERROR" thread="modloading-worker-0">
    <log4j:Message><![CDATA[Entity bloodborne:cage_obj_3 has no attributes]]></log4j:Message>
  </log4j:Event>
  <log4j:Event logger="net.minecraft.Util" timestamp="1791402303922" level="ERROR" thread="modloading-worker-0">
    <log4j:Message><![CDATA[Entity bloodborne:cage_obj_1 has no attributes]]></log4j:Message>
  </log4j:Event>
  <log4j:Event logger="net.minecraft.Util" timestamp="1791402303922" level="ERROR" thread="modloading-worker-0">
    <log4j:Message><![CDATA[Entity bloodborne:cage_obj_2 has no attributes]]></log4j:Message>
  </log4j:Event>
  <log4j:Event logger="net.minecraft.Util" timestamp="1791402303922" level="ERROR" thread="modloading-worker-0">
    <log4j:Message><![CDATA[Entity bloodborne:cage_obj_3 has no attributes]]></log4j:Message>
  </log4j:Event>
  <log4j:Event logger="net.minecraft.Util" timestamp="1791402303922" level="ERROR" thread="modloading-worker-0">
    <log4j:Message><![CDATA[Entity bloodborne:cage_obj_1 has no attributes]]></log4j:Message>
  </log4j:Event>
  <log4j:Event logger="net.minecraft.Util" timestamp="1791402303922" level="ERROR" thread="modloading-worker-0">
    <log4j:Message><![CDATA[Entity bloodborne:cage_obj_2 has no attributes]]></log4j:Message>
  </log4j:Event>
  <log4j:Event logger="net.minecraft.Util" timestamp="1791402303922" level="ERROR" thread="modloading-worker-0">
    <log4j:Message><![CDATA[Entity bloodborne:cage_obj_3 has no attributes]]></log4j:Message>
  </log4j:Event>
  <log4j:Event logger="net.minecraft.client.sounds.SoundEngine" timestamp="1791402304616" level="WARN" thread="Render thread">
    <log4j:Message><![CDATA[Missing sound for event: bloodborne:entity.brick_troll_dialogue]]></log4j:Message>
  </log4j:Event>
  <log4j:Event logger="net.minecraft.client.sounds.SoundEngine" timestamp="1791402304617" level="WARN" thread="Render thread">
    <log4j:Message><![CDATA[Missing sound for event: bloodborne:entity.cage_obj_1_idle]]></log4j:Message>
  </log4j:Event>
  <log4j:Event logger="net.minecraft.client.sounds.SoundEngine" timestamp="1791402304617" level="WARN" thread="Render thread">
    <log4j:Message><![CDATA[Missing sound for event: bloodborne:entity.cage_obj_1_attack]]></log4j:Message>
  </log4j:Event>
  <log4j:Event logger="net.minecraft.client.sounds.SoundEngine" timestamp="1791402304617" level="WARN" thread="Render thread">
    <log4j:Message><![CDATA[Missing sound for event: bloodborne:entity.cage_obj_1_hurt]]></log4j:Message>
  </log4j:Event>
  <log4j:Event logger="net.minecraft.client.sounds.SoundEngine" timestamp="1791402304617" level="WARN" thread="Render thread">
    <log4j:Message><![CDATA[Missing sound for event: bloodborne:entity.cage_obj_1_death]]></log4j:Message>
  </log4j:Event>
  <log4j:Event logger="com.mojang.blaze3d.audio.Library" timestamp="1791402305100" level="INFO" thread="Render thread">
    <log4j:Message><![CDATA[OpenAL initialized on device OpenAL Soft on Динамики (Realtek(R) Audio)]]></log4j:Message>
  </log4j:Event>
  <log4j:Event logger="net.minecraft.client.sounds.SoundEngine" timestamp="1791402305101" level="INFO" thread="Render thread">
    <log4j:Message><![CDATA[Sound engine started]]></log4j:Message>
  </log4j:Event>
  <log4j:Event logger="net.minecraft.client.renderer.texture.TextureAtlas" timestamp="1791402305291" level="INFO" thread="Render thread">
    <log4j:Message><![CDATA[Created: 2048x2048x4 minecraft:textures/atlas/blocks.png-atlas]]></log4j:Message>
  </log4j:Event>
  <log4j:Event logger="net.minecraft.client.renderer.texture.TextureAtlas" timestamp="1791402305303" level="INFO" thread="Render thread">
    <log4j:Message><![CDATA[Created: 256x128x4 minecraft:textures/atlas/signs.png-atlas]]></log4j:Message>
  </log4j:Event>
  <log4j:Event logger="net.minecraft.client.renderer.texture.TextureAtlas" timestamp="1791402305303" level="INFO" thread="Render thread">
    <log4j:Message><![CDATA[Created: 512x512x4 minecraft:textures/atlas/banner_patterns.png-atlas]]></log4j:Message>
  </log4j:Event>
  <log4j:Event logger="net.minecraft.client.renderer.texture.TextureAtlas" timestamp="1791402305304" level="INFO" thread="Render thread">
    <log4j:Message><![CDATA[Created: 512x512x4 minecraft:textures/atlas/shield_patterns.png-atlas]]></log4j:Message>
  </log4j:Event>
  <log4j:Event logger="net.minecraft.client.renderer.texture.TextureAtlas" timestamp="1791402305305" level="INFO" thread="Render thread">
    <log4j:Message><![CDATA[Created: 256x256x4 minecraft:textures/atlas/chest.png-atlas]]></log4j:Message>
  </log4j:Event>
  <log4j:Event logger="net.minecraft.client.renderer.texture.TextureAtlas" timestamp="1791402305305" level="INFO" thread="Render thread">
    <log4j:Message><![CDATA[Created: 512x256x4 minecraft:textures/atlas/beds.png-atlas]]></log4j:Message>
  </log4j:Event>
  <log4j:Event logger="net.minecraft.client.renderer.texture.TextureAtlas" timestamp="1791402305305" level="INFO" thread="Render thread">
    <log4j:Message><![CDATA[Created: 512x256x4 minecraft:textures/atlas/shulker_boxes.png-atlas]]></log4j:Message>
  </log4j:Event>
  <log4j:Event logger="net.minecraft.client.renderer.texture.TextureAtlas" timestamp="1791402306247" level="INFO" thread="Render thread">
    <log4j:Message><![CDATA[Created: 256x256x0 minecraft:textures/atlas/particles.png-atlas]]></log4j:Message>
  </log4j:Event>
  <log4j:Event logger="net.minecraft.client.renderer.texture.TextureAtlas" timestamp="1791402306248" level="INFO" thread="Render thread">
    <log4j:Message><![CDATA[Created: 256x256x0 minecraft:textures/atlas/paintings.png-atlas]]></log4j:Message>
  </log4j:Event>
  <log4j:Event logger="net.minecraft.client.renderer.texture.TextureAtlas" timestamp="1791402306249" level="INFO" thread="Render thread">
    <log4j:Message><![CDATA[Created: 128x128x0 minecraft:textures/atlas/mob_effects.png-atlas]]></log4j:Message>
  </log4j:Event>
Dreamwalker source QA client screen: net.minecraft.client.gui.screens.TitleScreen; ticks=1
  <log4j:Event logger="com.mojang.realmsclient.client.RealmsClient" timestamp="1791402306550" level="INFO" thread="Realms Notification Availability checker #1">
    <log4j:Message><![CDATA[Could not authorize you against Realms server: java.lang.RuntimeException: Failed to parse into SignedJWT: 0]]></log4j:Message>
  </log4j:Event>
  <log4j:Event logger="net.minecraftforge.common.ForgeHooks" timestamp="1791402308283" level="WARN" thread="Render thread">
    <log4j:Message><![CDATA[The following mods have version differences that were not resolved:
oculus (version 1.6.4 -> MISSING)
rubidium (version 0.5.6 -> MISSING)
shouldersurfing (version 1.18.2-2.2.12 -> MISSING)
Things may not work well.]]></log4j:Message>
  </log4j:Event>
  <log4j:Event logger="net.minecraftforge.registries.GameData" timestamp="1791402308288" level="INFO" thread="Render thread">
    <log4j:Message><![CDATA[Injecting existing registry data into this CLIENT instance]]></log4j:Message>
  </log4j:Event>
  <log4j:Event logger="net.minecraft.Util" timestamp="1791402308291" level="ERROR" thread="Render thread">
    <log4j:Message><![CDATA[Entity bloodborne:cage_obj_1 has no attributes]]></log4j:Message>
  </log4j:Event>
  <log4j:Event logger="net.minecraft.Util" timestamp="1791402308291" level="ERROR" thread="Render thread">
    <log4j:Message><![CDATA[Entity bloodborne:cage_obj_2 has no attributes]]></log4j:Message>
  </log4j:Event>
  <log4j:Event logger="net.minecraft.Util" timestamp="1791402308291" level="ERROR" thread="Render thread">
    <log4j:Message><![CDATA[Entity bloodborne:cage_obj_3 has no attributes]]></log4j:Message>
  </log4j:Event>
  <log4j:Event logger="net.minecraft.Util" timestamp="1791402308291" level="ERROR" thread="Render thread">
    <log4j:Message><![CDATA[Entity bloodborne:cage_obj_1 has no attributes]]></log4j:Message>
  </log4j:Event>
  <log4j:Event logger="net.minecraft.Util" timestamp="1791402308291" level="ERROR" thread="Render thread">
    <log4j:Message><![CDATA[Entity bloodborne:cage_obj_2 has no attributes]]></log4j:Message>
  </log4j:Event>
  <log4j:Event logger="net.minecraft.Util" timestamp="1791402308292" level="ERROR" thread="Render thread">
    <log4j:Message><![CDATA[Entity bloodborne:cage_obj_3 has no attributes]]></log4j:Message>
  </log4j:Event>
  <log4j:Event logger="net.minecraft.Util" timestamp="1791402308292" level="ERROR" thread="Render thread">
    <log4j:Message><![CDATA[Entity bloodborne:cage_obj_1 has no attributes]]></log4j:Message>
  </log4j:Event>
  <log4j:Event logger="net.minecraft.Util" timestamp="1791402308292" level="ERROR" thread="Render thread">
    <log4j:Message><![CDATA[Entity bloodborne:cage_obj_2 has no attributes]]></log4j:Message>
  </log4j:Event>
  <log4j:Event logger="net.minecraft.Util" timestamp="1791402308292" level="ERROR" thread="Render thread">
    <log4j:Message><![CDATA[Entity bloodborne:cage_obj_3 has no attributes]]></log4j:Message>
  </log4j:Event>
  <log4j:Event logger="net.minecraft.Util" timestamp="1791402308292" level="ERROR" thread="Render thread">
    <log4j:Message><![CDATA[Entity bloodborne:cage_obj_1 has no attributes]]></log4j:Message>
  </log4j:Event>
  <log4j:Event logger="net.minecraft.Util" timestamp="1791402308292" level="ERROR" thread="Render thread">
    <log4j:Message><![CDATA[Entity bloodborne:cage_obj_2 has no attributes]]></log4j:Message>
  </log4j:Event>
  <log4j:Event logger="net.minecraft.Util" timestamp="1791402308292" level="ERROR" thread="Render thread">
    <log4j:Message><![CDATA[Entity bloodborne:cage_obj_3 has no attributes]]></log4j:Message>
  </log4j:Event>
  <log4j:Event logger="net.minecraft.Util" timestamp="1791402308292" level="ERROR" thread="Render thread">
    <log4j:Message><![CDATA[Entity bloodborne:cage_obj_1 has no attributes]]></log4j:Message>
  </log4j:Event>
  <log4j:Event logger="net.minecraft.Util" timestamp="1791402308292" level="ERROR" thread="Render thread">
    <log4j:Message><![CDATA[Entity bloodborne:cage_obj_2 has no attributes]]></log4j:Message>
  </log4j:Event>
  <log4j:Event logger="net.minecraft.Util" timestamp="1791402308292" level="ERROR" thread="Render thread">
    <log4j:Message><![CDATA[Entity bloodborne:cage_obj_3 has no attributes]]></log4j:Message>
  </log4j:Event>
  <log4j:Event logger="net.minecraft.Util" timestamp="1791402308292" level="ERROR" thread="Render thread">
    <log4j:Message><![CDATA[Entity bloodborne:cage_obj_1 has no attributes]]></log4j:Message>
  </log4j:Event>
  <log4j:Event logger="net.minecraft.Util" timestamp="1791402308292" level="ERROR" thread="Render thread">
    <log4j:Message><![CDATA[Entity bloodborne:cage_obj_2 has no attributes]]></log4j:Message>
  </log4j:Event>
  <log4j:Event logger="net.minecraft.Util" timestamp="1791402308292" level="ERROR" thread="Render thread">
    <log4j:Message><![CDATA[Entity bloodborne:cage_obj_3 has no attributes]]></log4j:Message>
  </log4j:Event>
  <log4j:Event logger="net.minecraft.Util" timestamp="1791402308292" level="ERROR" thread="Render thread">
    <log4j:Message><![CDATA[Entity bloodborne:cage_obj_1 has no attributes]]></log4j:Message>
  </log4j:Event>
  <log4j:Event logger="net.minecraft.Util" timestamp="1791402308292" level="ERROR" thread="Render thread">
    <log4j:Message><![CDATA[Entity bloodborne:cage_obj_2 has no attributes]]></log4j:Message>
  </log4j:Event>
  <log4j:Event logger="net.minecraft.Util" timestamp="1791402308292" level="ERROR" thread="Render thread">
    <log4j:Message><![CDATA[Entity bloodborne:cage_obj_3 has no attributes]]></log4j:Message>
  </log4j:Event>
  <log4j:Event logger="net.minecraft.Util" timestamp="1791402308292" level="ERROR" thread="Render thread">
    <log4j:Message><![CDATA[Entity bloodborne:cage_obj_1 has no attributes]]></log4j:Message>
  </log4j:Event>
  <log4j:Event logger="net.minecraft.Util" timestamp="1791402308292" level="ERROR" thread="Render thread">
    <log4j:Message><![CDATA[Entity bloodborne:cage_obj_2 has no attributes]]></log4j:Message>
  </log4j:Event>
  <log4j:Event logger="net.minecraft.Util" timestamp="1791402308293" level="ERROR" thread="Render thread">
    <log4j:Message><![CDATA[Entity bloodborne:cage_obj_3 has no attributes]]></log4j:Message>
  </log4j:Event>
  <log4j:Event logger="net.minecraft.Util" timestamp="1791402308293" level="ERROR" thread="Render thread">
    <log4j:Message><![CDATA[Entity bloodborne:cage_obj_1 has no attributes]]></log4j:Message>
  </log4j:Event>
  <log4j:Event logger="net.minecraft.Util" timestamp="1791402308293" level="ERROR" thread="Render thread">
    <log4j:Message><![CDATA[Entity bloodborne:cage_obj_2 has no attributes]]></log4j:Message>
  </log4j:Event>
  <log4j:Event logger="net.minecraft.Util" timestamp="1791402308293" level="ERROR" thread="Render thread">
    <log4j:Message><![CDATA[Entity bloodborne:cage_obj_3 has no attributes]]></log4j:Message>
  </log4j:Event>
  <log4j:Event logger="net.minecraft.Util" timestamp="1791402308293" level="ERROR" thread="Render thread">
    <log4j:Message><![CDATA[Entity bloodborne:cage_obj_1 has no attributes]]></log4j:Message>
  </log4j:Event>
  <log4j:Event logger="net.minecraft.Util" timestamp="1791402308293" level="ERROR" thread="Render thread">
    <log4j:Message><![CDATA[Entity bloodborne:cage_obj_2 has no attributes]]></log4j:Message>
  </log4j:Event>
  <log4j:Event logger="net.minecraft.Util" timestamp="1791402308293" level="ERROR" thread="Render thread">
    <log4j:Message><![CDATA[Entity bloodborne:cage_obj_3 has no attributes]]></log4j:Message>
  </log4j:Event>
  <log4j:Event logger="net.minecraft.Util" timestamp="1791402308293" level="ERROR" thread="Render thread">
    <log4j:Message><![CDATA[Entity bloodborne:cage_obj_1 has no attributes]]></log4j:Message>
  </log4j:Event>
  <log4j:Event logger="net.minecraft.Util" timestamp="1791402308293" level="ERROR" thread="Render thread">
    <log4j:Message><![CDATA[Entity bloodborne:cage_obj_2 has no attributes]]></log4j:Message>
  </log4j:Event>
  <log4j:Event logger="net.minecraft.Util" timestamp="1791402308293" level="ERROR" thread="Render thread">
    <log4j:Message><![CDATA[Entity bloodborne:cage_obj_3 has no attributes]]></log4j:Message>
  </log4j:Event>
  <log4j:Event logger="net.minecraft.Util" timestamp="1791402308293" level="ERROR" thread="Render thread">
    <log4j:Message><![CDATA[Entity bloodborne:cage_obj_1 has no attributes]]></log4j:Message>
  </log4j:Event>
  <log4j:Event logger="net.minecraft.Util" timestamp="1791402308293" level="ERROR" thread="Render thread">
    <log4j:Message><![CDATA[Entity bloodborne:cage_obj_2 has no attributes]]></log4j:Message>
  </log4j:Event>
  <log4j:Event logger="net.minecraft.Util" timestamp="1791402308293" level="ERROR" thread="Render thread">
    <log4j:Message><![CDATA[Entity bloodborne:cage_obj_3 has no attributes]]></log4j:Message>
  </log4j:Event>
  <log4j:Event logger="net.minecraft.Util" timestamp="1791402308293" level="ERROR" thread="Render thread">
    <log4j:Message><![CDATA[Entity bloodborne:cage_obj_1 has no attributes]]></log4j:Message>
  </log4j:Event>
  <log4j:Event logger="net.minecraft.Util" timestamp="1791402308293" level="ERROR" thread="Render thread">
    <log4j:Message><![CDATA[Entity bloodborne:cage_obj_2 has no attributes]]></log4j:Message>
  </log4j:Event>
  <log4j:Event logger="net.minecraft.Util" timestamp="1791402308293" level="ERROR" thread="Render thread">
    <log4j:Message><![CDATA[Entity bloodborne:cage_obj_3 has no attributes]]></log4j:Message>
  </log4j:Event>
  <log4j:Event logger="net.minecraft.Util" timestamp="1791402308293" level="ERROR" thread="Render thread">
    <log4j:Message><![CDATA[Entity bloodborne:cage_obj_1 has no attributes]]></log4j:Message>
  </log4j:Event>
  <log4j:Event logger="net.minecraft.Util" timestamp="1791402308293" level="ERROR" thread="Render thread">
    <log4j:Message><![CDATA[Entity bloodborne:cage_obj_2 has no attributes]]></log4j:Message>
  </log4j:Event>
  <log4j:Event logger="net.minecraft.Util" timestamp="1791402308294" level="ERROR" thread="Render thread">
    <log4j:Message><![CDATA[Entity bloodborne:cage_obj_3 has no attributes]]></log4j:Message>
  </log4j:Event>
  <log4j:Event logger="net.minecraft.Util" timestamp="1791402308294" level="ERROR" thread="Render thread">
    <log4j:Message><![CDATA[Entity bloodborne:cage_obj_1 has no attributes]]></log4j:Message>
  </log4j:Event>
  <log4j:Event logger="net.minecraft.Util" timestamp="1791402308294" level="ERROR" thread="Render thread">
    <log4j:Message><![CDATA[Entity bloodborne:cage_obj_2 has no attributes]]></log4j:Message>
  </log4j:Event>
  <log4j:Event logger="net.minecraft.Util" timestamp="1791402308294" level="ERROR" thread="Render thread">
    <log4j:Message><![CDATA[Entity bloodborne:cage_obj_3 has no attributes]]></log4j:Message>
  </log4j:Event>
  <log4j:Event logger="net.minecraft.Util" timestamp="1791402308294" level="ERROR" thread="Render thread">
    <log4j:Message><![CDATA[Entity bloodborne:cage_obj_1 has no attributes]]></log4j:Message>
  </log4j:Event>
  <log4j:Event logger="net.minecraft.Util" timestamp="1791402308294" level="ERROR" thread="Render thread">
    <log4j:Message><![CDATA[Entity bloodborne:cage_obj_2 has no attributes]]></log4j:Message>
  </log4j:Event>
  <log4j:Event logger="net.minecraft.Util" timestamp="1791402308294" level="ERROR" thread="Render thread">
    <log4j:Message><![CDATA[Entity bloodborne:cage_obj_3 has no attributes]]></log4j:Message>
  </log4j:Event>
  <log4j:Event logger="net.minecraft.Util" timestamp="1791402308294" level="ERROR" thread="Render thread">
    <log4j:Message><![CDATA[Entity bloodborne:cage_obj_1 has no attributes]]></log4j:Message>
  </log4j:Event>
  <log4j:Event logger="net.minecraft.Util" timestamp="1791402308294" level="ERROR" thread="Render thread">
    <log4j:Message><![CDATA[Entity bloodborne:cage_obj_2 has no attributes]]></log4j:Message>
  </log4j:Event>
  <log4j:Event logger="net.minecraft.Util" timestamp="1791402308294" level="ERROR" thread="Render thread">
    <log4j:Message><![CDATA[Entity bloodborne:cage_obj_3 has no attributes]]></log4j:Message>
  </log4j:Event>
  <log4j:Event logger="net.minecraft.Util" timestamp="1791402308294" level="ERROR" thread="Render thread">
    <log4j:Message><![CDATA[Entity bloodborne:cage_obj_1 has no attributes]]></log4j:Message>
  </log4j:Event>
  <log4j:Event logger="net.minecraft.Util" timestamp="1791402308294" level="ERROR" thread="Render thread">
    <log4j:Message><![CDATA[Entity bloodborne:cage_obj_2 has no attributes]]></log4j:Message>
  </log4j:Event>
  <log4j:Event logger="net.minecraft.Util" timestamp="1791402308294" level="ERROR" thread="Render thread">
    <log4j:Message><![CDATA[Entity bloodborne:cage_obj_3 has no attributes]]></log4j:Message>
  </log4j:Event>
  <log4j:Event logger="net.minecraft.Util" timestamp="1791402308294" level="ERROR" thread="Render thread">
    <log4j:Message><![CDATA[Entity bloodborne:cage_obj_1 has no attributes]]></log4j:Message>
  </log4j:Event>
  <log4j:Event logger="net.minecraft.Util" timestamp="1791402308294" level="ERROR" thread="Render thread">
    <log4j:Message><![CDATA[Entity bloodborne:cage_obj_2 has no attributes]]></log4j:Message>
  </log4j:Event>
  <log4j:Event logger="net.minecraft.Util" timestamp="1791402308294" level="ERROR" thread="Render thread">
    <log4j:Message><![CDATA[Entity bloodborne:cage_obj_3 has no attributes]]></log4j:Message>
  </log4j:Event>
  <log4j:Event logger="net.minecraftforge.registries.ForgeRegistry" timestamp="1791402308299" level="INFO" thread="Render thread">
    <log4j:Message><![CDATA[Registry minecraft:block: Found a missing id from the world geckolib3:fertilizerblock]]></log4j:Message>
  </log4j:Event>
  <log4j:Event logger="net.minecraftforge.registries.ForgeRegistry" timestamp="1791402308299" level="INFO" thread="Render thread">
    <log4j:Message><![CDATA[Registry minecraft:block: Found a missing id from the world geckolib3:habitatblock]]></log4j:Message>
  </log4j:Event>
  <log4j:Event logger="net.minecraft.Util" timestamp="1791402308321" level="ERROR" thread="Render thread">
    <log4j:Message><![CDATA[Entity bloodborne:cage_obj_1 has no attributes]]></log4j:Message>
  </log4j:Event>
  <log4j:Event logger="net.minecraft.Util" timestamp="1791402308322" level="ERROR" thread="Render thread">
    <log4j:Message><![CDATA[Entity bloodborne:cage_obj_2 has no attributes]]></log4j:Message>
  </log4j:Event>
  <log4j:Event logger="net.minecraft.Util" timestamp="1791402308322" level="ERROR" thread="Render thread">
    <log4j:Message><![CDATA[Entity bloodborne:cage_obj_3 has no attributes]]></log4j:Message>
  </log4j:Event>
  <log4j:Event logger="net.minecraft.Util" timestamp="1791402308322" level="ERROR" thread="Render thread">
    <log4j:Message><![CDATA[Entity bloodborne:cage_obj_1 has no attributes]]></log4j:Message>
  </log4j:Event>
  <log4j:Event logger="net.minecraft.Util" timestamp="1791402308322" level="ERROR" thread="Render thread">
    <log4j:Message><![CDATA[Entity bloodborne:cage_obj_2 has no attributes]]></log4j:Message>
  </log4j:Event>
  <log4j:Event logger="net.minecraft.Util" timestamp="1791402308322" level="ERROR" thread="Render thread">
    <log4j:Message><![CDATA[Entity bloodborne:cage_obj_3 has no attributes]]></log4j:Message>
  </log4j:Event>
  <log4j:Event logger="net.minecraft.Util" timestamp="1791402308322" level="ERROR" thread="Render thread">
    <log4j:Message><![CDATA[Entity bloodborne:cage_obj_1 has no attributes]]></log4j:Message>
  </log4j:Event>
  <log4j:Event logger="net.minecraft.Util" timestamp="1791402308322" level="ERROR" thread="Render thread">
    <log4j:Message><![CDATA[Entity bloodborne:cage_obj_2 has no attributes]]></log4j:Message>
  </log4j:Event>
  <log4j:Event logger="net.minecraft.Util" timestamp="1791402308322" level="ERROR" thread="Render thread">
    <log4j:Message><![CDATA[Entity bloodborne:cage_obj_3 has no attributes]]></log4j:Message>
  </log4j:Event>
  <log4j:Event logger="net.minecraft.Util" timestamp="1791402308322" level="ERROR" thread="Render thread">
    <log4j:Message><![CDATA[Entity bloodborne:cage_obj_1 has no attributes]]></log4j:Message>
  </log4j:Event>
  <log4j:Event logger="net.minecraft.Util" timestamp="1791402308322" level="ERROR" thread="Render thread">
    <log4j:Message><![CDATA[Entity bloodborne:cage_obj_2 has no attributes]]></log4j:Message>
  </log4j:Event>
  <log4j:Event logger="net.minecraft.Util" timestamp="1791402308322" level="ERROR" thread="Render thread">
    <log4j:Message><![CDATA[Entity bloodborne:cage_obj_3 has no attributes]]></log4j:Message>
  </log4j:Event>
  <log4j:Event logger="net.minecraft.Util" timestamp="1791402308322" level="ERROR" thread="Render thread">
    <log4j:Message><![CDATA[Entity bloodborne:cage_obj_1 has no attributes]]></log4j:Message>
  </log4j:Event>
  <log4j:Event logger="net.minecraft.Util" timestamp="1791402308322" level="ERROR" thread="Render thread">
    <log4j:Message><![CDATA[Entity bloodborne:cage_obj_2 has no attributes]]></log4j:Message>
  </log4j:Event>
  <log4j:Event logger="net.minecraft.Util" timestamp="1791402308322" level="ERROR" thread="Render thread">
    <log4j:Message><![CDATA[Entity bloodborne:cage_obj_3 has no attributes]]></log4j:Message>
  </log4j:Event>
  <log4j:Event logger="net.minecraft.Util" timestamp="1791402308322" level="ERROR" thread="Render thread">
    <log4j:Message><![CDATA[Entity bloodborne:cage_obj_1 has no attributes]]></log4j:Message>
  </log4j:Event>
  <log4j:Event logger="net.minecraft.Util" timestamp="1791402308322" level="ERROR" thread="Render thread">
    <log4j:Message><![CDATA[Entity bloodborne:cage_obj_2 has no attributes]]></log4j:Message>
  </log4j:Event>
  <log4j:Event logger="net.minecraft.Util" timestamp="1791402308322" level="ERROR" thread="Render thread">
    <log4j:Message><![CDATA[Entity bloodborne:cage_obj_3 has no attributes]]></log4j:Message>
  </log4j:Event>
  <log4j:Event logger="net.minecraft.Util" timestamp="1791402308322" level="ERROR" thread="Render thread">
    <log4j:Message><![CDATA[Entity bloodborne:cage_obj_1 has no attributes]]></log4j:Message>
  </log4j:Event>
  <log4j:Event logger="net.minecraft.Util" timestamp="1791402308322" level="ERROR" thread="Render thread">
    <log4j:Message><![CDATA[Entity bloodborne:cage_obj_2 has no attributes]]></log4j:Message>
  </log4j:Event>
  <log4j:Event logger="net.minecraft.Util" timestamp="1791402308322" level="ERROR" thread="Render thread">
    <log4j:Message><![CDATA[Entity bloodborne:cage_obj_3 has no attributes]]></log4j:Message>
  </log4j:Event>
  <log4j:Event logger="net.minecraft.Util" timestamp="1791402308323" level="ERROR" thread="Render thread">
    <log4j:Message><![CDATA[Entity bloodborne:cage_obj_1 has no attributes]]></log4j:Message>
  </log4j:Event>
  <log4j:Event logger="net.minecraft.Util" timestamp="1791402308323" level="ERROR" thread="Render thread">
    <log4j:Message><![CDATA[Entity bloodborne:cage_obj_2 has no attributes]]></log4j:Message>
  </log4j:Event>
  <log4j:Event logger="net.minecraft.Util" timestamp="1791402308323" level="ERROR" thread="Render thread">
    <log4j:Message><![CDATA[Entity bloodborne:cage_obj_3 has no attributes]]></log4j:Message>
  </log4j:Event>
  <log4j:Event logger="net.minecraft.Util" timestamp="1791402308323" level="ERROR" thread="Render thread">
    <log4j:Message><![CDATA[Entity bloodborne:cage_obj_1 has no attributes]]></log4j:Message>
  </log4j:Event>
  <log4j:Event logger="net.minecraft.Util" timestamp="1791402308323" level="ERROR" thread="Render thread">
    <log4j:Message><![CDATA[Entity bloodborne:cage_obj_2 has no attributes]]></log4j:Message>
  </log4j:Event>
  <log4j:Event logger="net.minecraft.Util" timestamp="1791402308323" level="ERROR" thread="Render thread">
    <log4j:Message><![CDATA[Entity bloodborne:cage_obj_3 has no attributes]]></log4j:Message>
  </log4j:Event>
  <log4j:Event logger="net.minecraft.Util" timestamp="1791402308323" level="ERROR" thread="Render thread">
    <log4j:Message><![CDATA[Entity bloodborne:cage_obj_1 has no attributes]]></log4j:Message>
  </log4j:Event>
  <log4j:Event logger="net.minecraft.Util" timestamp="1791402308323" level="ERROR" thread="Render thread">
    <log4j:Message><![CDATA[Entity bloodborne:cage_obj_2 has no attributes]]></log4j:Message>
  </log4j:Event>
  <log4j:Event logger="net.minecraft.Util" timestamp="1791402308323" level="ERROR" thread="Render thread">
    <log4j:Message><![CDATA[Entity bloodborne:cage_obj_3 has no attributes]]></log4j:Message>
  </log4j:Event>
  <log4j:Event logger="net.minecraft.Util" timestamp="1791402308323" level="ERROR" thread="Render thread">
    <log4j:Message><![CDATA[Entity bloodborne:cage_obj_1 has no attributes]]></log4j:Message>
  </log4j:Event>
  <log4j:Event logger="net.minecraft.Util" timestamp="1791402308323" level="ERROR" thread="Render thread">
    <log4j:Message><![CDATA[Entity bloodborne:cage_obj_2 has no attributes]]></log4j:Message>
  </log4j:Event>
  <log4j:Event logger="net.minecraft.Util" timestamp="1791402308323" level="ERROR" thread="Render thread">
    <log4j:Message><![CDATA[Entity bloodborne:cage_obj_3 has no attributes]]></log4j:Message>
  </log4j:Event>
  <log4j:Event logger="net.minecraft.Util" timestamp="1791402308323" level="ERROR" thread="Render thread">
    <log4j:Message><![CDATA[Entity bloodborne:cage_obj_1 has no attributes]]></log4j:Message>
  </log4j:Event>
  <log4j:Event logger="net.minecraft.Util" timestamp="1791402308323" level="ERROR" thread="Render thread">
    <log4j:Message><![CDATA[Entity bloodborne:cage_obj_2 has no attributes]]></log4j:Message>
  </log4j:Event>
  <log4j:Event logger="net.minecraft.Util" timestamp="1791402308323" level="ERROR" thread="Render thread">
    <log4j:Message><![CDATA[Entity bloodborne:cage_obj_3 has no attributes]]></log4j:Message>
  </log4j:Event>
  <log4j:Event logger="net.minecraft.Util" timestamp="1791402308323" level="ERROR" thread="Render thread">
    <log4j:Message><![CDATA[Entity bloodborne:cage_obj_1 has no attributes]]></log4j:Message>
  </log4j:Event>
  <log4j:Event logger="net.minecraft.Util" timestamp="1791402308323" level="ERROR" thread="Render thread">
    <log4j:Message><![CDATA[Entity bloodborne:cage_obj_2 has no attributes]]></log4j:Message>
  </log4j:Event>
  <log4j:Event logger="net.minecraft.Util" timestamp="1791402308323" level="ERROR" thread="Render thread">
    <log4j:Message><![CDATA[Entity bloodborne:cage_obj_3 has no attributes]]></log4j:Message>
  </log4j:Event>
  <log4j:Event logger="net.minecraft.Util" timestamp="1791402308323" level="ERROR" thread="Render thread">
    <log4j:Message><![CDATA[Entity bloodborne:cage_obj_1 has no attributes]]></log4j:Message>
  </log4j:Event>
  <log4j:Event logger="net.minecraft.Util" timestamp="1791402308323" level="ERROR" thread="Render thread">
    <log4j:Message><![CDATA[Entity bloodborne:cage_obj_2 has no attributes]]></log4j:Message>
  </log4j:Event>
  <log4j:Event logger="net.minecraft.Util" timestamp="1791402308323" level="ERROR" thread="Render thread">
    <log4j:Message><![CDATA[Entity bloodborne:cage_obj_3 has no attributes]]></log4j:Message>
  </log4j:Event>
  <log4j:Event logger="net.minecraft.Util" timestamp="1791402308323" level="ERROR" thread="Render thread">
    <log4j:Message><![CDATA[Entity bloodborne:cage_obj_1 has no attributes]]></log4j:Message>
  </log4j:Event>
  <log4j:Event logger="net.minecraft.Util" timestamp="1791402308323" level="ERROR" thread="Render thread">
    <log4j:Message><![CDATA[Entity bloodborne:cage_obj_2 has no attributes]]></log4j:Message>
  </log4j:Event>
  <log4j:Event logger="net.minecraft.Util" timestamp="1791402308324" level="ERROR" thread="Render thread">
    <log4j:Message><![CDATA[Entity bloodborne:cage_obj_3 has no attributes]]></log4j:Message>
  </log4j:Event>
  <log4j:Event logger="net.minecraft.Util" timestamp="1791402308324" level="ERROR" thread="Render thread">
    <log4j:Message><![CDATA[Entity bloodborne:cage_obj_1 has no attributes]]></log4j:Message>
  </log4j:Event>
  <log4j:Event logger="net.minecraft.Util" timestamp="1791402308324" level="ERROR" thread="Render thread">
    <log4j:Message><![CDATA[Entity bloodborne:cage_obj_2 has no attributes]]></log4j:Message>
  </log4j:Event>
  <log4j:Event logger="net.minecraft.Util" timestamp="1791402308324" level="ERROR" thread="Render thread">
    <log4j:Message><![CDATA[Entity bloodborne:cage_obj_3 has no attributes]]></log4j:Message>
  </log4j:Event>
  <log4j:Event logger="net.minecraft.Util" timestamp="1791402308324" level="ERROR" thread="Render thread">
    <log4j:Message><![CDATA[Entity bloodborne:cage_obj_1 has no attributes]]></log4j:Message>
  </log4j:Event>
  <log4j:Event logger="net.minecraft.Util" timestamp="1791402308324" level="ERROR" thread="Render thread">
    <log4j:Message><![CDATA[Entity bloodborne:cage_obj_2 has no attributes]]></log4j:Message>
  </log4j:Event>
  <log4j:Event logger="net.minecraft.Util" timestamp="1791402308324" level="ERROR" thread="Render thread">
    <log4j:Message><![CDATA[Entity bloodborne:cage_obj_3 has no attributes]]></log4j:Message>
  </log4j:Event>
  <log4j:Event logger="net.minecraft.Util" timestamp="1791402308324" level="ERROR" thread="Render thread">
    <log4j:Message><![CDATA[Entity bloodborne:cage_obj_1 has no attributes]]></log4j:Message>
  </log4j:Event>
  <log4j:Event logger="net.minecraft.Util" timestamp="1791402308324" level="ERROR" thread="Render thread">
    <log4j:Message><![CDATA[Entity bloodborne:cage_obj_2 has no attributes]]></log4j:Message>
  </log4j:Event>
  <log4j:Event logger="net.minecraft.Util" timestamp="1791402308324" level="ERROR" thread="Render thread">
    <log4j:Message><![CDATA[Entity bloodborne:cage_obj_3 has no attributes]]></log4j:Message>
  </log4j:Event>
  <log4j:Event logger="net.minecraft.Util" timestamp="1791402308324" level="ERROR" thread="Render thread">
    <log4j:Message><![CDATA[Entity bloodborne:cage_obj_1 has no attributes]]></log4j:Message>
  </log4j:Event>
  <log4j:Event logger="net.minecraft.Util" timestamp="1791402308324" level="ERROR" thread="Render thread">
    <log4j:Message><![CDATA[Entity bloodborne:cage_obj_2 has no attributes]]></log4j:Message>
  </log4j:Event>
  <log4j:Event logger="net.minecraft.Util" timestamp="1791402308324" level="ERROR" thread="Render thread">
    <log4j:Message><![CDATA[Entity bloodborne:cage_obj_3 has no attributes]]></log4j:Message>
  </log4j:Event>
  <log4j:Event logger="net.minecraft.server.MinecraftServer" timestamp="1791402308587" level="WARN" thread="Render thread">
    <log4j:Message><![CDATA[Missing data pack mod:rubidium]]></log4j:Message>
  </log4j:Event>
  <log4j:Event logger="net.minecraft.server.MinecraftServer" timestamp="1791402308587" level="WARN" thread="Render thread">
    <log4j:Message><![CDATA[Missing data pack mod:shouldersurfing]]></log4j:Message>
  </log4j:Event>
  <log4j:Event logger="net.minecraft.server.MinecraftServer" timestamp="1791402308587" level="WARN" thread="Render thread">
    <log4j:Message><![CDATA[Missing data pack mod:oculus]]></log4j:Message>
  </log4j:Event>
  <log4j:Event logger="net.minecraft.commands.Commands" timestamp="1791402309247" level="WARN" thread="Render thread">
    <log4j:Message><![CDATA[Ambiguity between arguments [teleport, location] and [teleport, destination] with inputs: [0.1 -0.5 .9, 0 0 0]]]></log4j:Message>
  </log4j:Event>
  <log4j:Event logger="net.minecraft.commands.Commands" timestamp="1791402309248" level="WARN" thread="Render thread">
    <log4j:Message><![CDATA[Ambiguity between arguments [teleport, location] and [teleport, targets] with inputs: [0.1 -0.5 .9, 0 0 0]]]></log4j:Message>
  </log4j:Event>
  <log4j:Event logger="net.minecraft.commands.Commands" timestamp="1791402309250" level="WARN" thread="Render thread">
    <log4j:Message><![CDATA[Ambiguity between arguments [teleport, destination] and [teleport, targets] with inputs: [Player, 0123, @e, dd12be42-52a9-4a91-a8a1-11c01849e498]]]></log4j:Message>
  </log4j:Event>
  <log4j:Event logger="net.minecraft.commands.Commands" timestamp="1791402309250" level="WARN" thread="Render thread">
    <log4j:Message><![CDATA[Ambiguity between arguments [teleport, targets] and [teleport, destination] with inputs: [Player, 0123, dd12be42-52a9-4a91-a8a1-11c01849e498]]]></log4j:Message>
  </log4j:Event>
  <log4j:Event logger="net.minecraft.commands.Commands" timestamp="1791402309251" level="WARN" thread="Render thread">
    <log4j:Message><![CDATA[Ambiguity between arguments [teleport, targets, location] and [teleport, targets, destination] with inputs: [0.1 -0.5 .9, 0 0 0]]]></log4j:Message>
  </log4j:Event>
  <log4j:Event logger="net.minecraft.world.item.crafting.RecipeManager" timestamp="1791402310480" level="INFO" thread="Render thread">
    <log4j:Message><![CDATA[Loaded 7 recipes]]></log4j:Message>
  </log4j:Event>
  <log4j:Event logger="net.minecraft.tags.TagLoader" timestamp="1791402311348" level="ERROR" thread="Render thread">
    <log4j:Message><![CDATA[Couldn't load tag minecraft:tick as it is missing following references: bloodborne:load (from Bloodborne), 
	bloodborne:enemy_spawn (from Bloodborne), 
	bloodborne:kill (from Bloodborne)]]></log4j:Message>
  </log4j:Event>
  <log4j:Event logger="net.minecraft.tags.TagLoader" timestamp="1791402311348" level="ERROR" thread="Render thread">
    <log4j:Message><![CDATA[Couldn't load tag minecraft:load as it is missing following references: bloodborne:tick (from Bloodborne)]]></log4j:Message>
  </log4j:Event>
  <log4j:Event logger="net.minecraft.advancements.AdvancementList" timestamp="1791402311421" level="INFO" thread="Render thread">
    <log4j:Message><![CDATA[Loaded 1141 advancements]]></log4j:Message>
  </log4j:Event>
  <log4j:Event logger="com.mojang.authlib.yggdrasil.YggdrasilAuthenticationService" timestamp="1791402311694" level="INFO" thread="Render thread">
    <log4j:Message><![CDATA[Environment: authHost='https://authserver.mojang.com', accountsHost='https://api.mojang.com', sessionHost='https://sessionserver.mojang.com', servicesHost='https://api.minecraftservices.com', name='PROD']]></log4j:Message>
  </log4j:Event>
  <log4j:Event logger="net.minecraft.client.server.IntegratedServer" timestamp="1791402311711" level="INFO" thread="Server thread">
    <log4j:Message><![CDATA[Starting integrated minecraft server version 1.18.2]]></log4j:Message>
  </log4j:Event>
  <log4j:Event logger="net.minecraft.server.MinecraftServer" timestamp="1791402311711" level="INFO" thread="Server thread">
    <log4j:Message><![CDATA[Generating keypair]]></log4j:Message>
  </log4j:Event>
  <log4j:Event logger="net.minecraft.server.MinecraftServer" timestamp="1791402311948" level="INFO" thread="Server thread">
    <log4j:Message><![CDATA[Preparing start region for dimension minecraft:overworld]]></log4j:Message>
  </log4j:Event>
  <log4j:Event logger="net.minecraft.server.level.progress.LoggerChunkProgressListener" timestamp="1791402312677" level="INFO" thread="Render thread">
    <log4j:Message><![CDATA[Preparing spawn area: 0%]]></log4j:Message>
  </log4j:Event>
  <log4j:Event logger="net.minecraft.server.level.progress.LoggerChunkProgressListener" timestamp="1791402312677" level="INFO" thread="Render thread">
    <log4j:Message><![CDATA[Preparing spawn area: 0%]]></log4j:Message>
  </log4j:Event>
  <log4j:Event logger="net.minecraft.server.level.progress.LoggerChunkProgressListener" timestamp="1791402313051" level="INFO" thread="Render thread">
    <log4j:Message><![CDATA[Preparing spawn area: 0%]]></log4j:Message>
  </log4j:Event>
  <log4j:Event logger="net.minecraft.server.level.progress.LoggerChunkProgressListener" timestamp="1791402313501" level="INFO" thread="Render thread">
    <log4j:Message><![CDATA[Preparing spawn area: 0%]]></log4j:Message>
  </log4j:Event>
  <log4j:Event logger="net.minecraft.server.level.progress.LoggerChunkProgressListener" timestamp="1791402313991" level="INFO" thread="Render thread">
    <log4j:Message><![CDATA[Preparing spawn area: 7%]]></log4j:Message>
  </log4j:Event>
  <log4j:Event logger="net.minecraft.server.level.progress.LoggerChunkProgressListener" timestamp="1791402314496" level="INFO" thread="Render thread">
    <log4j:Message><![CDATA[Preparing spawn area: 32%]]></log4j:Message>
  </log4j:Event>
  <log4j:Event logger="net.minecraft.server.level.progress.LoggerChunkProgressListener" timestamp="1791402314986" level="INFO" thread="Render thread">
    <log4j:Message><![CDATA[Preparing spawn area: 55%]]></log4j:Message>
  </log4j:Event>
  <log4j:Event logger="net.minecraftforge.server.permission.PermissionAPI" timestamp="1791402315507" level="INFO" thread="Server thread">
    <log4j:Message><![CDATA[Successfully initialized permission handler forge:default_handler]]></log4j:Message>
  </log4j:Event>
Source RP probe loaded original entity chunks; waiting80 ticks for entity manager
  <log4j:Event logger="net.minecraft.server.level.progress.LoggerChunkProgressListener" timestamp="1791402315532" level="INFO" thread="Render thread">
    <log4j:Message><![CDATA[Time elapsed: 3557 ms]]></log4j:Message>
  </log4j:Event>
  <log4j:Event logger="net.minecraft.client.server.IntegratedServer" timestamp="1791402315656" level="INFO" thread="Server thread">
    <log4j:Message><![CDATA[Changing view distance to 5, from 10]]></log4j:Message>
  </log4j:Event>
  <log4j:Event logger="net.minecraft.client.server.IntegratedServer" timestamp="1791402315658" level="INFO" thread="Server thread">
    <log4j:Message><![CDATA[Changing simulation distance to 5, from 0]]></log4j:Message>
  </log4j:Event>
  <log4j:Event logger="io.netty.util.internal.SystemPropertyUtil" timestamp="1791402315797" level="WARN" thread="Render thread">
    <log4j:Message><![CDATA[Unable to parse the boolean system property 'java.net.preferIPv6Addresses':system - using the default value: false]]></log4j:Message>
  </log4j:Event>
Dreamwalker source QA invoked standard loadLevel on isolated copied world
  <log4j:Event logger="net.minecraftforge.network.NetworkHooks" timestamp="1791402316844" level="INFO" thread="Netty Local Client IO #0">
    <log4j:Message><![CDATA[Connected to a modded server.]]></log4j:Message>
  </log4j:Event>
  <log4j:Event logger="net.minecraftforge.common.AdvancementLoadFix" timestamp="1791402316878" level="INFO" thread="Server thread">
    <log4j:Message><![CDATA[Using new advancement loading for net.minecraft.server.PlayerAdvancements@7178a411]]></log4j:Message>
  </log4j:Event>
  <log4j:Event logger="net.minecraft.server.players.PlayerList" timestamp="1791402316897" level="INFO" thread="Server thread">
    <log4j:Message><![CDATA[SourcePhysicsQA[local:E:bc05254a] logged in with entity id 141 at (245.6393135125462, 69.0, -936.4894453515805)]]></log4j:Message>
  </log4j:Event>
  <log4j:Event logger="net.minecraft.server.MinecraftServer" timestamp="1791402316928" level="INFO" thread="Server thread">
    <log4j:Message><![CDATA[SourcePhysicsQA joined the game]]></log4j:Message>
  </log4j:Event>
  <log4j:Event logger="net.minecraft.advancements.AdvancementList" timestamp="1791402317270" level="INFO" thread="Render thread">
    <log4j:Message><![CDATA[Loaded 3 advancements]]></log4j:Message>
  </log4j:Event>
  <log4j:Event logger="net.minecraftforge.common.AdvancementLoadFix" timestamp="1791402319789" level="INFO" thread="Server thread">
    <log4j:Message><![CDATA[Using new advancement loading for net.minecraft.server.PlayerAdvancements@3e153df]]></log4j:Message>
  </log4j:Event>
Dreamwalker original source physics probe written: "MEASURED_ACTUAL_SOURCE_SERVER"
Dreamwalker source QA requested standard Minecraft.stop after measurement
  <log4j:Event logger="net.minecraft.client.Minecraft" timestamp="1791402321616" level="INFO" thread="Render thread">
    <log4j:Message><![CDATA[Stopping!]]></log4j:Message>
  </log4j:Event>
  <log4j:Event logger="net.minecraft.server.network.ServerGamePacketListenerImpl" timestamp="1791402321626" level="INFO" thread="Server thread">
    <log4j:Message><![CDATA[SourcePhysicsQA lost connection: Disconnected]]></log4j:Message>
  </log4j:Event>
  <log4j:Event logger="net.minecraft.server.MinecraftServer" timestamp="1791402321626" level="INFO" thread="Server thread">
    <log4j:Message><![CDATA[SourcePhysicsQA left the game]]></log4j:Message>
  </log4j:Event>
  <log4j:Event logger="net.minecraft.server.network.ServerGamePacketListenerImpl" timestamp="1791402321643" level="INFO" thread="Server thread">
    <log4j:Message><![CDATA[Stopping singleplayer server as player logged out]]></log4j:Message>
  </log4j:Event>
  <log4j:Event logger="net.minecraft.server.MinecraftServer" timestamp="1791402321665" level="INFO" thread="Server thread">
    <log4j:Message><![CDATA[Stopping server]]></log4j:Message>
  </log4j:Event>
  <log4j:Event logger="net.minecraft.server.MinecraftServer" timestamp="1791402321665" level="INFO" thread="Server thread">
    <log4j:Message><![CDATA[Saving players]]></log4j:Message>
  </log4j:Event>
  <log4j:Event logger="net.minecraft.server.MinecraftServer" timestamp="1791402321666" level="INFO" thread="Server thread">
    <log4j:Message><![CDATA[Saving worlds]]></log4j:Message>
  </log4j:Event>
  <log4j:Event logger="net.minecraft.server.MinecraftServer" timestamp="1791402322374" level="INFO" thread="Server thread">
    <log4j:Message><![CDATA[Saving chunks for level 'ServerLevel[Bloodborne_X_Minecraft [ALPHA]]'/minecraft:overworld]]></log4j:Message>
  </log4j:Event>
  <log4j:Event logger="net.minecraft.server.MinecraftServer" timestamp="1791402322419" level="INFO" thread="Server thread">
    <log4j:Message><![CDATA[Saving chunks for level 'ServerLevel[Bloodborne_X_Minecraft [ALPHA]]'/minecraft:the_end]]></log4j:Message>
  </log4j:Event>
  <log4j:Event logger="net.minecraft.server.MinecraftServer" timestamp="1791402322420" level="INFO" thread="Server thread">
    <log4j:Message><![CDATA[Saving chunks for level 'ServerLevel[Bloodborne_X_Minecraft [ALPHA]]'/minecraft:the_nether]]></log4j:Message>
  </log4j:Event>
  <log4j:Event logger="net.minecraft.server.MinecraftServer" timestamp="1791402322433" level="INFO" thread="Server thread">
    <log4j:Message><![CDATA[ThreadedAnvilChunkStorage (source-reference-world): All chunks are saved]]></log4j:Message>
  </log4j:Event>
  <log4j:Event logger="net.minecraft.server.MinecraftServer" timestamp="1791402322433" level="INFO" thread="Server thread">
    <log4j:Message><![CDATA[ThreadedAnvilChunkStorage (DIM1): All chunks are saved]]></log4j:Message>
  </log4j:Event>
  <log4j:Event logger="net.minecraft.server.MinecraftServer" timestamp="1791402322433" level="INFO" thread="Server thread">
    <log4j:Message><![CDATA[ThreadedAnvilChunkStorage (DIM-1): All chunks are saved]]></log4j:Message>
  </log4j:Event>
  <log4j:Event logger="net.minecraft.server.MinecraftServer" timestamp="1791402322433" level="INFO" thread="Server thread">
    <log4j:Message><![CDATA[ThreadedAnvilChunkStorage: All dimensions are saved]]></log4j:Message>
  </log4j:Event>
