group,registry_id,variant,visual,state_count,representative_model,signature
1,city_masonry_49b8823b_0011,4,,1,city_396172cda8f9206f2b91f897,003ae42d3aacaaf24fc766f2da9b39ef1b3413c331e94568a40ff74bbe17bf58
1,city_ornament_29298bdb_0043,3,,1,city_396172cda8f9206f2b91f897,003ae42d3aacaaf24fc766f2da9b39ef1b3413c331e94568a40ff74bbe17bf58
2,city_fence_1de007a5_0059,15,,1,city_9f89382c197fe5517fb76a51,0081659a4b4cf14ca1cb800045d01e197a07fd8df5c1ecc699e6223fc89f287d
2,city_ornament_9a34ea84_0101,0,,1,city_9f89382c197fe5517fb76a51,0081659a4b4cf14ca1cb800045d01e197a07fd8df5c1ecc699e6223fc89f287d
3,city_ornament_29298bdb_0053,4,,1,city_3477c470e620caebb17848ee,0087fb26f67f6078e73790c0830995f93da019e6c5e5fdc98dd00b52c000fbf2
3,city_trim_caf156ca_0145,2,,1,city_3477c470e620caebb17848ee,0087fb26f67f6078e73790c0830995f93da019e6c5e5fdc98dd00b52c000fbf2
4,city_ornament_9a34ea84_0198,5,,1,city_d0d34072d4973f28756c4d68,00ae6462d1b5d7cdf69b50a63b2eab94576ef4d6e1a06147378562246e6c8471
4,city_roof_88d000d6_0032,7,,1,city_d0d34072d4973f28756c4d68,00ae6462d1b5d7cdf69b50a63b2eab94576ef4d6e1a06147378562246e6c8471
5,city_fence_1de007a5_0058,8,,1,city_3bb99390c662b0ac0843a5f5,018b6e26d7a17511ae80ae98e6a7a6420a2d1083442f80a30f52f6a6b333f326
5,city_ornament_9a34ea84_0179,0,,1,city_3bb99390c662b0ac0843a5f5,018b6e26d7a17511ae80ae98e6a7a6420a2d1083442f80a30f52f6a6b333f326
6,city_ornament_9a34ea84_0240,13,,1,city_fe2ea09846c2ad91a5e17e81,01e1a24a7ec7514453fc1e6f1c0d18e1107cb3c2beb4cf76a2964d6355ee079a
6,city_trim_8e15b331_0171,8,,1,city_fe2ea09846c2ad91a5e17e81,01e1a24a7ec7514453fc1e6f1c0d18e1107cb3c2beb4cf76a2964d6355ee079a
7,city_ornament_29298bdb_0015,12,,1,city_3b9df4714492cc1ed515ea32,01f5a757c97720eebd38d4b4884b9e25025ae73518693edea5ceeb24ba3abbee
7,city_trim_caf156ca_0295,11,,1,city_3b9df4714492cc1ed515ea32,01f5a757c97720eebd38d4b4884b9e25025ae73518693edea5ceeb24ba3abbee
8,city_fence_1de007a5_0089,12,,1,city_2425d954abc83a91edeb7ef8,02a3ed34fc931edb9096fff75c898c1cfa3ba0d2c9f666ff9510dfb9f091c9bc
8,city_ornament_9a34ea84_0242,10,,1,city_2425d954abc83a91edeb7ef8,02a3ed34fc931edb9096fff75c898c1cfa3ba0d2c9f666ff9510dfb9f091c9bc
9,city_ornament_e937b429_0004,8,,1,city_e2a0d221885178097e75f16f,02d022bab84b81d02f8ae6de1fd208884182f617563d701d96aad7ad307bcec0
9,city_trim_9c826fa6_0004,5,,1,city_e2a0d221885178097e75f16f,02d022bab84b81d02f8ae6de1fd208884182f617563d701d96aad7ad307bcec0
10,city_fence_c95476a8_0005,7,,1,city_327c30624e31d9e512c49a9d,03081468424d8a11ce8c5d5f5e7dcd0f8320a960ae61e6515efa07f5b7c1e79c
10,city_ornament_29298bdb_0030,5,,1,city_327c30624e31d9e512c49a9d,03081468424d8a11ce8c5d5f5e7dcd0f8320a960ae61e6515efa07f5b7c1e79c
11,city_ornament_9a34ea84_0190,2,,1,city_1ff108f4f931d1de8a84572d,030c2866f6896fcf47c456aac3bcd9753bb4babf1eaa25a6b065bb7cf9fe3e13
11,city_roof_88d000d6_0021,4,,1,city_1ff108f4f931d1de8a84572d,030c2866f6896fcf47c456aac3bcd9753bb4babf1eaa25a6b065bb7cf9fe3e13
12,city_column_bc0c7c3a_0053,3,,1,city_3e31aab7d16c102d6ad47ee3,0368e74effbe64ffe6797e4389061274aa6a54e14e074ef1d9fa98ff7123b5dd
12,city_ornament_29298bdb_0035,15,,1,city_3e31aab7d16c102d6ad47ee3,0368e74effbe64ffe6797e4389061274aa6a54e14e074ef1d9fa98ff7123b5dd
13,city_ornament_29298bdb_0009,6,,1,city_19aa6f4c740601f4b859aa63,041495cf01adfd067f437d8d56ddf7fbd7b5a63ad840c9f551ac3e1a80a81704
13,city_window_5650259f_0000,9,,1,city_19aa6f4c740601f4b859aa63,041495cf01adfd067f437d8d56ddf7fbd7b5a63ad840c9f551ac3e1a80a81704
14,city_ornament_9a34ea84_0167,14,,1,city_39ff65cc51e978344096a3cb,0423d09593a113f842d7e8e73fabb669fe8ac21d6a9f7f473e71f8f4acaa93dd
14,city_window_b493fb56_0039,14,,1,city_39ff65cc51e978344096a3cb,0423d09593a113f842d7e8e73fabb669fe8ac21d6a9f7f473e71f8f4acaa93dd
15,city_column_db2a0dd4_0122,2,,1,city_9b4e67fd6afa880798590219,04c5a67b3f68e8530326d3ab93fac852393e777b78835d1cd32e5922c303e57a
15,city_ornament_9a34ea84_0188,9,,1,city_9b4e67fd6afa880798590219,04c5a67b3f68e8530326d3ab93fac852393e777b78835d1cd32e5922c303e57a
16,city_column_bc0c7c3a_0097,4,,1,city_f46bd7e3426eee3ec88d0874,056a0a65e467de73f0c346f55ea293df16858757a043362b3fc8043686012355
16,city_ornament_29298bdb_0049,13,,1,city_f46bd7e3426eee3ec88d0874,056a0a65e467de73f0c346f55ea293df16858757a043362b3fc8043686012355
17,city_ornament_29298bdb_0012,12,,1,city_80b1b600d99ea39071f96c0b,0591eabdcae21ec66e824883c781567b95bbf5564b8c2273b2afc3f86bcf3462
17,city_roof_56d52e37_0000,0,,1,city_80b1b600d99ea39071f96c0b,0591eabdcae21ec66e824883c781567b95bbf5564b8c2273b2afc3f86bcf3462
18,city_fence_1de007a5_0089,4,,1,city_09f3aac8ace4bb082f52a6c2,074ef3c4f1aba1b3685a2e4ce546c8a7f2099ecd42042dfcc2efea99f23c85d2
18,city_ornament_9a34ea84_0199,15,,1,city_09f3aac8ace4bb082f52a6c2,074ef3c4f1aba1b3685a2e4ce546c8a7f2099ecd42042dfcc2efea99f23c85d2
19,city_ornament_9a34ea84_0230,11,,1,city_42e5b91fd52c2bfec11e1ed2,07d27ed9b1d719a2b9cb7883f509badecb5de0ba7bf803f3fa64b2b32738371c
19,city_window_b493fb56_0024,12,,1,city_42e5b91fd52c2bfec11e1ed2,07d27ed9b1d719a2b9cb7883f509badecb5de0ba7bf803f3fa64b2b32738371c
20,city_ornament_9a34ea84_0016,8,,1,city_29298e454a66dd396401c578,07e7ddc758ffd90f5690810ec024b4569c07651358ff72ea05e65bf36ec8a5cb
20,city_roof_88d000d6_0011,7,,1,city_29298e454a66dd396401c578,07e7ddc758ffd90f5690810ec024b4569c07651358ff72ea05e65bf36ec8a5cb
21,city_ornament_9a34ea84_0082,2,,1,city_587a32e5f4c589476a57bdb6,0800b1d4d8860a8308069bd2961a4443a85d3c3c6f7dbd0dbb5fe1e28b82bc33
21,city_ornament_9a34ea84_0137,0,,1,city_587a32e5f4c589476a57bdb6,0800b1d4d8860a8308069bd2961a4443a85d3c3c6f7dbd0dbb5fe1e28b82bc33
22,city_fence_c95476a8_0014,13,,1,city_b73929f7333124b674b15ffd,08484dfe51a79e29ff2f2ce9b7e5e64f6ec6a44b8ccac90eaa7b7ee9ed80bdc0
22,city_ornament_29298bdb_0027,6,,1,city_b73929f7333124b674b15ffd,08484dfe51a79e29ff2f2ce9b7e5e64f6ec6a44b8ccac90eaa7b7ee9ed80bdc0
23,city_column_db2a0dd4_0306,13,,1,city_a8ec768b9b7cddd541548a0e,086f4a7f6d30922a2bc4ec2c3e47a55c9b56ff27a58d511fdd5aa7b429177f5b
23,city_ornament_9a34ea84_0205,12,,1,city_a8ec768b9b7cddd541548a0e,086f4a7f6d30922a2bc4ec2c3e47a55c9b56ff27a58d511fdd5aa7b429177f5b
24,city_ornament_29298bdb_0039,12,,1,city_cf076dc17654babe3bd3da20,08b11fe5ea59805b5880f3b1b9730bb43a453c543c7761f4d174458f90a86a98
24,city_trim_caf156ca_0346,7,,1,city_cf076dc17654babe3bd3da20,08b11fe5ea59805b5880f3b1b9730bb43a453c543c7761f4d174458f90a86a98
25,city_ornament_9a34ea84_0137,5,,1,city_aaea971c875abab744c88149,09205ea6474126c4764c78b68751128c2405c486c474e8163c1cb99f1e621fa8
25,city_window_b493fb56_0055,13,,1,city_aaea971c875abab744c88149,09205ea6474126c4764c78b68751128c2405c486c474e8163c1cb99f1e621fa8
26,city_ornament_29298bdb_0047,12,,1,city_dee5b22d47664a41e0a5ca4e,09997de55823aa3f04edf68c4c4e6f7a76402b0c859e04b355261f4fe6ea2f90
26,city_trim_caf156ca_0248,1,,1,city_dee5b22d47664a41e0a5ca4e,09997de55823aa3f04edf68c4c4e6f7a76402b0c859e04b355261f4fe6ea2f90
27,city_column_bc0c7c3a_0338,1,,1,city_fec2e5c1263e39e96bfdac3c,09c9433737861f37ab0e8f489fc361f4ac728e323f8a00a241393ae089da0c97
27,city_ornament_29298bdb_0035,13,,1,city_fec2e5c1263e39e96bfdac3c,09c9433737861f37ab0e8f489fc361f4ac728e323f8a00a241393ae089da0c97
28,city_fence_1de007a5_0043,2,,1,city_946bb777b81ccde4137111fb,09de725294a0fddbc25a43dcf16f69e6f6fc83d6c9630dc3eb60e5a43738ab56
28,city_ornament_9a34ea84_0172,12,,1,city_946bb777b81ccde4137111fb,09de725294a0fddbc25a43dcf16f69e6f6fc83d6c9630dc3eb60e5a43738ab56
29,city_ornament_29298bdb_0047,13,,1,city_a81fe8e1d8a122a99cd1e782,0a2b7d92e864a1d20ac469cd8006d2920ca296831116c4059146a992071f1128
29,city_trim_caf156ca_0143,0,,1,city_a81fe8e1d8a122a99cd1e782,0a2b7d92e864a1d20ac469cd8006d2920ca296831116c4059146a992071f1128
30,city_ornament_29298bdb_0001,8,,1,city_6c0b03031caca3e40e828511,0a307603efadc14fce3ab646c5a99b07d4ddfc9f171ad8ed3e262c917b46d0a3
30,city_trim_caf156ca_0306,14,,1,city_6c0b03031caca3e40e828511,0a307603efadc14fce3ab646c5a99b07d4ddfc9f171ad8ed3e262c917b46d0a3
31,city_column_bc0c7c3a_0167,15,,1,city_f6ee30d772aac0de0f69a621,0ad47a9a671c2b1a531f8ec51fa9d0f316c6cf3f960477b7d22f5ea92c700188
31,city_ornament_29298bdb_0034,8,,1,city_f6ee30d772aac0de0f69a621,0ad47a9a671c2b1a531f8ec51fa9d0f316c6cf3f960477b7d22f5ea92c700188
32,city_ornament_29298bdb_0015,1,,1,city_bdd663f16ee73ba11c3a280d,0adbd2ef715df1a7b46c1230915a27f1f5edb5fb3510ad9b6f89efa8adc8bb93
32,city_slab_892b86cc_0028,12,,1,city_bdd663f16ee73ba11c3a280d,0adbd2ef715df1a7b46c1230915a27f1f5edb5fb3510ad9b6f89efa8adc8bb93
33,city_ornament_9a34ea84_0179,6,,1,city_c87343d162b359456f419da0,0be8fb5055d9227c59c38fdf0d70c9c787fb5bd8b89f2b98f6ae041680453df6
33,city_roof_88d000d6_0021,5,,1,city_c87343d162b359456f419da0,0be8fb5055d9227c59c38fdf0d70c9c787fb5bd8b89f2b98f6ae041680453df6
34,city_ornament_29298bdb_0023,5,,1,city_dfca1ac48073a968628f23cc,0c02893e1dfbcaf87659ae84f44ed53cf211b442746c7f912aacde98f41138c6
34,city_trim_caf156ca_0353,8,,1,city_dfca1ac48073a968628f23cc,0c02893e1dfbcaf87659ae84f44ed53cf211b442746c7f912aacde98f41138c6
35,city_ornament_9a34ea84_0150,10,,1,city_24af615e2ea1d3a9c7f34f77,0d0344c1d491698535e475125c3e790ecbd3a971b2c8d5e0faec0677b7113af7
35,city_window_b493fb56_0019,14,,1,city_24af615e2ea1d3a9c7f34f77,0d0344c1d491698535e475125c3e790ecbd3a971b2c8d5e0faec0677b7113af7
36,city_column_bc0c7c3a_0457,8,,1,city_acbe969e5fa38dcb08777f49,0d0423239df08df9d4e921810138441a01a1e3aed532b581dd088772f634d64c
36,city_ornament_29298bdb_0038,12,,1,city_acbe969e5fa38dcb08777f49,0d0423239df08df9d4e921810138441a01a1e3aed532b581dd088772f634d64c
37,city_masonry_485969a9_0050,8,,1,city_bb30d27a8202b94f3a7141c3,0d1d4824884051c8ea344125b10fc1e102bf9f6cd9793ceca0101858ec26f69e
37,city_ornament_9a34ea84_0144,12,,1,city_bb30d27a8202b94f3a7141c3,0d1d4824884051c8ea344125b10fc1e102bf9f6cd9793ceca0101858ec26f69e
38,city_column_bc0c7c3a_0181,4,,1,city_e089270437618a1d978064ee,0d34ca34d4cfad6ab320651848ebd579d1e7b0cb7797507ff4bf0b873551132c
38,city_ornament_29298bdb_0054,1,,1,city_e089270437618a1d978064ee,0d34ca34d4cfad6ab320651848ebd579d1e7b0cb7797507ff4bf0b873551132c
39,city_fence_1de007a5_0046,14,,1,city_71c45b318ab62eb3018ff756,0d3d4d4708fedf3fad85c73aa181d9fe8a16ae693e2fde4890d3638d85617371
39,city_ornament_9a34ea84_0239,4,,1,city_71c45b318ab62eb3018ff756,0d3d4d4708fedf3fad85c73aa181d9fe8a16ae693e2fde4890d3638d85617371
40,city_column_bc0c7c3a_0266,14,,1,city_dbf11e8595ed991a61bfe83d,0d4dd7d1b03b96bac03333cca4873145f5869773a2effaa8be5970494c7f138f
40,city_ornament_29298bdb_0051,11,,1,city_dbf11e8595ed991a61bfe83d,0d4dd7d1b03b96bac03333cca4873145f5869773a2effaa8be5970494c7f138f
41,city_fence_1de007a5_0050,9,,1,city_43e8209dc14d5c060a63d9d8,0d5ce6e48bb86264a70348df9766bb7d0962b48e0004206d6d74be5dad538b42
41,city_ornament_9a34ea84_0182,4,,1,city_43e8209dc14d5c060a63d9d8,0d5ce6e48bb86264a70348df9766bb7d0962b48e0004206d6d74be5dad538b42
42,city_ornament_9a34ea84_0024,1,,1,city_d020871cfa95c27895d6105e,0d5ee9dbe92438dc9408f6b479cd0dc20509d3ca60cc36545e77b10977273a4b
42,city_roof_88d000d6_0001,5,,1,city_d020871cfa95c27895d6105e,0d5ee9dbe92438dc9408f6b479cd0dc20509d3ca60cc36545e77b10977273a4b
43,city_ornament_29298bdb_0013,8,,1,city_ee3ae70da4551131a7fd8aa7,0d6e0bdb223b88bb9e130030128f35b6ceb893413651a73f83da7f49432b0e7d
43,city_trim_caf156ca_0093,9,,1,city_ee3ae70da4551131a7fd8aa7,0d6e0bdb223b88bb9e130030128f35b6ceb893413651a73f83da7f49432b0e7d
44,city_stairs_4f20754c_0027,12,,1,city_d23e2fa373208fc677f5e38b,0e7334b74a6d7f726f3d3d1ffaddc0fae21dad9d9d0b32dd2d80abd352793e43
44,city_stairs_4f20754c_0073,0,,1,city_d23e2fa373208fc677f5e38b,0e7334b74a6d7f726f3d3d1ffaddc0fae21dad9d9d0b32dd2d80abd352793e43
45,city_ornament_9a34ea84_0124,7,,1,city_1b078730935006fa31cfef9e,0f54b551650ccdb86bfb917891de5366c69d62653bf0fdb8f83550e285751dcc
45,city_roof_88d000d6_0036,6,,1,city_1b078730935006fa31cfef9e,0f54b551650ccdb86bfb917891de5366c69d62653bf0fdb8f83550e285751dcc
46,city_masonry_49b8823b_0034,1,,1,city_7d6c9cd101da06c22336d285,0f97df826c67c865dd8be401bc17de71fb7d87aea871e4366d019cf23680373e
46,city_masonry_49b8823b_0167,0,,1,city_7d6c9cd101da06c22336d285,0f97df826c67c865dd8be401bc17de71fb7d87aea871e4366d019cf23680373e
47,city_ornament_29298bdb_0005,8,,1,city_d35340de994fc3d753c0d8ae,0ffa9e425647aa4929e1cda01596263933ff77bb71d84d7e1cdfe4dcb9a70b4e
47,city_trim_caf156ca_0026,8,,1,city_d35340de994fc3d753c0d8ae,0ffa9e425647aa4929e1cda01596263933ff77bb71d84d7e1cdfe4dcb9a70b4e
48,city_ornament_9a34ea84_0018,2,,1,city_038c1ff4ed608a28339db065,108f20f8854184eedd448360d3a1a258c988a25dd970e24324d15d8fc0908e43
48,city_trim_8e15b331_0010,6,,1,city_038c1ff4ed608a28339db065,108f20f8854184eedd448360d3a1a258c988a25dd970e24324d15d8fc0908e43
49,city_masonry_49b8823b_0162,0,,1,city_4fe133cdd12c486fc26c1d8d,109c5eb43ea465cf1c67766dedde86aa8cff61b24671097cec90d5c64f30f369
49,city_ornament_29298bdb_0039,8,,1,city_4fe133cdd12c486fc26c1d8d,109c5eb43ea465cf1c67766dedde86aa8cff61b24671097cec90d5c64f30f369
50,city_ornament_9a34ea84_0167,12,,1,city_f53bb729892fa0111b111622,10b9b7595a270e0b540e00ae0c3066451119b13bb2b9b30dceeeefb53f7a5663
50,city_window_b493fb56_0039,13,,1,city_f53bb729892fa0111b111622,10b9b7595a270e0b540e00ae0c3066451119b13bb2b9b30dceeeefb53f7a5663
51,city_masonry_49b8823b_0057,6,,1,city_136ead9bd47cca49f0e2884c,10c2e533405f367305ae3539ec4517a01e7adc91bac5ec990fbc1acedb7ffe41
51,city_ornament_29298bdb_0004,6,,1,city_136ead9bd47cca49f0e2884c,10c2e533405f367305ae3539ec4517a01e7adc91bac5ec990fbc1acedb7ffe41
52,city_fence_1de007a5_0022,2,,1,city_0b719c81ff9a421599be7945,10e571d54b184e2710c0367328e7456d249c4c49c031fcdc86f36597e7a955ed
52,city_ornament_9a34ea84_0255,6,,1,city_0b719c81ff9a421599be7945,10e571d54b184e2710c0367328e7456d249c4c49c031fcdc86f36597e7a955ed
53,city_fence_1de007a5_0090,11,,1,city_4bc08870bfcd9cf87abb332c,10f6a515420c1ffabfb25c3711f05f8eb82137374fccfab1105021dfbac987b5
53,city_ornament_9a34ea84_0009,15,,1,city_4bc08870bfcd9cf87abb332c,10f6a515420c1ffabfb25c3711f05f8eb82137374fccfab1105021dfbac987b5
54,city_ornament_29298bdb_0042,8,,1,city_5e458f5daed6f7f0958d12ad,1110c8c0ed5250c24abbf1dc3019b664bbcd3d57cabd6c7454d1693b444149df
54,city_trim_caf156ca_0085,2,,1,city_5e458f5daed6f7f0958d12ad,1110c8c0ed5250c24abbf1dc3019b664bbcd3d57cabd6c7454d1693b444149df
55,city_column_db2a0dd4_0272,8,,1,city_c9077e3cb43d34d7015e51f7,111d296b877028c5617e28aae144a443df131f4ed05a3b02053516fed077bc23
55,city_ornament_9a34ea84_0207,5,,1,city_c9077e3cb43d34d7015e51f7,111d296b877028c5617e28aae144a443df131f4ed05a3b02053516fed077bc23
56,city_fence_1de007a5_0010,0,,1,city_661f9fce594231c8b9c365e3,1190a391d3ed2ee64b0859e1a31af878c6a7483ebea65a0d90ac752b4bc1b11a
56,city_ornament_9a34ea84_0074,5,,1,city_661f9fce594231c8b9c365e3,1190a391d3ed2ee64b0859e1a31af878c6a7483ebea65a0d90ac752b4bc1b11a
57,city_column_bc0c7c3a_0065,8,,1,city_4e26486a86150751f25dc4c4,11df43a38fcf407e03fd38b6d4fd93b3bd62405e849b5728c942dd518b372af1
57,city_ornament_29298bdb_0011,3,,1,city_4e26486a86150751f25dc4c4,11df43a38fcf407e03fd38b6d4fd93b3bd62405e849b5728c942dd518b372af1
58,city_ornament_29298bdb_0037,12,,1,city_0c998fa0a5f968ad3e74022e,12600eb34ea48cfc22d6166876663b30b43ce31daa3c5c302938a7c10c1c59ca
58,city_trim_caf156ca_0211,8,,1,city_0c998fa0a5f968ad3e74022e,12600eb34ea48cfc22d6166876663b30b43ce31daa3c5c302938a7c10c1c59ca
59,city_ornament_9a34ea84_0085,0,,1,city_a9bec61ed69e43426ab57951,12952fb22f87bcbd699b7a6198a04be9e51f5217bb11cba02aa3c2bb3e196cc1
59,city_window_b493fb56_0036,9,,1,city_a9bec61ed69e43426ab57951,12952fb22f87bcbd699b7a6198a04be9e51f5217bb11cba02aa3c2bb3e196cc1
60,city_ornament_29298bdb_0054,7,,1,city_6f1aedfa746aef768d20d10b,12dc4d52c1f409c8d8f2b196ba32db598a94b56e88abd99b32042cc5892d98e1
60,city_trim_caf156ca_0266,10,,1,city_6f1aedfa746aef768d20d10b,12dc4d52c1f409c8d8f2b196ba32db598a94b56e88abd99b32042cc5892d98e1
61,city_column_db2a0dd4_0155,3,,1,city_7f0e5c25b054c2567a205f54,1322b1308fbe4c35f009b827a6822f91ffaace36f1e5ea38d0fab6c5cdf8c570
61,city_ornament_9a34ea84_0232,8,,1,city_7f0e5c25b054c2567a205f54,1322b1308fbe4c35f009b827a6822f91ffaace36f1e5ea38d0fab6c5cdf8c570
62,city_ornament_29298bdb_0016,10,,1,city_073273127e45d95ca61dda0a,1366c1c21b1659d0ec76fcbae12ee41ccbfa0b858a1f68ff93cfb0a45ac76378
62,city_trim_caf156ca_0079,12,,1,city_073273127e45d95ca61dda0a,1366c1c21b1659d0ec76fcbae12ee41ccbfa0b858a1f68ff93cfb0a45ac76378
63,city_column_db2a0dd4_0027,2,,1,city_04ac06367e3ea8b08492fad1,14e74411d135e245059a3e04efcb9e6251b04839cdf89a8a94b1195fbd4d3c8a
63,city_ornament_9a34ea84_0158,4,,1,city_04ac06367e3ea8b08492fad1,14e74411d135e245059a3e04efcb9e6251b04839cdf89a8a94b1195fbd4d3c8a
64,city_column_bc0c7c3a_0328,3,,1,city_146eb8d7d8ca58928e0b5e8b,14f2dd4d80428979a5df64166af415b288dcd0a896af2f800d6d327850985cfe
64,city_ornament_29298bdb_0028,3,,1,city_146eb8d7d8ca58928e0b5e8b,14f2dd4d80428979a5df64166af415b288dcd0a896af2f800d6d327850985cfe
65,city_ornament_9a34ea84_0245,0,,1,city_285ebde8716e837a3def233b,150b440cd152c2117b5cf9bda675ea6c614ea5acc97a849e194565b93ed5b377
65,city_window_b493fb56_0004,9,,1,city_285ebde8716e837a3def233b,150b440cd152c2117b5cf9bda675ea6c614ea5acc97a849e194565b93ed5b377
66,city_ornament_29298bdb_0016,13,,1,city_9cde55237d107f964f634431,153da022ca6e273908976851bafae900af2433bd2c02415d4157c8e79dce5a9e
66,city_trim_caf156ca_0099,4,,1,city_9cde55237d107f964f634431,153da022ca6e273908976851bafae900af2433bd2c02415d4157c8e79dce5a9e
67,city_ornament_9a34ea84_0201,12,,1,city_83ccd5ccc6fd06b598c242de,1572d1b1979cbff001ca213b1f9fb7770900e5b6e129fb6f2e0b965c0d52960b
67,city_trim_8e15b331_0014,6,,1,city_83ccd5ccc6fd06b598c242de,1572d1b1979cbff001ca213b1f9fb7770900e5b6e129fb6f2e0b965c0d52960b
68,city_masonry_49b8823b_0110,1,,1,city_f1b5a0cb12970750b7a00e2d,1587b7b2ac6ed43190b87ed7482cbbf480ce8dec38daf7ff04f8f12e7aa22efe
68,city_ornament_29298bdb_0027,11,,1,city_f1b5a0cb12970750b7a00e2d,1587b7b2ac6ed43190b87ed7482cbbf480ce8dec38daf7ff04f8f12e7aa22efe
69,city_ornament_9a34ea84_0249,4,,1,city_f077d73eaab19caccb35b794,164175088e4f926e708335af2a1fbb1ec04ebc31cb0627fd1af6811053d11a71
69,city_trim_8e15b331_0093,8,,1,city_f077d73eaab19caccb35b794,164175088e4f926e708335af2a1fbb1ec04ebc31cb0627fd1af6811053d11a71
70,city_ornament_9a34ea84_0178,2,,1,city_e57dc628c0596a307a9ee6e6,16b621b101bfaf5f07a31e6ea08b1515895e707d3d2efd8d55be8394da03cb37
70,city_roof_88d000d6_0000,5,,1,city_e57dc628c0596a307a9ee6e6,16b621b101bfaf5f07a31e6ea08b1515895e707d3d2efd8d55be8394da03cb37
71,city_fence_1de007a5_0045,3,,1,city_b9275514fa3dc2e9bd30ec3f,16dc8f4f5421a467cff0a7aed9d28660878e46e431d694709089b5bc5999137e
71,city_ornament_9a34ea84_0247,9,,1,city_b9275514fa3dc2e9bd30ec3f,16dc8f4f5421a467cff0a7aed9d28660878e46e431d694709089b5bc5999137e
72,city_ornament_9a34ea84_0042,0,,1,city_ce28b43440126a5d749db514,16f1a8ac92c53845e8c96c1c86f4136827cb6ad158f8235dc3e6215ccbe1da61
72,city_trim_8e15b331_0249,10,,1,city_ce28b43440126a5d749db514,16f1a8ac92c53845e8c96c1c86f4136827cb6ad158f8235dc3e6215ccbe1da61
73,city_column_db2a0dd4_0289,3,,1,city_60afaa9a30a29ea534b7f9fe,173f180a70c583ae9927838a7030dc1179cf36875b92c14192c96fb2b90b9f30
73,city_ornament_9a34ea84_0148,3,,1,city_60afaa9a30a29ea534b7f9fe,173f180a70c583ae9927838a7030dc1179cf36875b92c14192c96fb2b90b9f30
74,city_column_bc0c7c3a_0177,11,,1,city_f5a1d72cb146db21480df50b,174ed582734a5884a8146432030142d79d1811990879c10254e3f9b6fdf068a7
74,city_ornament_29298bdb_0007,11,,1,city_f5a1d72cb146db21480df50b,174ed582734a5884a8146432030142d79d1811990879c10254e3f9b6fdf068a7
75,city_fence_1de007a5_0049,0,,1,city_c5798f5d9a7c5466a7422c7d,17c52e7793b67dea4b77779e3583bb5d758bc5909d7cdcbb0559527ad0afb1c7
75,city_ornament_9a34ea84_0031,8,,1,city_c5798f5d9a7c5466a7422c7d,17c52e7793b67dea4b77779e3583bb5d758bc5909d7cdcbb0559527ad0afb1c7
76,city_ornament_29298bdb_0027,8,,1,city_96d67fc7e10e1572a7e55a0e,1844d1a1d2c2ffb7c7ef205088df869d9fc431a810e7fa9effcc110f1eef6f11
76,city_trim_caf156ca_0070,10,,1,city_96d67fc7e10e1572a7e55a0e,1844d1a1d2c2ffb7c7ef205088df869d9fc431a810e7fa9effcc110f1eef6f11
77,city_ornament_29298bdb_0018,0,,1,city_9f804079805c5ef60840fc8e,18d8a47746fa1aa6d977276e23bc4d078fce47b50087fc2b6e50daeb3522e5ee
77,city_trim_caf156ca_0183,3,,1,city_9f804079805c5ef60840fc8e,18d8a47746fa1aa6d977276e23bc4d078fce47b50087fc2b6e50daeb3522e5ee
78,city_column_bc0c7c3a_0179,15,,1,city_882fc056f9f8ac6dc6bb9a5f,18ea046b5b0adfac06dd2d8a8ef6705f3902b0d2792cb091b22c4f0982855bd7
78,city_ornament_29298bdb_0056,4,,1,city_882fc056f9f8ac6dc6bb9a5f,18ea046b5b0adfac06dd2d8a8ef6705f3902b0d2792cb091b22c4f0982855bd7
79,city_ornament_29298bdb_0040,13,,1,city_bff5ef5bc63a4dfb7286f9c0,194e91a1119f801f1c1fb8c5f5213cc88dc270f0d4c8d291aedaf1ae0f100eb7
79,city_trim_caf156ca_0191,1,,1,city_bff5ef5bc63a4dfb7286f9c0,194e91a1119f801f1c1fb8c5f5213cc88dc270f0d4c8d291aedaf1ae0f100eb7
80,city_column_bc0c7c3a_0068,2,,1,city_4889c352a8c365e4e0fb964e,1968087b4eda2b0f08705941296b39d10fec86f11fca5550a677cc08605759e8
80,city_ornament_29298bdb_0028,10,,1,city_4889c352a8c365e4e0fb964e,1968087b4eda2b0f08705941296b39d10fec86f11fca5550a677cc08605759e8
81,city_column_db2a0dd4_0060,4,,1,city_26d7966e377b0b8e4bce105a,1971ab106fc14280583333d368d89ba84555fe9e8ec9d55d25fa7e37580ea79a
81,city_ornament_9a34ea84_0059,14,,1,city_26d7966e377b0b8e4bce105a,1971ab106fc14280583333d368d89ba84555fe9e8ec9d55d25fa7e37580ea79a
82,city_ornament_9a34ea84_0265,11,,1,city_c0e6e3a277eeae6c5f43ebcd,19c7a32ac905ed75325a0e2c6c6387461832496f6d50e09fc22fab623f586437
82,city_stairs_4f20754c_0006,9,,1,city_c0e6e3a277eeae6c5f43ebcd,19c7a32ac905ed75325a0e2c6c6387461832496f6d50e09fc22fab623f586437
83,city_ornament_29298bdb_0038,15,,1,city_37ee8919248a41fc7bbc865b,19e9f287ce7a7fe813148a258e07e0ed7af5dccd2ca9c395cea8195ecd362407
83,city_trim_caf156ca_0323,8,,1,city_37ee8919248a41fc7bbc865b,19e9f287ce7a7fe813148a258e07e0ed7af5dccd2ca9c395cea8195ecd362407
84,city_ornament_9a34ea84_0233,8,,1,city_d5330514c662afe9cc24e9f0,1a27e8196e5d4758fd56637d293c044c6b366b8cd1279ccd96bff256ce51a084
84,city_trim_8e15b331_0046,4,,1,city_d5330514c662afe9cc24e9f0,1a27e8196e5d4758fd56637d293c044c6b366b8cd1279ccd96bff256ce51a084
85,city_masonry_49b8823b_0139,15,,1,city_5478890f4f6a7fc0c526763d,1a29e132cce3f76f03c514bbd26b15e6fbf0e48a1943d5146335ccc4e96e9888
85,city_ornament_29298bdb_0040,11,,1,city_5478890f4f6a7fc0c526763d,1a29e132cce3f76f03c514bbd26b15e6fbf0e48a1943d5146335ccc4e96e9888
86,city_fence_1de007a5_0031,5,,1,city_a333994f062bacce5bcd7732,1a31798258c27495892bd10de93bdef963e8984bdf370b0155519069d513b180
86,city_ornament_9a34ea84_0240,0,,1,city_a333994f062bacce5bcd7732,1a31798258c27495892bd10de93bdef963e8984bdf370b0155519069d513b180
87,city_column_bc0c7c3a_0200,15,,1,city_796dcf7f56deb39cd9dbd6b6,1a48c99cbb52221862e254c0a1ba0a14b097c769aa6be7ae695506b03f1b2d3d
87,city_ornament_29298bdb_0047,11,,1,city_796dcf7f56deb39cd9dbd6b6,1a48c99cbb52221862e254c0a1ba0a14b097c769aa6be7ae695506b03f1b2d3d
88,city_fence_1de007a5_0003,12,,1,city_ef80affc731ac8b50d4b2eea,1a695bfb47b7dba1a41a0573263eb3c65573811cadda449e2435639d68639508
88,city_ornament_9a34ea84_0075,14,,1,city_ef80affc731ac8b50d4b2eea,1a695bfb47b7dba1a41a0573263eb3c65573811cadda449e2435639d68639508
89,city_column_bc0c7c3a_0233,7,,1,city_343da73a75bd340e0ff0c437,1aa86fd026dfb65fdbfabf8e93e2c50444d1cf1220b9b3fd1aa8e67e1f700186
89,city_ornament_29298bdb_0047,10,,1,city_343da73a75bd340e0ff0c437,1aa86fd026dfb65fdbfabf8e93e2c50444d1cf1220b9b3fd1aa8e67e1f700186
90,city_ornament_29298bdb_0033,4,,1,city_f75286d9790bde8d47976305,1b64a4257c843d094b8d8691fe34302c800b4a29e272f1ca4bfba7e873d907da
90,city_trim_caf156ca_0059,1,,1,city_f75286d9790bde8d47976305,1b64a4257c843d094b8d8691fe34302c800b4a29e272f1ca4bfba7e873d907da
91,city_fence_1de007a5_0021,7,,1,city_efefbfc3423cc054d04fc1a9,1c2cc9bb6559f6d4eafc420ac0c41902b0e33ca08e58c4f691227f9c5d916530
91,city_ornament_9a34ea84_0244,1,,1,city_efefbfc3423cc054d04fc1a9,1c2cc9bb6559f6d4eafc420ac0c41902b0e33ca08e58c4f691227f9c5d916530
92,city_column_db2a0dd4_0193,4,,1,city_f0c2ea61c867e2c26f29194c,1c9d3036d6e008ed32bef6c77b26b94b4a02b81710a9f9553c1b93cc98b1fc4e
92,city_ornament_9a34ea84_0165,15,,1,city_f0c2ea61c867e2c26f29194c,1c9d3036d6e008ed32bef6c77b26b94b4a02b81710a9f9553c1b93cc98b1fc4e
93,city_ornament_29298bdb_0025,6,,1,city_1bf507e5c00240ce9db469b7,1d08e70e4ece16059cc771fc98bcfd1a2f07582b44697d15d293d718b557a9a2
93,city_trim_caf156ca_0062,6,,1,city_1bf507e5c00240ce9db469b7,1d08e70e4ece16059cc771fc98bcfd1a2f07582b44697d15d293d718b557a9a2
94,city_fence_1de007a5_0064,11,,1,city_31155b7b671402275fa72d7a,1d683cf4b05271a6c64f9f6de9cfedada7dcb223892dd09b6f35d63e3f76969e
94,city_ornament_9a34ea84_0184,15,,1,city_31155b7b671402275fa72d7a,1d683cf4b05271a6c64f9f6de9cfedada7dcb223892dd09b6f35d63e3f76969e
95,city_fence_1de007a5_0012,11,,1,city_d928d83bfa6717e867137d76,1de21887023de0963add3c828f82ce61ec864a74c4f95ac75007a2796249acb9
95,city_ornament_9a34ea84_0056,2,,1,city_d928d83bfa6717e867137d76,1de21887023de0963add3c828f82ce61ec864a74c4f95ac75007a2796249acb9
96,city_column_db2a0dd4_0003,7,,1,city_eb4a06542a8228a67222cbbe,1e03380f8df748d632fe0387220445a1980a416a1c18127f0d5ef561d9796d20
96,city_ornament_9a34ea84_0249,13,,1,city_eb4a06542a8228a67222cbbe,1e03380f8df748d632fe0387220445a1980a416a1c18127f0d5ef561d9796d20
97,city_ornament_9a34ea84_0092,6,,1,city_2b6cd46de776f727f0445393,1e18579beb8b41906fdb66dd3c63e1dfcd19ef1ac5f029ad347f131c270c555c
97,city_trim_8e15b331_0166,4,,1,city_2b6cd46de776f727f0445393,1e18579beb8b41906fdb66dd3c63e1dfcd19ef1ac5f029ad347f131c270c555c
98,city_ornament_29298bdb_0052,12,,1,city_fb6dc1a31b4adb6881ce4190,1e6e7ffb7404d259845937658daa18169214117cfbc81198a726580c10c13c34
98,city_trim_caf156ca_0030,13,,1,city_fb6dc1a31b4adb6881ce4190,1e6e7ffb7404d259845937658daa18169214117cfbc81198a726580c10c13c34
99,city_column_bc0c7c3a_0419,0,,1,city_10ae80af76cdab6f0698193f,1e98e1ea3bfb2c244a4df7176a85aee7d59b248229df12fce239c0b39ea72e35
99,city_ornament_29298bdb_0023,6,,1,city_10ae80af76cdab6f0698193f,1e98e1ea3bfb2c244a4df7176a85aee7d59b248229df12fce239c0b39ea72e35
100,city_ornament_9a34ea84_0261,7,,1,city_c0a200c60498230c327390f1,1ed20263b4e9467f37eb6e1db2ad246833dea9f341e9752562385fc78b27023e
100,city_trim_8e15b331_0041,4,,1,city_c0a200c60498230c327390f1,1ed20263b4e9467f37eb6e1db2ad246833dea9f341e9752562385fc78b27023e
101,city_ornament_29298bdb_0035,9,,1,city_ad64f3747a60728a2ac3e03c,1f0b183ee370dbc2ebd01f407abff3c87936f719d9d553947a6c64ea5921c99e
101,city_trim_caf156ca_0141,13,,1,city_ad64f3747a60728a2ac3e03c,1f0b183ee370dbc2ebd01f407abff3c87936f719d9d553947a6c64ea5921c99e
102,city_ornament_e937b429_0003,10,,1,city_5de9483ed45f4db995bde44f,1f5728dd9f4dd03f4c021c1fed2070d4737537050894d32016e5b38e465254cb
102,city_trim_9c826fa6_0000,7,,1,city_5de9483ed45f4db995bde44f,1f5728dd9f4dd03f4c021c1fed2070d4737537050894d32016e5b38e465254cb
102,city_trim_9c826fa6_0003,9,,1,city_5de9483ed45f4db995bde44f,1f5728dd9f4dd03f4c021c1fed2070d4737537050894d32016e5b38e465254cb
103,city_ornament_9a34ea84_0184,6,,1,city_31c3987acde7052e54072529,1f63ccf641ab12b4afdfd59500e240d0d52f6fd33a1fc3f09a50f8018ec2e0d5
103,city_trim_8e15b331_0251,7,,1,city_31c3987acde7052e54072529,1f63ccf641ab12b4afdfd59500e240d0d52f6fd33a1fc3f09a50f8018ec2e0d5
104,city_ornament_9a34ea84_0190,13,,1,city_ce7ed1f7e71c6ea05e823cb6,1f87147d4f3d23b2fd30df168c1b89759d68b93624e1020260097f7e8e86cead
104,city_trim_8e15b331_0318,12,,1,city_ce7ed1f7e71c6ea05e823cb6,1f87147d4f3d23b2fd30df168c1b89759d68b93624e1020260097f7e8e86cead
105,city_column_bc0c7c3a_0022,3,,1,city_b702a12ef1ab94206d5dcdaf,1fa1d62b3da280cbc5b7bac3258356b85425d5f936cd961852bcd5009cef59f5
105,city_ornament_29298bdb_0030,11,,1,city_b702a12ef1ab94206d5dcdaf,1fa1d62b3da280cbc5b7bac3258356b85425d5f936cd961852bcd5009cef59f5
106,city_column_bc0c7c3a_0124,7,,1,city_b24ee1047fd3f35dcc6ccb6f,1fddc4c27b4a459e540fb787c7b459c5c98485054e79563a9ce7f284c7948eef
106,city_ornament_29298bdb_0052,11,,1,city_b24ee1047fd3f35dcc6ccb6f,1fddc4c27b4a459e540fb787c7b459c5c98485054e79563a9ce7f284c7948eef
107,city_ornament_9a34ea84_0018,1,,1,city_b7193558b27427a04827f3b9,20684e8dcfd08d339c860a810d7f0cfb2ddf3e366cfb9ca1cded5508768228df
107,city_trim_8e15b331_0010,5,,1,city_b7193558b27427a04827f3b9,20684e8dcfd08d339c860a810d7f0cfb2ddf3e366cfb9ca1cded5508768228df
108,city_ornament_29298bdb_0020,3,,1,city_c28095168219adfea90bf693,2102a979a8bd94ccf2660ada4b3de80da438ccc18be93e14eae8903d1a3ab45e
108,city_trim_caf156ca_0043,4,,1,city_c28095168219adfea90bf693,2102a979a8bd94ccf2660ada4b3de80da438ccc18be93e14eae8903d1a3ab45e
109,city_ornament_29298bdb_0013,10,,1,city_37a3154c0e31499b6ceb9d20,2111664ab5b69a8c345a5e1190452a43c073052692b601e5b3af972457151c4c
109,city_trim_caf156ca_0093,11,,1,city_37a3154c0e31499b6ceb9d20,2111664ab5b69a8c345a5e1190452a43c073052692b601e5b3af972457151c4c
110,city_fence_c95476a8_0008,2,,1,city_926e962bc811e2f4cbf1725e,2191a37576880d4ea0b85440ca8de89ab4c3753ac7c4b4b66fe70719ccc0843c
110,city_ornament_29298bdb_0043,5,,1,city_926e962bc811e2f4cbf1725e,2191a37576880d4ea0b85440ca8de89ab4c3753ac7c4b4b66fe70719ccc0843c
111,city_ornament_9a34ea84_0239,12,,1,city_8c5ce7c8b0fa2fc9f63cef3f,21a7236ad80cffbba45a1d8d932b28f5c7aac561d1a0c0919a82ff6b83bf4d2d
111,city_trim_8e15b331_0207,0,,1,city_8c5ce7c8b0fa2fc9f63cef3f,21a7236ad80cffbba45a1d8d932b28f5c7aac561d1a0c0919a82ff6b83bf4d2d
112,city_masonry_49b8823b_0154,5,,1,city_bd1623069d1f68bedab98ad8,21cb804d74bddf247c1bcd0cf1a40339fdf6c683ec909633abd985d374a18094
112,city_ornament_29298bdb_0041,8,,1,city_bd1623069d1f68bedab98ad8,21cb804d74bddf247c1bcd0cf1a40339fdf6c683ec909633abd985d374a18094
113,city_ornament_9a34ea84_0004,1,,1,city_9e58dee32643122b6016a90a,2200ff79c27a6190160e7436c248b62852f3e33e77b47bcf8ca3d9d89b6dcf65
113,city_window_b493fb56_0002,6,,1,city_9e58dee32643122b6016a90a,2200ff79c27a6190160e7436c248b62852f3e33e77b47bcf8ca3d9d89b6dcf65
114,city_ornament_9a34ea84_0263,6,,1,city_70ef116ed5f841c1cb648ef8,2216a5ca895549cb3f2c95e0058ca771d1ad1d9c79a021c78669ffd2e36edb93
114,city_trim_8e15b331_0153,13,,1,city_70ef116ed5f841c1cb648ef8,2216a5ca895549cb3f2c95e0058ca771d1ad1d9c79a021c78669ffd2e36edb93
115,city_column_bc0c7c3a_0394,12,,1,city_d08c38e92db64a6743f4201c,224bb5e1b7ad580a9faa280ab7b47901607b601541660018d9348b4adde36750
115,city_ornament_29298bdb_0052,5,,1,city_d08c38e92db64a6743f4201c,224bb5e1b7ad580a9faa280ab7b47901607b601541660018d9348b4adde36750
116,city_column_bc0c7c3a_0128,2,,1,city_0ad1a010e101fb5c4efa4b6e,236d1f781ed2287654ca0186f7c36859c2ad68f6f09673970fa385191ce297c4
116,city_ornament_29298bdb_0017,4,,1,city_0ad1a010e101fb5c4efa4b6e,236d1f781ed2287654ca0186f7c36859c2ad68f6f09673970fa385191ce297c4
117,city_fence_c95476a8_0003,13,,1,city_a4051d5a7ae984cbd906d06d,23d075f7cfbd7890b12b4511a405a4245805f29dda6a05e81187167e47089e7d
117,city_ornament_29298bdb_0013,3,,1,city_a4051d5a7ae984cbd906d06d,23d075f7cfbd7890b12b4511a405a4245805f29dda6a05e81187167e47089e7d
118,city_fence_1de007a5_0067,1,,1,city_2296af2e3d53cc2d9d6bba11,23eed024ab8b0278c0e6cb921b1d3b5802f8b71714fac5219a45ccf33d23b2a0
118,city_ornament_9a34ea84_0216,12,,1,city_2296af2e3d53cc2d9d6bba11,23eed024ab8b0278c0e6cb921b1d3b5802f8b71714fac5219a45ccf33d23b2a0
119,city_ornament_9a34ea84_0158,9,,1,city_a165e6baab028b11915a0609,24588f4eba6bf3c37668cfbab01778c8dfa22d5c88942395b73a54b781eecc20
119,city_roof_88d000d6_0008,5,,1,city_a165e6baab028b11915a0609,24588f4eba6bf3c37668cfbab01778c8dfa22d5c88942395b73a54b781eecc20
120,city_fence_1de007a5_0067,0,,1,city_196a0fbd440b2338803c6701,24b6264e6b5ade72df2772d67e3939f8d8ea2d0d5cd51c9d86d9d62992cbd0f4
120,city_ornament_9a34ea84_0216,13,,1,city_196a0fbd440b2338803c6701,24b6264e6b5ade72df2772d67e3939f8d8ea2d0d5cd51c9d86d9d62992cbd0f4
121,city_masonry_49b8823b_0014,13,,1,city_240a013a34bbb16634c3342f,254fa7af1fea9ee9ac32527efe0b14ccd4f8eb46a3b1a15b42936a8e9f3fcae7
121,city_ornament_29298bdb_0059,9,,1,city_240a013a34bbb16634c3342f,254fa7af1fea9ee9ac32527efe0b14ccd4f8eb46a3b1a15b42936a8e9f3fcae7
122,city_ornament_9a34ea84_0046,4,,1,city_949d0085aeb3ee7e60be9727,25526c1d2804cd7ba47ba36090943f67cdd603b3d57fe1756f47dba56c620290
122,city_trim_8e15b331_0055,15,,1,city_949d0085aeb3ee7e60be9727,25526c1d2804cd7ba47ba36090943f67cdd603b3d57fe1756f47dba56c620290
123,city_column_db2a0dd4_0302,0,,1,city_c04ab7ba881cc48d0590c792,2555f8efa46e1c7ca8c7602fe82afb8f883a85aeb762b2d1d7e9a8b428dbfe3e
123,city_ornament_9a34ea84_0165,10,,1,city_c04ab7ba881cc48d0590c792,2555f8efa46e1c7ca8c7602fe82afb8f883a85aeb762b2d1d7e9a8b428dbfe3e
124,city_ornament_29298bdb_0001,2,,1,city_279dc6fb04adebb47a63209e,25f36f8b3bc50d171442f269509f9a4ae75e2c5d745bb071fe895507542dd616
124,city_trim_caf156ca_0102,11,,1,city_279dc6fb04adebb47a63209e,25f36f8b3bc50d171442f269509f9a4ae75e2c5d745bb071fe895507542dd616
125,city_ornament_9a34ea84_0184,5,,1,city_f5890c13b8daf439c4371774,25f62dfedb4ca1c0c0f0a9f90fe40922e8d2bb9517258ceb508acca67144a201
125,city_trim_8e15b331_0170,9,,1,city_f5890c13b8daf439c4371774,25f62dfedb4ca1c0c0f0a9f90fe40922e8d2bb9517258ceb508acca67144a201
126,city_ornament_9a34ea84_0014,0,,1,city_18498840ccf784aacbe09076,262f6151f3a06f92862d11b71a794b3a4db4cb48c1c41eb957b9027b85691811
126,city_trim_8e15b331_0065,7,,1,city_18498840ccf784aacbe09076,262f6151f3a06f92862d11b71a794b3a4db4cb48c1c41eb957b9027b85691811
127,city_column_bc0c7c3a_0175,10,,1,city_e09bb95cd2901a7ce649cb6c,2667a8bffc1a4e20be39a2d025b1c9dd5e319f4bbb26d59cb441da977ff682d6
127,city_ornament_29298bdb_0055,14,,1,city_e09bb95cd2901a7ce649cb6c,2667a8bffc1a4e20be39a2d025b1c9dd5e319f4bbb26d59cb441da977ff682d6
128,city_fence_c95476a8_0006,10,,1,city_36f995bd3266d740e84b9f72,2678366037de68f92f58931c8e9957f4f230f840d5ec320cd946575d78a584fc
128,city_ornament_29298bdb_0041,15,,1,city_36f995bd3266d740e84b9f72,2678366037de68f92f58931c8e9957f4f230f840d5ec320cd946575d78a584fc
129,city_ornament_29298bdb_0013,7,,1,city_0da81463a0373094519d969c,2681427310d56ee3a14348319f180f76d855123cda6198ace95a6a665531835f
129,city_trim_caf156ca_0093,8,,1,city_0da81463a0373094519d969c,2681427310d56ee3a14348319f180f76d855123cda6198ace95a6a665531835f
130,city_column_db2a0dd4_0206,5,,1,city_012e432c8be801cf669199a7,2728d8dc2129167e24d8c82363f5714e6b610b0c0f1bd212a27765e8f154b622
130,city_ornament_9a34ea84_0233,14,,1,city_012e432c8be801cf669199a7,2728d8dc2129167e24d8c82363f5714e6b610b0c0f1bd212a27765e8f154b622
131,city_ornament_9a34ea84_0073,3,,1,city_d384bd8c2575943732b1fce5,27f48d936780b9263a777689d3741f9bf4435ff42e048d7c141f0100c1a20d09
131,city_trim_8e15b331_0226,3,,1,city_d384bd8c2575943732b1fce5,27f48d936780b9263a777689d3741f9bf4435ff42e048d7c141f0100c1a20d09
132,city_ornament_9a34ea84_0107,1,,1,city_58e978a4f66b71510c9a6c1f,284afbc62c5594fa647bed2f8a6f94ed331a6ca6d5211cf81ff773b2d4746dab
132,city_roof_88d000d6_0053,10,,1,city_58e978a4f66b71510c9a6c1f,284afbc62c5594fa647bed2f8a6f94ed331a6ca6d5211cf81ff773b2d4746dab
133,city_fence_1de007a5_0087,6,,1,city_a8ec99f9a5dbbaef51d20843,287af1341b67e92722bb71d570e3fd2299e2bfc96840ffa54026e24cc7553a83
133,city_ornament_9a34ea84_0165,2,,1,city_a8ec99f9a5dbbaef51d20843,287af1341b67e92722bb71d570e3fd2299e2bfc96840ffa54026e24cc7553a83
134,city_fence_1de007a5_0061,5,,1,city_0d73d854fb852be367e675bf,28bc9a34f3f687d60557c982280792d719d176a0f3083965d8a083c27921a17d
134,city_ornament_9a34ea84_0121,2,,1,city_0d73d854fb852be367e675bf,28bc9a34f3f687d60557c982280792d719d176a0f3083965d8a083c27921a17d
135,city_ornament_29298bdb_0015,2,,1,city_2a5c9956eac4babd0e0f0308,2908a023926fd819f87bfcb9cc84a174a7498819a5a42ae9089e032160597270
135,city_trim_caf156ca_0314,14,,1,city_2a5c9956eac4babd0e0f0308,2908a023926fd819f87bfcb9cc84a174a7498819a5a42ae9089e032160597270
136,city_ornament_29298bdb_0039,1,,1,city_f9ae5668b554c663221ac5a6,2924b25b176554f2e245c2a25df86c73dbd775d3016efb13efd6b15b1be0f0e5
136,city_slab_892b86cc_0022,1,,1,city_f9ae5668b554c663221ac5a6,2924b25b176554f2e245c2a25df86c73dbd775d3016efb13efd6b15b1be0f0e5
137,city_ornament_29298bdb_0011,15,,1,city_03b33b7e10bc7b9f0be1d3db,293aa5054561d311bdcdc0d11f1066fef0b1f10e1133f1e2282273a2ce8b558d
137,city_trim_caf156ca_0341,14,,1,city_03b33b7e10bc7b9f0be1d3db,293aa5054561d311bdcdc0d11f1066fef0b1f10e1133f1e2282273a2ce8b558d
138,city_fence_1de007a5_0012,9,,1,city_7bb8657de3cf63a2e4f38be3,293ed504a22e1f9cbafe90ecfa2da08c0afa629b192631a380eeeb311a683839
138,city_ornament_9a34ea84_0137,2,,1,city_7bb8657de3cf63a2e4f38be3,293ed504a22e1f9cbafe90ecfa2da08c0afa629b192631a380eeeb311a683839
139,city_ornament_9a34ea84_0190,1,,1,city_4411411c4bccce8e97c83b92,296c47152ec88afe57a3abb16cb5cf57861230ed73dcd996a66040dd6bb4342b
139,city_roof_88d000d6_0021,6,,1,city_4411411c4bccce8e97c83b92,296c47152ec88afe57a3abb16cb5cf57861230ed73dcd996a66040dd6bb4342b
140,city_ornament_9a34ea84_0178,9,,1,city_044263c7fea5e90918fbd351,29cc2cfda3d608e3030ece7493aee90db5495ba3ee7a3370c6361ea02b778cfd
140,city_window_b493fb56_0054,5,,1,city_044263c7fea5e90918fbd351,29cc2cfda3d608e3030ece7493aee90db5495ba3ee7a3370c6361ea02b778cfd
141,city_column_bc0c7c3a_0099,9,,1,city_f22fe6bcad708b7b9e4bc8bf,29eb260adf0e6b1c459ebd5c7d3b2bebfcca54d576763c00e0c60b14035961ed
141,city_ornament_29298bdb_0034,3,,1,city_f22fe6bcad708b7b9e4bc8bf,29eb260adf0e6b1c459ebd5c7d3b2bebfcca54d576763c00e0c60b14035961ed
142,city_ornament_9a34ea84_0240,12,,1,city_a9649ba19bb6a3fa38228a9f,2a5f23091f2d48173d2328930e7a987fec571ae7145c7f7d26df23036120aab7
142,city_trim_8e15b331_0171,11,,1,city_a9649ba19bb6a3fa38228a9f,2a5f23091f2d48173d2328930e7a987fec571ae7145c7f7d26df23036120aab7
143,city_column_bc0c7c3a_0281,14,,1,city_36ff472deb81cdaa561afad5,2a9deb8b44c9678548aa60096f9d20501ece52a45fcbf621fe94e677fcb5de17
143,city_ornament_29298bdb_0023,13,,1,city_36ff472deb81cdaa561afad5,2a9deb8b44c9678548aa60096f9d20501ece52a45fcbf621fe94e677fcb5de17
144,city_ornament_9a34ea84_0126,14,,1,city_38b0f1a279f59cc2c4107b0d,2b7ea7f778e690ba53b698b938d68227744cadaa367573d7f13d3ddf2d3b3919
144,city_roof_88d000d6_0049,15,,1,city_38b0f1a279f59cc2c4107b0d,2b7ea7f778e690ba53b698b938d68227744cadaa367573d7f13d3ddf2d3b3919
145,city_fence_1de007a5_0084,14,,1,city_902f79458ae3282946d17395,2c04d8978e9df0ac53477a3ef66c94e6263af12ba0740ab85441f35d55c7d1f5
145,city_ornament_9a34ea84_0212,12,,1,city_902f79458ae3282946d17395,2c04d8978e9df0ac53477a3ef66c94e6263af12ba0740ab85441f35d55c7d1f5
146,city_ornament_9a34ea84_0060,14,,1,city_ddfcf225597aeeb91be49764,2ca40316e6f7ad0c200bc15ecac0c800dd9aa4750a7bf567a2c2d56866295c21
146,city_trim_8e15b331_0327,1,,1,city_ddfcf225597aeeb91be49764,2ca40316e6f7ad0c200bc15ecac0c800dd9aa4750a7bf567a2c2d56866295c21
147,city_column_bc0c7c3a_0121,6,,1,city_89569a0909113919c26b5788,2ce130763928c5474aa6eddffd5cc79f2830477105521bc10f3cec8c3c732e51
147,city_ornament_29298bdb_0041,7,,1,city_89569a0909113919c26b5788,2ce130763928c5474aa6eddffd5cc79f2830477105521bc10f3cec8c3c732e51
148,city_column_bc0c7c3a_0048,11,,1,city_8db9427e6b736b02fcc62fd8,2cf84a050d54644de96415a489f47e310b0333dc22ddf3198e34b6889aa05935
148,city_ornament_29298bdb_0000,12,,1,city_8db9427e6b736b02fcc62fd8,2cf84a050d54644de96415a489f47e310b0333dc22ddf3198e34b6889aa05935
149,city_fence_1de007a5_0031,2,,1,city_5eb3ad680133d2a3110c45f9,2d172a819c590e473f8c81af225f1afdd4cbda00ddb5521af033c0552d1ad3c8
149,city_ornament_9a34ea84_0240,3,,1,city_5eb3ad680133d2a3110c45f9,2d172a819c590e473f8c81af225f1afdd4cbda00ddb5521af033c0552d1ad3c8
150,city_ornament_9a34ea84_0020,12,,1,city_a2d2ec5eaaacddda93382341,2dca0c4be7f177773aba07006b1c70ad1e5d7e110fe3a81f39f5c85d24f7e7ef
150,city_window_b493fb56_0000,8,,1,city_a2d2ec5eaaacddda93382341,2dca0c4be7f177773aba07006b1c70ad1e5d7e110fe3a81f39f5c85d24f7e7ef
151,city_ornament_9a34ea84_0072,9,,1,city_071fad11d7b9417f4556479e,2e1f67ce05a694e73058bb12d18d733dc7056c8fe5a2f6990681fbc86c3676e8
151,city_roof_88d000d6_0033,3,,1,city_071fad11d7b9417f4556479e,2e1f67ce05a694e73058bb12d18d733dc7056c8fe5a2f6990681fbc86c3676e8
152,city_ornament_29298bdb_0024,9,,1,city_8c77a8e0db3685776805115e,2e53dc2d4a3e090366bb9f9a6327f41054144135fcccd0e683e8db92a549f440
152,city_trim_caf156ca_0160,6,,1,city_8c77a8e0db3685776805115e,2e53dc2d4a3e090366bb9f9a6327f41054144135fcccd0e683e8db92a549f440
153,city_ornament_9a34ea84_0249,9,,1,city_2c205c963c0f22691b99a924,2e5bd31a120b4d9a9e64b5020962ef4a310440a28fd0f3a64338b1f9f086e65b
153,city_stairs_4f20754c_0034,6,,1,city_2c205c963c0f22691b99a924,2e5bd31a120b4d9a9e64b5020962ef4a310440a28fd0f3a64338b1f9f086e65b
154,city_column_bc0c7c3a_0174,8,,1,city_5a820d202c92bc4fbb2f87ec,2e5c02c178964189cfa14639483d004c10fb75deb61995bc648e761d935da705
154,city_ornament_29298bdb_0009,9,,1,city_5a820d202c92bc4fbb2f87ec,2e5c02c178964189cfa14639483d004c10fb75deb61995bc648e761d935da705
155,city_ornament_9a34ea84_0245,2,,1,city_b9303bedceca3e1b628fa95b,2e6289ab4662cf73c0ba654d2708be3bdc54320ac9a667bec75d0a854cdccf32
155,city_window_b493fb56_0004,10,,1,city_b9303bedceca3e1b628fa95b,2e6289ab4662cf73c0ba654d2708be3bdc54320ac9a667bec75d0a854cdccf32
156,city_fence_1de007a5_0067,3,,1,city_5b2c8b5a61e96acefbcebf29,2e787fa5b2b0dff02084e06e8ecd97ba413f1a2164a12627348db9b7c737321b
156,city_ornament_9a34ea84_0269,7,,1,city_5b2c8b5a61e96acefbcebf29,2e787fa5b2b0dff02084e06e8ecd97ba413f1a2164a12627348db9b7c737321b
157,city_ornament_9a34ea84_0044,11,,1,city_ec0118306e0dd36af5a47d1d,2e92d995f420bff7139762efa82a32303cd31a315e979242f6b73d5719945403
157,city_trim_8e15b331_0170,8,,1,city_ec0118306e0dd36af5a47d1d,2e92d995f420bff7139762efa82a32303cd31a315e979242f6b73d5719945403
158,city_column_db2a0dd4_0232,3,,1,city_2ab1cf0a2975fcd6f580bb42,2ed78d9006723ba4f21f75cc94cecb5b863e39502615eafee55630279e1800e2
158,city_ornament_9a34ea84_0016,10,,1,city_2ab1cf0a2975fcd6f580bb42,2ed78d9006723ba4f21f75cc94cecb5b863e39502615eafee55630279e1800e2
159,city_ornament_29298bdb_0051,14,,1,city_9ae5d86a47c84c3e55bd114d,2fbdff399737efa491ed7d2f4c475e339f56492d066301440ddfb3683b5cdef4
159,city_roof_56d52e37_0002,15,,1,city_9ae5d86a47c84c3e55bd114d,2fbdff399737efa491ed7d2f4c475e339f56492d066301440ddfb3683b5cdef4
160,city_fence_c95476a8_0007,13,,1,city_b8a51bfb405dddfc5a9f73cb,301fb2e4dca198e22bfe70d773d6ef8d15f35152edebf7749731de3e959e88a7
160,city_ornament_29298bdb_0041,4,,1,city_b8a51bfb405dddfc5a9f73cb,301fb2e4dca198e22bfe70d773d6ef8d15f35152edebf7749731de3e959e88a7
161,city_column_db2a0dd4_0084,8,,1,city_21978e493e458ddee5ad1d78,315a5aadaa1e2acb9ecb966e37c5439705908fd82dc2164e21294b1d39ccc6d2
161,city_ornament_9a34ea84_0081,0,,1,city_21978e493e458ddee5ad1d78,315a5aadaa1e2acb9ecb966e37c5439705908fd82dc2164e21294b1d39ccc6d2
162,city_column_bc0c7c3a_0330,7,,1,city_ad74b7a11c36adcbd1f86fca,3193efd66b721ca39e5e446399acda9249f2bb3cdc388b6e0cc585c95914ca89
162,city_ornament_29298bdb_0049,8,,1,city_ad74b7a11c36adcbd1f86fca,3193efd66b721ca39e5e446399acda9249f2bb3cdc388b6e0cc585c95914ca89
163,city_ornament_29298bdb_0009,0,,1,city_eab28d56402fbd8065dee739,31a4347e6e955ecefec6a1befd5b673376fef132b7f8c1ddb3c9efaa1bcb83a6
163,city_trim_caf156ca_0295,8,,1,city_eab28d56402fbd8065dee739,31a4347e6e955ecefec6a1befd5b673376fef132b7f8c1ddb3c9efaa1bcb83a6
164,city_ornament_9a34ea84_0149,2,,1,city_436bd5dcda8e0a13192c505b,31f48f092a38253a508235c9e45cd0110ac60363f304442377a2f68f25269356
164,city_trim_8e15b331_0003,0,,1,city_436bd5dcda8e0a13192c505b,31f48f092a38253a508235c9e45cd0110ac60363f304442377a2f68f25269356
165,city_column_bc0c7c3a_0102,12,,1,city_9867cbe46b20e77f0b1cc1d6,3205a4e2be09e672c596687aaefcfae3f58ae389aadfad6b6fa93dcb1454732b
165,city_ornament_29298bdb_0021,0,,1,city_9867cbe46b20e77f0b1cc1d6,3205a4e2be09e672c596687aaefcfae3f58ae389aadfad6b6fa93dcb1454732b
166,city_fence_c95476a8_0003,14,,1,city_c8e1e4f7b15638f8a539ffc1,320ba5b59da378091f9c92921c1da4162507f90be27eb2f6bb086a259207dcf5
166,city_ornament_29298bdb_0013,2,,1,city_c8e1e4f7b15638f8a539ffc1,320ba5b59da378091f9c92921c1da4162507f90be27eb2f6bb086a259207dcf5
167,city_ornament_29298bdb_0029,12,,1,city_90f87e71ed82b15863a667a7,321e063b5baa044338e4a99f402f0da0966e8869adc0da3d35844c23e31b8515
167,city_trim_caf156ca_0139,14,,1,city_90f87e71ed82b15863a667a7,321e063b5baa044338e4a99f402f0da0966e8869adc0da3d35844c23e31b8515
168,city_ornament_29298bdb_0040,15,,1,city_3f08ffc89c038072ce647932,321fc637b50da208ad447c1e417bec6d8fc59c12d739803ed874287d21935868
168,city_trim_caf156ca_0190,15,,1,city_3f08ffc89c038072ce647932,321fc637b50da208ad447c1e417bec6d8fc59c12d739803ed874287d21935868
169,city_ornament_29298bdb_0000,9,,1,city_1215a1793be30f796a8798fa,324d33446e2176edeb414a606fc19f7e4034491641b881d88473cadd29694458
169,city_trim_caf156ca_0155,1,,1,city_1215a1793be30f796a8798fa,324d33446e2176edeb414a606fc19f7e4034491641b881d88473cadd29694458
170,city_ornament_9a34ea84_0010,3,,1,city_b69871832bda7ba211fc690f,3327b276eaad5e36cd0119ff2dbd609eb7e672498d9b127aa9f7850dda5a2ba4
170,city_stairs_4f20754c_0034,7,,1,city_b69871832bda7ba211fc690f,3327b276eaad5e36cd0119ff2dbd609eb7e672498d9b127aa9f7850dda5a2ba4
171,city_masonry_49b8823b_0010,8,,1,city_0701dc1daa504638712fe78a,33f58a6bc05697b612d9b8984188d8935655d3f9b381a940b4e586ca40bd132b
171,city_ornament_29298bdb_0023,11,,1,city_0701dc1daa504638712fe78a,33f58a6bc05697b612d9b8984188d8935655d3f9b381a940b4e586ca40bd132b
172,city_ornament_9a34ea84_0263,7,,1,city_05c0f36b191f580b0170464c,3458927c5a66dd447228ac1189ca2ad9defb97bdf38abf4f6ca73a813b2746b5
172,city_trim_8e15b331_0153,12,,1,city_05c0f36b191f580b0170464c,3458927c5a66dd447228ac1189ca2ad9defb97bdf38abf4f6ca73a813b2746b5
173,city_ornament_29298bdb_0033,9,,1,city_0a8f686ff3b8c7e9cf0dca47,3565de6fbb05f44836928febc16e4f31cda28c4a712abf87070d93052f3ba38e
173,city_trim_caf156ca_0015,0,,1,city_0a8f686ff3b8c7e9cf0dca47,3565de6fbb05f44836928febc16e4f31cda28c4a712abf87070d93052f3ba38e
174,city_fence_c95476a8_0012,9,,1,city_12d24d5e3749afd6722f78ce,3656ef8965bd6a726f39f557e26435407f46e3971eabdd365205ce8b199369d7
174,city_ornament_29298bdb_0031,8,,1,city_12d24d5e3749afd6722f78ce,3656ef8965bd6a726f39f557e26435407f46e3971eabdd365205ce8b199369d7
175,city_fence_1de007a5_0077,8,,1,city_6e7ff77239e38f00d47c62ff,379a2ef900a56e4aa25837c7901c151ee647ff09c36ef54e500e8c6a5c8f887a
175,city_ornament_9a34ea84_0183,4,,1,city_6e7ff77239e38f00d47c62ff,379a2ef900a56e4aa25837c7901c151ee647ff09c36ef54e500e8c6a5c8f887a
176,city_column_bc0c7c3a_0361,15,,1,city_22a61f95b855093ad582287a,379ef77eaa6b9f39fce08cd666884956b53bc9bf4648aeaff0948e9b26ca4ffc
176,city_ornament_29298bdb_0007,10,,1,city_22a61f95b855093ad582287a,379ef77eaa6b9f39fce08cd666884956b53bc9bf4648aeaff0948e9b26ca4ffc
177,city_masonry_485969a9_0104,14,,1,city_ea3b89f415faf4b5102e3649,38560a4fa1dfc00e38bbfe1e812a59be10d8b0f4e4bc1109f2200201b0108ab9
177,city_ornament_9a34ea84_0185,4,,1,city_ea3b89f415faf4b5102e3649,38560a4fa1dfc00e38bbfe1e812a59be10d8b0f4e4bc1109f2200201b0108ab9
178,city_ornament_e937b429_0003,1,,1,city_fd328d9ad289eff7a6b9a2f1,39068c3c6061f44b982802c96ea31821488261bcf7e2e8a63dc877ce2af9ae88
178,city_trim_9c826fa6_0000,1,,1,city_fd328d9ad289eff7a6b9a2f1,39068c3c6061f44b982802c96ea31821488261bcf7e2e8a63dc877ce2af9ae88
178,city_trim_9c826fa6_0000,8,,1,city_fd328d9ad289eff7a6b9a2f1,39068c3c6061f44b982802c96ea31821488261bcf7e2e8a63dc877ce2af9ae88
179,city_fence_1de007a5_0025,3,,1,city_a84ae369aeee9db8fbc15c18,393edbfa42cb37cacff02d100de23944611853bb99813c6d36f18d4bea379722
179,city_ornament_9a34ea84_0017,6,,1,city_a84ae369aeee9db8fbc15c18,393edbfa42cb37cacff02d100de23944611853bb99813c6d36f18d4bea379722
180,city_ornament_9a34ea84_0158,5,,1,city_c2182193545cd643ea7b5084,39a734ea4d3af7c03a4e1534b6d671fa9effde257cfaf63dabd2605401187ec5
180,city_trim_8e15b331_0111,14,,1,city_c2182193545cd643ea7b5084,39a734ea4d3af7c03a4e1534b6d671fa9effde257cfaf63dabd2605401187ec5
181,city_fence_1de007a5_0032,8,,1,city_aac465e7f5ebce7753fc8dca,39c248f7638cc1c5746317f00f720d9a85737ccae4f7ce890df153156f716e97
181,city_ornament_9a34ea84_0196,10,,1,city_aac465e7f5ebce7753fc8dca,39c248f7638cc1c5746317f00f720d9a85737ccae4f7ce890df153156f716e97
182,city_ornament_29298bdb_0059,11,,1,city_9c6c5a8d2bcc0b90f1f87c27,3a42055ba7ebd03d28450fe9aed91df6c369a98d3c45a6816212e9f66eff9813
182,city_trim_caf156ca_0349,14,,1,city_9c6c5a8d2bcc0b90f1f87c27,3a42055ba7ebd03d28450fe9aed91df6c369a98d3c45a6816212e9f66eff9813
183,city_ornament_9a34ea84_0092,8,,1,city_84559d423f208f96862c9aad,3b63d9f52c310e5b9a720cc2bfeafbdd9ae16c544bed11b6f8c0900914b488d4
183,city_roof_88d000d6_0013,1,,1,city_84559d423f208f96862c9aad,3b63d9f52c310e5b9a720cc2bfeafbdd9ae16c544bed11b6f8c0900914b488d4
184,city_column_bc0c7c3a_0389,12,,1,city_728690d52144a62bef89af89,3b8cccbc7f4feb6ff329a16e7a372f60b9f21b74e765fabd456aba5eb30b88d0
184,city_ornament_29298bdb_0052,8,,1,city_728690d52144a62bef89af89,3b8cccbc7f4feb6ff329a16e7a372f60b9f21b74e765fabd456aba5eb30b88d0
185,city_ornament_29298bdb_0020,1,,1,city_bf122a835627cd46c0dd020b,3bc2c12487681a7105b16006b3c76af3506cb18a5dd13a231b1f196b7dc36a9f
185,city_trim_caf156ca_0160,2,,1,city_bf122a835627cd46c0dd020b,3bc2c12487681a7105b16006b3c76af3506cb18a5dd13a231b1f196b7dc36a9f
186,city_column_bc0c7c3a_0195,8,,1,city_f7d7891a279dadd03166bd58,3c39933ed3c11a5db354e6ee9751da4ec7b9695e5b22a10449d7367e5c8a949f
186,city_ornament_29298bdb_0017,12,,1,city_f7d7891a279dadd03166bd58,3c39933ed3c11a5db354e6ee9751da4ec7b9695e5b22a10449d7367e5c8a949f
187,city_ornament_29298bdb_0026,3,,1,city_be27094f08a69372bcfb4be9,3c704e5a8d0b864c0502f219f11c773646c27dd655d793daf9804ec27cd19a2b
187,city_trim_caf156ca_0353,10,,1,city_be27094f08a69372bcfb4be9,3c704e5a8d0b864c0502f219f11c773646c27dd655d793daf9804ec27cd19a2b
188,city_fence_1de007a5_0034,2,,1,city_96750f1e270353c1420991bd,3d06b287a1c2ccc969824979a38f61035fa5e688d1e6201b1867f813d6bac21c
188,city_ornament_9a34ea84_0187,3,,1,city_96750f1e270353c1420991bd,3d06b287a1c2ccc969824979a38f61035fa5e688d1e6201b1867f813d6bac21c
189,city_column_bc0c7c3a_0291,9,,1,city_aed0f3fc578bf1b136646029,3d22c2f54e91d4db6936021dcb21139a99aac11a5a1a45c48b12e99db8621bd5
189,city_ornament_29298bdb_0057,12,,1,city_aed0f3fc578bf1b136646029,3d22c2f54e91d4db6936021dcb21139a99aac11a5a1a45c48b12e99db8621bd5
190,city_floor_ecf457d3_0013,0,,1,city_533e6e5fa63db2353f7afbc2,3d68544d72fa1a4720d3f754ca1a4a44f4f4fc95f73af6c38601dd0bf36403a0
190,city_floor_ecf457d3_0015,10,,1,city_533e6e5fa63db2353f7afbc2,3d68544d72fa1a4720d3f754ca1a4a44f4f4fc95f73af6c38601dd0bf36403a0
191,city_ornament_9a34ea84_0109,2,,1,city_5672620e0f78ef8d266a7412,3d758db62c9503e18b2ab39f8f865a4fa4158d809a67f99bfb8cdc7b3a2164fe
191,city_window_b493fb56_0046,2,,1,city_5672620e0f78ef8d266a7412,3d758db62c9503e18b2ab39f8f865a4fa4158d809a67f99bfb8cdc7b3a2164fe
192,city_masonry_49b8823b_0116,11,,1,city_be8570a5caad7fdda709500e,3db4e75b460c7e7cab91449156c125ccfe182c2e45471943eb09457ebb7a749a
192,city_ornament_29298bdb_0006,5,,1,city_be8570a5caad7fdda709500e,3db4e75b460c7e7cab91449156c125ccfe182c2e45471943eb09457ebb7a749a
193,city_ornament_9a34ea84_0042,1,,1,city_e75d1bc8d46d9b84b96dde9f,3db72f1278fb8a65c7ea770bf4d3d354fba2da181401efc0479c4488318726d9
193,city_trim_8e15b331_0249,11,,1,city_e75d1bc8d46d9b84b96dde9f,3db72f1278fb8a65c7ea770bf4d3d354fba2da181401efc0479c4488318726d9
194,city_fence_1de007a5_0090,14,,1,city_75a65403a2ff7937cebd8c1d,3eb7790b28f9ee3e5eda832b3dcdb99245eaecb00e57ebe70a46a1ce43f838b6
194,city_ornament_9a34ea84_0010,2,,1,city_75a65403a2ff7937cebd8c1d,3eb7790b28f9ee3e5eda832b3dcdb99245eaecb00e57ebe70a46a1ce43f838b6
195,city_column_db2a0dd4_0021,1,,1,city_11338e70b664defc7b087bf5,3ff4de0fd3c59f7404bfb9bf53da329247a2920377d201fe2a08e8963acf55c6
195,city_ornament_9a34ea84_0145,14,,1,city_11338e70b664defc7b087bf5,3ff4de0fd3c59f7404bfb9bf53da329247a2920377d201fe2a08e8963acf55c6
196,city_ornament_29298bdb_0008,15,,1,city_5f6d27689a48dfb7c5c11f95,4057857400fc164faf1e0a8e8f1c2c3eed8b1a15b9ccda90fead1bcc1263f0aa
196,city_trim_caf156ca_0295,10,,1,city_5f6d27689a48dfb7c5c11f95,4057857400fc164faf1e0a8e8f1c2c3eed8b1a15b9ccda90fead1bcc1263f0aa
197,city_ornament_9a34ea84_0239,13,,1,city_97cd1ab307ab033116a365f1,409464995b3762dadbb571abf995ba1fdd3c0494bdb907971c291a35cea24943
197,city_roof_88d000d6_0038,12,,1,city_97cd1ab307ab033116a365f1,409464995b3762dadbb571abf995ba1fdd3c0494bdb907971c291a35cea24943
198,city_fence_1de007a5_0054,14,,1,city_ea955eab4b1b3a56cf21bcdb,40f4884f5a2e77e79d3c4a78d3d44e2a1ffa4b1a2cf125287560a82b7e94d6f8
198,city_ornament_9a34ea84_0010,11,,1,city_ea955eab4b1b3a56cf21bcdb,40f4884f5a2e77e79d3c4a78d3d44e2a1ffa4b1a2cf125287560a82b7e94d6f8
199,city_ornament_9a34ea84_0133,9,,1,city_3350570df1f8da81e51cef5f,412eb6e34cab6790e18ea35f20d8725d89bc9a6f471f99b0f4bd01dc7d2ed81c
199,city_trim_8e15b331_0003,10,,1,city_3350570df1f8da81e51cef5f,412eb6e34cab6790e18ea35f20d8725d89bc9a6f471f99b0f4bd01dc7d2ed81c
200,city_ornament_9a34ea84_0020,15,,1,city_c4737b61c6dc4a83524f1d24,413dda16574e22e136be419770c809b257b80c81dba9ad90bd1c4f149a245a6b
200,city_trim_8e15b331_0134,5,,1,city_c4737b61c6dc4a83524f1d24,413dda16574e22e136be419770c809b257b80c81dba9ad90bd1c4f149a245a6b
201,city_fence_1de007a5_0056,8,,1,city_69d6e554db3538174e9285ea,416752ad0db61524d27d5d2f2b7fd05f172bc7fa43db35d9f8c429c59f4f9751
201,city_ornament_9a34ea84_0051,0,,1,city_69d6e554db3538174e9285ea,416752ad0db61524d27d5d2f2b7fd05f172bc7fa43db35d9f8c429c59f4f9751
202,city_ornament_9a34ea84_0007,10,,1,city_a711435ca64e934988120e6e,41deed030e8cfaa50104c1bc9df46dde50559b1ae5fd38c7018e138b15cb34b6
202,city_roof_88d000d6_0011,12,,1,city_a711435ca64e934988120e6e,41deed030e8cfaa50104c1bc9df46dde50559b1ae5fd38c7018e138b15cb34b6
203,city_ornament_29298bdb_0020,8,,1,city_c5a2b9e5b7dd9f1547118c1e,420aeaf30365075aaedcb7314278efde4aea3bfb86d53a828c24133c72125bc8
203,city_trim_caf156ca_0313,0,,1,city_c5a2b9e5b7dd9f1547118c1e,420aeaf30365075aaedcb7314278efde4aea3bfb86d53a828c24133c72125bc8
204,city_ornament_29298bdb_0031,5,,1,city_578130f398984f9af2eb898c,4235c026c2f70d67734cc66e5126cac135846da1b828893b51d3614fda19daef
204,city_trim_caf156ca_0111,4,,1,city_578130f398984f9af2eb898c,4235c026c2f70d67734cc66e5126cac135846da1b828893b51d3614fda19daef
205,city_column_bc0c7c3a_0074,11,,1,city_748b345f4cfe77c7ff5cdbed,4242714dc1a84ee7236ad7d30a9116716daed302a80b7f1f93ca53db580b447d
205,city_ornament_29298bdb_0010,7,,1,city_748b345f4cfe77c7ff5cdbed,4242714dc1a84ee7236ad7d30a9116716daed302a80b7f1f93ca53db580b447d
206,city_masonry_49547950_0004,14,,1,city_d0fa4a46ba5d7cca58da2f9e,44434d012efa81ce6b197a62efc5f025ee980905593d712f292adafcbcc6652d
206,city_trim_9c826fa6_0000,12,,1,city_d0fa4a46ba5d7cca58da2f9e,44434d012efa81ce6b197a62efc5f025ee980905593d712f292adafcbcc6652d
207,city_ornament_9a34ea84_0143,7,,1,city_b2776460959d6b36d42634e9,445ccf1798c1d0f701a7ada130fb52e0267a693f4a558748e8f5786331f6b8a3
207,city_roof_88d000d6_0029,14,,1,city_b2776460959d6b36d42634e9,445ccf1798c1d0f701a7ada130fb52e0267a693f4a558748e8f5786331f6b8a3
208,city_column_db2a0dd4_0073,14,,1,city_6b940aa3b56315903cf49499,445eb286ab35016804cefb10040e35d40637010ab327357add5c38143b8cd6ff
208,city_ornament_9a34ea84_0232,10,,1,city_6b940aa3b56315903cf49499,445eb286ab35016804cefb10040e35d40637010ab327357add5c38143b8cd6ff
209,city_ornament_29298bdb_0047,1,,1,city_7d98a6ba90e46fecd5d24e80,4471601ba6ef92ccf5f9f4c83a1930062c1d381b1e6f39b93a482dfaaa4a52bf
209,city_trim_caf156ca_0302,6,,1,city_7d98a6ba90e46fecd5d24e80,4471601ba6ef92ccf5f9f4c83a1930062c1d381b1e6f39b93a482dfaaa4a52bf
210,city_ornament_9a34ea84_0160,14,,1,city_d581a7bf464166e5e79ff92d,44ab54984053a5e1318046464da43b316ce66efd8a34b953ba7d3c4dfe0a0978
210,city_trim_8e15b331_0266,1,,1,city_d581a7bf464166e5e79ff92d,44ab54984053a5e1318046464da43b316ce66efd8a34b953ba7d3c4dfe0a0978
211,city_column_db2a0dd4_0064,8,,1,city_446bbf46de572a7f04c1b223,45604162492cb9107e0900603ea8f6a7087d20a065f69dd796ff72126cefbf2d
211,city_ornament_9a34ea84_0101,12,,1,city_446bbf46de572a7f04c1b223,45604162492cb9107e0900603ea8f6a7087d20a065f69dd796ff72126cefbf2d
212,city_ornament_9a34ea84_0095,13,,1,city_2662322d1245e1ca31b83717,4601f8eaea332bd355dcbe0f6243b4620322ed1284052ed9bfaa64b10ffbcf21
212,city_window_b493fb56_0018,6,,1,city_2662322d1245e1ca31b83717,4601f8eaea332bd355dcbe0f6243b4620322ed1284052ed9bfaa64b10ffbcf21
213,city_masonry_49b8823b_0027,9,,1,city_57068fc7c53e8b4e5e684c6d,4623c45c666eccbdd9cbc9935214ff1912e1295054ebea43f447699452a54138
213,city_ornament_29298bdb_0030,13,,1,city_57068fc7c53e8b4e5e684c6d,4623c45c666eccbdd9cbc9935214ff1912e1295054ebea43f447699452a54138
214,city_column_db2a0dd4_0240,12,,1,city_7c81b154de09fee650947638,4634107a9d10dc92df696e4892eb4cde75179c2dbc65821def9202f96a505a03
214,city_ornament_9a34ea84_0252,3,,1,city_7c81b154de09fee650947638,4634107a9d10dc92df696e4892eb4cde75179c2dbc65821def9202f96a505a03
215,city_ornament_9a34ea84_0088,3,,1,city_325a3a4cc671ca07cfaee18d,469063b9b52de82fcd1410867b25dd9b1b974e814bb7214f1297a3710cdda537
215,city_trim_8e15b331_0046,2,,1,city_325a3a4cc671ca07cfaee18d,469063b9b52de82fcd1410867b25dd9b1b974e814bb7214f1297a3710cdda537
216,city_ornament_9a34ea84_0167,13,,1,city_779b6e09aba2965b8f1fde56,4810dffa8cb3cda63916b888a68ac44a014fbd1889a543329ee42f8419c3da58
216,city_window_b493fb56_0039,12,,1,city_779b6e09aba2965b8f1fde56,4810dffa8cb3cda63916b888a68ac44a014fbd1889a543329ee42f8419c3da58
217,city_ornament_29298bdb_0043,7,,1,city_9b04c2c6a5417ac6dd6b39df,48497a1d459f1afd9d8ed064d8beac0dc8c44a1e46b43fbea9ccf40d0d1b30b3
217,city_trim_caf156ca_0110,3,,1,city_9b04c2c6a5417ac6dd6b39df,48497a1d459f1afd9d8ed064d8beac0dc8c44a1e46b43fbea9ccf40d0d1b30b3
218,city_ornament_29298bdb_0047,6,,1,city_0bfaba249cc72a3897f45a9f,487a4cd4155c7f6bc2ed6dcce038b9ad05bf1fd912b64c2f7462b0d0a34b5883
218,city_trim_caf156ca_0283,0,,1,city_0bfaba249cc72a3897f45a9f,487a4cd4155c7f6bc2ed6dcce038b9ad05bf1fd912b64c2f7462b0d0a34b5883
219,city_masonry_485969a9_0149,14,,1,city_de1552025ccdc46174628853,48c7f9792465ef746bfb6198b609b59ebbec93ca378289a179f0997d37985459
219,city_ornament_9a34ea84_0184,14,,1,city_de1552025ccdc46174628853,48c7f9792465ef746bfb6198b609b59ebbec93ca378289a179f0997d37985459
220,city_masonry_485969a9_0078,12,,1,city_f9d45ad20aa8ee55092d6e20,4909398e5987eb56e415843f62e7b1d38537ded939c0e0c9ca7735cde8d217c6
220,city_masonry_485969a9_0135,11,,1,city_f9d45ad20aa8ee55092d6e20,4909398e5987eb56e415843f62e7b1d38537ded939c0e0c9ca7735cde8d217c6
221,city_column_bc0c7c3a_0055,12,,1,city_ceaf31d9015a062aca2bf36e,4980ac9b7dbbe1c6a06f52b515e0aa7c6796bce5ae00a845d50f1d3000c1757c
221,city_ornament_29298bdb_0009,3,,1,city_ceaf31d9015a062aca2bf36e,4980ac9b7dbbe1c6a06f52b515e0aa7c6796bce5ae00a845d50f1d3000c1757c
222,city_masonry_485969a9_0122,5,,1,city_75161a5aa11b2917c0506291,4a6eb94a1df207caed35425384f55b94bd63f40a31d1525b4fe692e92affaddd
222,city_ornament_9a34ea84_0122,5,,1,city_75161a5aa11b2917c0506291,4a6eb94a1df207caed35425384f55b94bd63f40a31d1525b4fe692e92affaddd
223,city_ornament_9a34ea84_0262,10,,1,city_187ae65210ed8e7a4da60a41,4a9d9ae379ac3b1c71abfe8f9f439e5faab38868b5e42416cc7d2c8468bd79e3
223,city_trim_8e15b331_0193,9,,1,city_187ae65210ed8e7a4da60a41,4a9d9ae379ac3b1c71abfe8f9f439e5faab38868b5e42416cc7d2c8468bd79e3
224,city_ornament_9a34ea84_0228,14,,1,city_38eceb1ca80d60b1bd5defaf,4ae7d5ebf3d0062d5d443ee07888d8da7a6028218d521fe29277e0279e5c55c3
224,city_trim_8e15b331_0104,1,,1,city_38eceb1ca80d60b1bd5defaf,4ae7d5ebf3d0062d5d443ee07888d8da7a6028218d521fe29277e0279e5c55c3
225,city_ornament_9a34ea84_0227,13,,1,city_18d3cf2abd3bb4f35b09e7dd,4b812876a85735198d95a9b794c4b3a7832c0871284bcbf398c9de73299e7feb
225,city_window_b493fb56_0050,2,,1,city_18d3cf2abd3bb4f35b09e7dd,4b812876a85735198d95a9b794c4b3a7832c0871284bcbf398c9de73299e7feb
226,city_ornament_29298bdb_0023,12,,1,city_9dcdf0db964350a07897e043,4b8680e7b5e1082e0febaecb80f0af332234612267753e50e37bda571f9186eb
226,city_trim_caf156ca_0184,14,,1,city_9dcdf0db964350a07897e043,4b8680e7b5e1082e0febaecb80f0af332234612267753e50e37bda571f9186eb
227,city_fence_1de007a5_0054,8,,1,city_f8e98c8aa56e7dac2174ff98,4bc86e59d0ff1a0e9244450321f6bf4edd08c0ad2f45ee4c8faf789659398302
227,city_ornament_9a34ea84_0109,14,,1,city_f8e98c8aa56e7dac2174ff98,4bc86e59d0ff1a0e9244450321f6bf4edd08c0ad2f45ee4c8faf789659398302
228,city_masonry_49b8823b_0069,2,,1,city_9ebb9c4f71c4c2ce2777e9f0,4be814e10f00950be967b4a2e54cbb5e8a7e9b02a1c12b61da04ad8b167350ba
228,city_ornament_29298bdb_0008,14,,1,city_9ebb9c4f71c4c2ce2777e9f0,4be814e10f00950be967b4a2e54cbb5e8a7e9b02a1c12b61da04ad8b167350ba
229,city_bush_12f91e59_0028,13,,1,city_377b44b41dfdb95ddf8c03f9,4c3d9776951f54f7732b380169240c6e1782ab44aac246f4c7106caf9d2e61da
229,city_ornament_9a34ea84_0217,6,,1,city_377b44b41dfdb95ddf8c03f9,4c3d9776951f54f7732b380169240c6e1782ab44aac246f4c7106caf9d2e61da
230,city_masonry_49b8823b_0104,7,,1,city_c3b27d26d8bd3a2b7683d67f,4c481a8564fe368dd3b0f86fa52184f4ebb226abcb9c070faea9ee054d029135
230,city_ornament_29298bdb_0026,8,,1,city_c3b27d26d8bd3a2b7683d67f,4c481a8564fe368dd3b0f86fa52184f4ebb226abcb9c070faea9ee054d029135
231,city_column_bc0c7c3a_0339,12,,1,city_cedd02d153d81b3bb4bcd430,4c50a5faa2cca8f4f27388a9c5ff83cbcd013cbf6c59116840f9d3d53c21f020
231,city_ornament_29298bdb_0005,9,,1,city_cedd02d153d81b3bb4bcd430,4c50a5faa2cca8f4f27388a9c5ff83cbcd013cbf6c59116840f9d3d53c21f020
232,city_fence_1de007a5_0071,4,,1,city_aa44267b2d8b9b2b8f7a3b6f,4d0cd23e9f364e8b1cad8cd670c302fd1a40d17fa47bc1a4dda046c1fe83c9d5
232,city_ornament_9a34ea84_0181,11,,1,city_aa44267b2d8b9b2b8f7a3b6f,4d0cd23e9f364e8b1cad8cd670c302fd1a40d17fa47bc1a4dda046c1fe83c9d5
233,city_masonry_49b8823b_0041,0,,1,city_ae8a30b2cb6957f6b8ebab6a,4d3c7046fc8633323c435530b131d6e6ff47334c69abed1c244973c9eb1d1ce8
233,city_ornament_29298bdb_0008,8,,1,city_ae8a30b2cb6957f6b8ebab6a,4d3c7046fc8633323c435530b131d6e6ff47334c69abed1c244973c9eb1d1ce8
234,city_ornament_9a34ea84_0182,0,,1,city_d6d73184b375746ce9eb9563,4d406c12c3b9c400ea26d499d3b24647f5413ce500cfc23f26edc524407e1aad
234,city_window_b493fb56_0034,11,,1,city_d6d73184b375746ce9eb9563,4d406c12c3b9c400ea26d499d3b24647f5413ce500cfc23f26edc524407e1aad
235,city_ornament_29298bdb_0059,12,,1,city_ef93150a8698368b7d3b9137,4dd7bb55c95310eb8c4d8067662578eb24a87055675143f172d62bc167268c8f
235,city_trim_caf156ca_0042,8,,1,city_ef93150a8698368b7d3b9137,4dd7bb55c95310eb8c4d8067662578eb24a87055675143f172d62bc167268c8f
236,city_ornament_9a34ea84_0084,6,,1,city_f73bc574feba4e6bb7fdf5d5,4e21d753f00d6394dc5b0caa8fbd9a2eee7f64558b974054701dfa23093fac3a
236,city_trim_8e15b331_0067,12,,1,city_f73bc574feba4e6bb7fdf5d5,4e21d753f00d6394dc5b0caa8fbd9a2eee7f64558b974054701dfa23093fac3a
237,city_ornament_9a34ea84_0013,14,,1,city_e9fe9c1b0e1b249fd1e16489,4e846aeed7d3a31d201245ab06db3e55e5004559037d7b378d8994300e6fa0a9
237,city_trim_8e15b331_0065,9,,1,city_e9fe9c1b0e1b249fd1e16489,4e846aeed7d3a31d201245ab06db3e55e5004559037d7b378d8994300e6fa0a9
238,city_fence_1de007a5_0050,10,,1,city_4c12066b12c3b0203b1d8833,4ec96086be1c4412e5e5ae2f8378ef6867f0afa8b1914df1040fed7663ad62f0
238,city_ornament_9a34ea84_0182,5,,1,city_4c12066b12c3b0203b1d8833,4ec96086be1c4412e5e5ae2f8378ef6867f0afa8b1914df1040fed7663ad62f0
239,city_fence_1de007a5_0090,1,,1,city_554390ef4c8fb6f669ddc30a,4ed8cc4b7f8fb6a09ae18608f2e79ec18dc9278cfa0715fcc4ae089acddd7e53
239,city_ornament_9a34ea84_0181,9,,1,city_554390ef4c8fb6f669ddc30a,4ed8cc4b7f8fb6a09ae18608f2e79ec18dc9278cfa0715fcc4ae089acddd7e53
240,city_ornament_29298bdb_0002,12,,1,city_74d84b20c78c99f95570fbc9,4f60286cb3a7be47e6faecf17915b175bac8920488fbc77502e933af1b74461d
240,city_trim_caf156ca_0183,0,,1,city_74d84b20c78c99f95570fbc9,4f60286cb3a7be47e6faecf17915b175bac8920488fbc77502e933af1b74461d
241,city_masonry_485969a9_0091,0,,1,city_62b8c76b41242f69d8ea3d5a,4f7e1b241e7fa3d9c71374fcc7253c752f9e3e115b0d5e7e63db315b18fd94cf
241,city_ornament_9a34ea84_0114,4,,1,city_62b8c76b41242f69d8ea3d5a,4f7e1b241e7fa3d9c71374fcc7253c752f9e3e115b0d5e7e63db315b18fd94cf
242,city_masonry_485969a9_0092,2,,1,city_76149911c39638c5787342d2,4fab292dba22fb9bb5a8ae44e8a615411c6d9189e2b981c5a8052f5a9022c932
242,city_ornament_9a34ea84_0165,5,,1,city_76149911c39638c5787342d2,4fab292dba22fb9bb5a8ae44e8a615411c6d9189e2b981c5a8052f5a9022c932
243,city_fence_1de007a5_0033,14,,1,city_e5878c6e56b5d5b372bf71c9,4fc998b397dcf7c47a0eb01fe6267d8b1cf6dd93bfa3807c032d5698bb8d5e79
243,city_ornament_9a34ea84_0243,10,,1,city_e5878c6e56b5d5b372bf71c9,4fc998b397dcf7c47a0eb01fe6267d8b1cf6dd93bfa3807c032d5698bb8d5e79
244,city_fence_1de007a5_0049,6,,1,city_6b7bb4fe04db974667c1803e,501c86e457321603b4ab38f468e8022e7bc15b810fb302526d8c1be2f81b42b2
244,city_ornament_9a34ea84_0086,5,,1,city_6b7bb4fe04db974667c1803e,501c86e457321603b4ab38f468e8022e7bc15b810fb302526d8c1be2f81b42b2
245,city_column_bc0c7c3a_0181,7,,1,city_dab1f27f3fd9bf86c546f9a4,50447f5ab786b08287cb8ef432ead3bb59cd5f51a36d7f39dc27f9c613ac1856
245,city_ornament_29298bdb_0052,15,,1,city_dab1f27f3fd9bf86c546f9a4,50447f5ab786b08287cb8ef432ead3bb59cd5f51a36d7f39dc27f9c613ac1856
246,city_masonry_49b8823b_0058,5,,1,city_0841b33cd10d407825312194,506cdbe934179654fb3f954a7688830092e9fa93b026a394d510d62302e0c2a9
246,city_ornament_29298bdb_0005,14,,1,city_0841b33cd10d407825312194,506cdbe934179654fb3f954a7688830092e9fa93b026a394d510d62302e0c2a9
247,city_masonry_49b8823b_0129,4,,1,city_59c477907accbf0e69029924,5081dc9be111cc978929a674bfc3d91652214f3a29987a633c61f531537cec22
247,city_ornament_29298bdb_0010,8,,1,city_59c477907accbf0e69029924,5081dc9be111cc978929a674bfc3d91652214f3a29987a633c61f531537cec22
248,city_fence_1de007a5_0047,11,,1,city_912e53808919d58faa62f212,5092ece24d86ea6198507bdec539c057901dfa70a2fe0d858fa0d1794e0673c2
248,city_ornament_9a34ea84_0252,9,,1,city_912e53808919d58faa62f212,5092ece24d86ea6198507bdec539c057901dfa70a2fe0d858fa0d1794e0673c2
249,city_ornament_9a34ea84_0210,15,,1,city_1332495abf1074b38490c2c8,50a452936b8a20eea48142aa9cac8ecef39616624127290b73d6706011b3b195
249,city_trim_8e15b331_0176,8,,1,city_1332495abf1074b38490c2c8,50a452936b8a20eea48142aa9cac8ecef39616624127290b73d6706011b3b195
250,city_ornament_9a34ea84_0238,12,,1,city_8194677544e38ff86a1f3ae6,50ef5537c0ee7fdbbd5c07be8e952037d8aff8679f1c0f65645fac510b7f41c0
250,city_roof_88d000d6_0008,6,,1,city_8194677544e38ff86a1f3ae6,50ef5537c0ee7fdbbd5c07be8e952037d8aff8679f1c0f65645fac510b7f41c0
251,city_fence_1de007a5_0045,2,,1,city_76e492264e7eb3ae3a0b0b3d,511410a7dfc54b520064052bc3b6c8be4949d812ad47c3dc0ff59ef0756284c1
251,city_ornament_9a34ea84_0264,6,,1,city_76e492264e7eb3ae3a0b0b3d,511410a7dfc54b520064052bc3b6c8be4949d812ad47c3dc0ff59ef0756284c1
252,city_ornament_9a34ea84_0190,14,,1,city_89673ed000e7f4982c980023,51c6a6996720c1f50b04fa1d8ad4a8cf285475dc51c8a2268f977cf48c05ac01
252,city_trim_8e15b331_0318,13,,1,city_89673ed000e7f4982c980023,51c6a6996720c1f50b04fa1d8ad4a8cf285475dc51c8a2268f977cf48c05ac01
253,city_column_db2a0dd4_0265,11,,1,city_0a34ed183a47465cf125a042,51dda4d9d884e1d03d57dfa1dfce9108383ac4690c7dc615baa9d171a3a657e5
253,city_ornament_9a34ea84_0270,14,,1,city_0a34ed183a47465cf125a042,51dda4d9d884e1d03d57dfa1dfce9108383ac4690c7dc615baa9d171a3a657e5
254,city_column_bc0c7c3a_0292,14,,1,city_9df13a2aa28157fdb408a142,51f8e0ede163530cb0c9a2b8fe62e924cf1fb9e02933bbc4ad5948ec1620494a
254,city_ornament_29298bdb_0047,15,,1,city_9df13a2aa28157fdb408a142,51f8e0ede163530cb0c9a2b8fe62e924cf1fb9e02933bbc4ad5948ec1620494a
255,city_ornament_29298bdb_0047,8,,1,city_0691a814c10ec425f7d2b69f,529adbe99f58d4e1164cbeea233af81d6e5909b6d967e7ccd085ca2f57014264
255,city_trim_caf156ca_0366,2,,1,city_0691a814c10ec425f7d2b69f,529adbe99f58d4e1164cbeea233af81d6e5909b6d967e7ccd085ca2f57014264
256,city_ornament_9a34ea84_0080,9,,1,city_91219f2a2d21bab4b0d500ef,5304e868a2cac92ed1a727663444e1bd563f8ac1f17d7fe1bc85b69605fafad3
256,city_stairs_4f20754c_0056,4,,1,city_91219f2a2d21bab4b0d500ef,5304e868a2cac92ed1a727663444e1bd563f8ac1f17d7fe1bc85b69605fafad3
257,city_ornament_29298bdb_0052,2,,1,city_2a7babce3e01967f0926d766,542777366619d0b1a0add7603ff7d0819f68c360350f7d7b7f0708a30a5be947
257,city_roof_56d52e37_0000,1,,1,city_2a7babce3e01967f0926d766,542777366619d0b1a0add7603ff7d0819f68c360350f7d7b7f0708a30a5be947
258,city_fence_1de007a5_0056,9,,1,city_af5d092ce6652126a8a099e3,55267fd9cc26965b137f9034868c3754f56c441b223248245eb6a23aba2cf1ff
258,city_ornament_9a34ea84_0051,2,,1,city_af5d092ce6652126a8a099e3,55267fd9cc26965b137f9034868c3754f56c441b223248245eb6a23aba2cf1ff
259,city_column_bc0c7c3a_0020,6,,1,city_6f14b092979986ee0086ef83,55e6db00778953a163b8f7743d11bd6d32599ce3ed5d48e4128b160ec12806c3
259,city_ornament_29298bdb_0042,12,,1,city_6f14b092979986ee0086ef83,55e6db00778953a163b8f7743d11bd6d32599ce3ed5d48e4128b160ec12806c3
260,city_column_bc0c7c3a_0066,11,,1,city_ce03ddb32de80a58b538fb73,571ec5185738c92311b3822033d88a070445185d7c13b5b1fbed72a96e3b4035
260,city_ornament_29298bdb_0010,13,,1,city_ce03ddb32de80a58b538fb73,571ec5185738c92311b3822033d88a070445185d7c13b5b1fbed72a96e3b4035
261,city_ornament_9a34ea84_0118,4,,1,city_11af1cc150f4e3c31fb8149e,572088691b0b35fa3ac1d46f1fa3bcf8ebcc0f2600b97c6a6a950d4a2db90692
261,city_stairs_4f20754c_0016,13,,1,city_11af1cc150f4e3c31fb8149e,572088691b0b35fa3ac1d46f1fa3bcf8ebcc0f2600b97c6a6a950d4a2db90692
262,city_ornament_9a34ea84_0242,11,,1,city_8d7c177892efc3b732a75863,574a4b7c0759371601809df1c8e9c9be6e9e76822dbecbb3ec237eaec65f25d8
262,city_roof_88d000d6_0015,4,,1,city_8d7c177892efc3b732a75863,574a4b7c0759371601809df1c8e9c9be6e9e76822dbecbb3ec237eaec65f25d8
263,city_ornament_9a34ea84_0013,15,,1,city_b74309982fcf71e0a6e33617,5785e9f4bfc7971ebfc9f7f46f0c572cf73b84e451714d905b2d8c0c8275106a
263,city_trim_8e15b331_0065,8,,1,city_b74309982fcf71e0a6e33617,5785e9f4bfc7971ebfc9f7f46f0c572cf73b84e451714d905b2d8c0c8275106a
264,city_ornament_29298bdb_0018,4,,1,city_afdbe89a8b00a051c0bbc0a4,57be1ec20566630b8e96f419ed8c3b6df864c413ca338edfd28a51b93f77a809
264,city_trim_caf156ca_0098,2,,1,city_afdbe89a8b00a051c0bbc0a4,57be1ec20566630b8e96f419ed8c3b6df864c413ca338edfd28a51b93f77a809
265,city_ornament_9a34ea84_0114,11,,1,city_d4519cc29f2c3e75d91445fb,57f95148abd98ab5828a78b425670f10c2fbf0256cd7e094fe17c521a6df07f0
265,city_roof_88d000d6_0049,9,,1,city_d4519cc29f2c3e75d91445fb,57f95148abd98ab5828a78b425670f10c2fbf0256cd7e094fe17c521a6df07f0
266,city_column_bc0c7c3a_0366,14,,1,city_ade15168738c4da59040f011,57fc2e4a4e533baefa35f4a811a11d0d3e9f53112b03a1754628310e343eae87
266,city_ornament_29298bdb_0006,8,,1,city_ade15168738c4da59040f011,57fc2e4a4e533baefa35f4a811a11d0d3e9f53112b03a1754628310e343eae87
267,city_bush_12f91e59_0029,8,,1,city_a608c9281d78e9587ff1df09,58093196bd8b364a29e7fb5ba7a430cc2e499788e1ff3755351dddb3f8b4643c
267,city_ornament_9a34ea84_0074,9,,1,city_a608c9281d78e9587ff1df09,58093196bd8b364a29e7fb5ba7a430cc2e499788e1ff3755351dddb3f8b4643c
268,city_masonry_485969a9_0200,8,,1,city_09be4ffc6d02d8c152df0ff2,58130e06b9c39ce1d43772cb2c16a89fb788f7a68136b99c39cc7db6ec94517f
268,city_ornament_9a34ea84_0063,6,,1,city_09be4ffc6d02d8c152df0ff2,58130e06b9c39ce1d43772cb2c16a89fb788f7a68136b99c39cc7db6ec94517f
269,city_ornament_29298bdb_0025,8,,1,city_8ca3c58f04f8877397366910,5840c1dc54b69931ea976595e49298a9196a497680208aa51d16f1812660ab95
269,city_trim_caf156ca_0286,9,,1,city_8ca3c58f04f8877397366910,5840c1dc54b69931ea976595e49298a9196a497680208aa51d16f1812660ab95
270,city_ornament_9a34ea84_0261,5,,1,city_717552192e0f214666f7ae63,58eac47c6470dfbe4694959709a05eb86c76493ff8e178a2c05b21950a490cc1
270,city_trim_8e15b331_0041,5,,1,city_717552192e0f214666f7ae63,58eac47c6470dfbe4694959709a05eb86c76493ff8e178a2c05b21950a490cc1
271,city_ornament_29298bdb_0027,0,,1,city_db10c6e9c5f9e41ddcc4f315,5a43a8cd047c74d34fa82a26a570fa602a3bde961533f450a24185e2361535be
271,city_trim_caf156ca_0032,0,,1,city_db10c6e9c5f9e41ddcc4f315,5a43a8cd047c74d34fa82a26a570fa602a3bde961533f450a24185e2361535be
272,city_fence_1de007a5_0031,0,,1,city_2efc1f15b3cf3b3e272368b1,5a7b1feb51ca3acaf5fe70405023f81299c13de743df09cd529de22ededec021
272,city_ornament_9a34ea84_0079,10,,1,city_2efc1f15b3cf3b3e272368b1,5a7b1feb51ca3acaf5fe70405023f81299c13de743df09cd529de22ededec021
273,city_ornament_9a34ea84_0187,0,,1,city_396fd377e2b2d8f1672f8856,5a97445d5db900179fcc22399d3e9dbc782f23dea9590558cc367b1561568782
273,city_window_b493fb56_0029,6,,1,city_396fd377e2b2d8f1672f8856,5a97445d5db900179fcc22399d3e9dbc782f23dea9590558cc367b1561568782
274,city_ornament_29298bdb_0032,6,,1,city_a9382a29ce795c6f85d8a974,5b775ec534eafe90fa42ddf310cde48d0a2b796a29f085cb5a7400c0d266093d
274,city_trim_caf156ca_0004,7,,1,city_a9382a29ce795c6f85d8a974,5b775ec534eafe90fa42ddf310cde48d0a2b796a29f085cb5a7400c0d266093d
275,city_column_db2a0dd4_0171,6,,1,city_9c15dced20fdd981c7b9ac60,5b8d2ac5c39972efb89da74014acb29c984cdd91bce7db3f05da8a50d339cbda
275,city_ornament_9a34ea84_0175,14,,1,city_9c15dced20fdd981c7b9ac60,5b8d2ac5c39972efb89da74014acb29c984cdd91bce7db3f05da8a50d339cbda
276,city_ornament_9a34ea84_0052,15,,1,city_d4303d347e9f9dc7e91df1b2,5bcd996f2019ad4debe8be03b2121e54c77443e0591e8960b5be72a452d63d26
276,city_ornament_9a34ea84_0134,3,,1,city_d4303d347e9f9dc7e91df1b2,5bcd996f2019ad4debe8be03b2121e54c77443e0591e8960b5be72a452d63d26
277,city_ornament_9a34ea84_0207,9,,1,city_ed011f23557c0a28ced1d326,5d0581df52ecc6540e1daecca25888954631c2f47abd6c498a8fd8525d7f7119
277,city_roof_88d000d6_0039,5,,1,city_ed011f23557c0a28ced1d326,5d0581df52ecc6540e1daecca25888954631c2f47abd6c498a8fd8525d7f7119
278,city_masonry_49b8823b_0053,6,,1,city_8091c898b2702cbe66f7b717,5d78dd1c490b018f57216384bb211269698648113aefa57dfc9bfdf6c3e96945
278,city_ornament_29298bdb_0031,12,,1,city_8091c898b2702cbe66f7b717,5d78dd1c490b018f57216384bb211269698648113aefa57dfc9bfdf6c3e96945
279,city_column_bc0c7c3a_0213,0,,1,city_bb431bae5ce2d3a688fe9f1b,5dd1cd92af9b238f2e0d89f685511741e94030386db7ba82435364696c99c084
279,city_ornament_29298bdb_0048,7,,1,city_bb431bae5ce2d3a688fe9f1b,5dd1cd92af9b238f2e0d89f685511741e94030386db7ba82435364696c99c084
280,city_column_bc0c7c3a_0073,6,,1,city_4cf9d7a193adb1926b1631e2,5e3f138f2be0a09f6af7f87fd41ec34aa64f2ff3e582e378a03a042740051eca
280,city_ornament_29298bdb_0003,13,,1,city_4cf9d7a193adb1926b1631e2,5e3f138f2be0a09f6af7f87fd41ec34aa64f2ff3e582e378a03a042740051eca
281,city_ornament_9a34ea84_0009,8,,1,city_0dd984e2aa536ecbc2e18659,5e4512184bb4711c1a34c11db16a86575195623e8878abfa28f619c54e863693
281,city_roof_88d000d6_0018,2,,1,city_0dd984e2aa536ecbc2e18659,5e4512184bb4711c1a34c11db16a86575195623e8878abfa28f619c54e863693
282,city_ornament_9a34ea84_0159,13,,1,city_e207dba8e39599802b02dee5,5ed39862a0201e8c3612a4608cafdc8c89e1aca848f60aef78c681ed5d2a6aed
282,city_trim_8e15b331_0324,12,,1,city_e207dba8e39599802b02dee5,5ed39862a0201e8c3612a4608cafdc8c89e1aca848f60aef78c681ed5d2a6aed
283,city_ornament_9a34ea84_0210,11,,1,city_2719e247cd0bf8c14861c0dd,5f3a5963d042f20117b263a1f7e9ac466e7c2c17814ce45ebbbd58bdc72a4521
283,city_stairs_4f20754c_0045,1,,1,city_2719e247cd0bf8c14861c0dd,5f3a5963d042f20117b263a1f7e9ac466e7c2c17814ce45ebbbd58bdc72a4521
284,city_fence_1de007a5_0076,12,,1,city_0bd58325fc218342962f9ea3,5f8819c34f4fb40ea26b7f7adc61b69d2afb77d70b64ed0e9551f2e2c49e3255
284,city_ornament_9a34ea84_0232,3,,1,city_0bd58325fc218342962f9ea3,5f8819c34f4fb40ea26b7f7adc61b69d2afb77d70b64ed0e9551f2e2c49e3255
285,city_ornament_9a34ea84_0017,3,,1,city_786cbddd7008efd7a1cd90f5,5ff59352a23bb4c4514e1536f05da8d8bbeecd1831bdcdc24706184d93e9b124
285,city_window_b493fb56_0036,8,,1,city_786cbddd7008efd7a1cd90f5,5ff59352a23bb4c4514e1536f05da8d8bbeecd1831bdcdc24706184d93e9b124
286,city_ornament_29298bdb_0024,7,,1,city_f13d83021a24827ed7de9f0e,601b41f82bf7a8c19ef3e90ae54d3cf891fd8b23c1e97bc19d0b08cd26caac33
286,city_trim_caf156ca_0344,9,,1,city_f13d83021a24827ed7de9f0e,601b41f82bf7a8c19ef3e90ae54d3cf891fd8b23c1e97bc19d0b08cd26caac33
287,city_ornament_9a34ea84_0252,15,,1,city_0bd784fcf35a1e170b563fd6,60705946af70b72bf82b31118dd8d32bfd2e1263de0c7ba97243a33194ef513c
287,city_roof_88d000d6_0033,15,,1,city_0bd784fcf35a1e170b563fd6,60705946af70b72bf82b31118dd8d32bfd2e1263de0c7ba97243a33194ef513c
288,city_fence_1de007a5_0004,5,,1,city_1becc45532c2a21f591dc4fe,608101135ca9dc6715440fcf3ea8088f857856b797a0fe0280b486868ccfa349
288,city_ornament_9a34ea84_0165,4,,1,city_1becc45532c2a21f591dc4fe,608101135ca9dc6715440fcf3ea8088f857856b797a0fe0280b486868ccfa349
289,city_fence_1de007a5_0002,10,,1,city_9c2cddddfa5ec9b051ec264f,6100bd9c86845e5631b2deadd49271beca2d6ffec89f452a930b3f8516c93c79
289,city_ornament_9a34ea84_0151,11,,1,city_9c2cddddfa5ec9b051ec264f,6100bd9c86845e5631b2deadd49271beca2d6ffec89f452a930b3f8516c93c79
290,city_ornament_9a34ea84_0152,3,,1,city_f9fc5e264eb8ecc2e697b65f,610db250ec7752110581f5a0d4c7a37823692ca9104d055233b194b09e9e45e6
290,city_statue_b2415fc8_0003,14,,1,city_f9fc5e264eb8ecc2e697b65f,610db250ec7752110581f5a0d4c7a37823692ca9104d055233b194b09e9e45e6
291,city_ornament_9a34ea84_0248,0,,1,city_662278623f0bfde40bf125df,621441c5ce4f9b7b8a3074600ec32483d55b9a1b55351a42d7ce276b5f821b12
291,city_window_b493fb56_0030,13,,1,city_662278623f0bfde40bf125df,621441c5ce4f9b7b8a3074600ec32483d55b9a1b55351a42d7ce276b5f821b12
292,city_ornament_9a34ea84_0230,10,,1,city_62f4913bd07dacf992641984,627839d3c0299e6604935858207d8c1ca4bcc8898c0d56ee7d6dc0330f949973
292,city_window_b493fb56_0024,15,,1,city_62f4913bd07dacf992641984,627839d3c0299e6604935858207d8c1ca4bcc8898c0d56ee7d6dc0330f949973
293,city_ornament_9a34ea84_0027,3,,1,city_5281fee301d39db91d3f03b4,62c749b550ef9993066365b42acbaabe1b0c3d51e88e36762085ae75a550b31f
293,city_trim_8e15b331_0108,6,,1,city_5281fee301d39db91d3f03b4,62c749b550ef9993066365b42acbaabe1b0c3d51e88e36762085ae75a550b31f
294,city_ornament_9a34ea84_0143,5,,1,city_8df68186bb8d83dfd10c899d,63625129725910cb4304a071f7e7f5e105783ea9a2aef0faf9c2d36abc6be3b4
294,city_roof_88d000d6_0029,13,,1,city_8df68186bb8d83dfd10c899d,63625129725910cb4304a071f7e7f5e105783ea9a2aef0faf9c2d36abc6be3b4
295,city_column_bc0c7c3a_0065,7,,1,city_a0d7d250996a1061511b4cbf,6370ebed5cce9120eaa6cce425aa3024b5c78fc0786e6d47e4337c5b1283a199
295,city_ornament_29298bdb_0016,4,,1,city_a0d7d250996a1061511b4cbf,6370ebed5cce9120eaa6cce425aa3024b5c78fc0786e6d47e4337c5b1283a199
296,city_masonry_49b8823b_0092,13,,1,city_aa104ab9336ed5d02abd01e2,63a01cc60ed6f75fa55e5e2f204bfdc44001d6810292184b3e5c6eab55a9ab98
296,city_ornament_29298bdb_0044,11,,1,city_aa104ab9336ed5d02abd01e2,63a01cc60ed6f75fa55e5e2f204bfdc44001d6810292184b3e5c6eab55a9ab98
297,city_fence_1de007a5_0070,4,,1,city_763f50a4d2a04e485f585499,63f6f3d89de64c09cdedf8a1f049efb7eafbde08a6b3c6a864c1b6c774d24b0f
297,city_ornament_9a34ea84_0062,7,,1,city_763f50a4d2a04e485f585499,63f6f3d89de64c09cdedf8a1f049efb7eafbde08a6b3c6a864c1b6c774d24b0f
298,city_ornament_29298bdb_0016,14,,1,city_b37eb5799f01f76e4d832229,65708f9248fce1e82d417ec5ff7e0dacccb309447e8146c857769a307bb0974c
298,city_trim_caf156ca_0099,5,,1,city_b37eb5799f01f76e4d832229,65708f9248fce1e82d417ec5ff7e0dacccb309447e8146c857769a307bb0974c
299,city_ornament_29298bdb_0040,14,,1,city_002ebba98bca80b532e0ac89,65aeb75ee0c0f9fa629f4b671d072b6bacebf1c526931fe62b9534923bc2bd9b
299,city_trim_caf156ca_0191,0,,1,city_002ebba98bca80b532e0ac89,65aeb75ee0c0f9fa629f4b671d072b6bacebf1c526931fe62b9534923bc2bd9b
300,city_masonry_49b8823b_0004,8,,1,city_343b0501d8def0b734a78d87,65ffe0ecc66a0a39778da09e675e5be41d46bcb12aadbd6f55ea7f14bc5b91c8
300,city_ornament_29298bdb_0044,12,,1,city_343b0501d8def0b734a78d87,65ffe0ecc66a0a39778da09e675e5be41d46bcb12aadbd6f55ea7f14bc5b91c8
301,city_column_bc0c7c3a_0099,1,,1,city_91e299700a32a153ace61f0a,661c99979426fc4bc7ad7854f442976b2d631e76a615f504f3c656f63487d0a5
301,city_ornament_29298bdb_0057,7,,1,city_91e299700a32a153ace61f0a,661c99979426fc4bc7ad7854f442976b2d631e76a615f504f3c656f63487d0a5
302,city_ornament_29298bdb_0004,13,,1,city_59014cb8ade8c06a22f18beb,662f8ea163292bc2d70174f6b08da42d3b697e2c856dfb034415e533f6b398db
302,city_trim_caf156ca_0103,14,,1,city_59014cb8ade8c06a22f18beb,662f8ea163292bc2d70174f6b08da42d3b697e2c856dfb034415e533f6b398db
303,city_ornament_9a34ea84_0238,9,,1,city_08cb20130dc67ff75c248ea3,6630e6a5231fdba43ab1c2b10ffbc5ce9e95af82306831b5942152e317ca486c
303,city_trim_8e15b331_0063,8,,1,city_08cb20130dc67ff75c248ea3,6630e6a5231fdba43ab1c2b10ffbc5ce9e95af82306831b5942152e317ca486c
304,city_masonry_49b8823b_0039,9,,1,city_64d2b749085aaed1e54b8447,66647050fc79d38d81f2d1e9d7c1d04cfa7acbecabbabe074d5d5701912438bd
304,city_ornament_29298bdb_0032,10,,1,city_64d2b749085aaed1e54b8447,66647050fc79d38d81f2d1e9d7c1d04cfa7acbecabbabe074d5d5701912438bd
305,city_ornament_29298bdb_0028,12,,1,city_9583c66f479863551cf0ef62,66a3eb61f958d3e00058a85be9d03b6200e28e606d7458a34d79cd31d51d4e80
305,city_trim_caf156ca_0121,2,,1,city_9583c66f479863551cf0ef62,66a3eb61f958d3e00058a85be9d03b6200e28e606d7458a34d79cd31d51d4e80
306,city_column_db2a0dd4_0122,3,,1,city_4cf0786051fdc3e95c83932d,66e52caef4295d5664dd552bca713c95d41a96167c780e45f9ba26a62a8b7a60
306,city_ornament_9a34ea84_0188,10,,1,city_4cf0786051fdc3e95c83932d,66e52caef4295d5664dd552bca713c95d41a96167c780e45f9ba26a62a8b7a60
307,city_fence_1de007a5_0040,10,,1,city_e1600d1cb52f572f37f23f89,66ff7e29eae87d18cac853a549f645bb73213274658334af9bd1fd42b0ccb3f7
307,city_ornament_9a34ea84_0006,10,,1,city_e1600d1cb52f572f37f23f89,66ff7e29eae87d18cac853a549f645bb73213274658334af9bd1fd42b0ccb3f7
308,city_ornament_9a34ea84_0147,3,,1,city_7d24b8e2cd28485966e6313a,6702398098c5d2dcbf039e9cb7761d0713f8aea6cf70fc733392e51e4c2e0a6c
308,city_trim_8e15b331_0135,1,,1,city_7d24b8e2cd28485966e6313a,6702398098c5d2dcbf039e9cb7761d0713f8aea6cf70fc733392e51e4c2e0a6c
309,city_ornament_9a34ea84_0042,5,,1,city_6089788b57e045ace29f3ec5,670694f2a539096924001f23cf2d7e2b41678412cf4ccf11adeca5ce1c84eb37
309,city_trim_8e15b331_0012,8,,1,city_6089788b57e045ace29f3ec5,670694f2a539096924001f23cf2d7e2b41678412cf4ccf11adeca5ce1c84eb37
310,city_ornament_29298bdb_0029,13,,1,city_6163fd6777df68ed7a5fa37c,674fecb12db937828c2831d13e7b5b1f1edcc3b6cffa69ffeb65206d878b4be7
310,city_trim_caf156ca_0139,13,,1,city_6163fd6777df68ed7a5fa37c,674fecb12db937828c2831d13e7b5b1f1edcc3b6cffa69ffeb65206d878b4be7
311,city_ornament_9a34ea84_0084,7,,1,city_b8af6c102afa7772997223cf,67a435cffd5d4ab23c8ffebac1096d4d30f08961715c29c2f76a46a61640ec0d
311,city_trim_8e15b331_0098,3,,1,city_b8af6c102afa7772997223cf,67a435cffd5d4ab23c8ffebac1096d4d30f08961715c29c2f76a46a61640ec0d
312,city_ornament_29298bdb_0015,11,,1,city_5fb2faba2cf46a6cd9d7678e,67d0f2ed639f32358062f8957cde80a0dacbcbf72a980def8ac0c493cf4d5ef5
312,city_trim_caf156ca_0295,9,,1,city_5fb2faba2cf46a6cd9d7678e,67d0f2ed639f32358062f8957cde80a0dacbcbf72a980def8ac0c493cf4d5ef5
313,city_masonry_485969a9_0111,4,,1,city_c44a3849f5bcc3b638af3028,67f8f01fbbe737c80d862657ffaecd48c8cec99e2245e2ab347bfc5883ced572
313,city_ornament_9a34ea84_0136,5,,1,city_c44a3849f5bcc3b638af3028,67f8f01fbbe737c80d862657ffaecd48c8cec99e2245e2ab347bfc5883ced572
314,city_ornament_29298bdb_0026,11,,1,city_70cd554b6812f9ad3901b12f,6800c54e57756df7de61d565f473a45dedbc40c695de3a2766f191dd2dba8a64
314,city_trim_caf156ca_0085,0,,1,city_70cd554b6812f9ad3901b12f,6800c54e57756df7de61d565f473a45dedbc40c695de3a2766f191dd2dba8a64
315,city_ornament_9a34ea84_0139,14,,1,city_29aacc2fec3d227807138a49,68b5931914a8eccc84ec2e09036f462715a9f0931e2fae2e5b96f0031414b3f9
315,city_window_b493fb56_0047,2,,1,city_29aacc2fec3d227807138a49,68b5931914a8eccc84ec2e09036f462715a9f0931e2fae2e5b96f0031414b3f9
316,city_ornament_9a34ea84_0013,6,,1,city_904ba4c6995ee52178dd775b,68ea04750f69bbeec50e5eddcf0e7e041fae1e539e18cab583b7aac0b71942b7
316,city_stairs_4f20754c_0032,14,,1,city_904ba4c6995ee52178dd775b,68ea04750f69bbeec50e5eddcf0e7e041fae1e539e18cab583b7aac0b71942b7
317,city_ornament_9a34ea84_0081,10,,1,city_e114ead3fac87d7402d6a959,69878ed14f897245edd79b9ddc114351ca43e265965fb4b1d155d0f923ae5400
317,city_window_b493fb56_0033,4,,1,city_e114ead3fac87d7402d6a959,69878ed14f897245edd79b9ddc114351ca43e265965fb4b1d155d0f923ae5400
318,city_fence_1de007a5_0010,2,,1,city_131f5116aebfcbd39edd750c,69a72e9de8fba793c66aeb8ae0525ab9ef610263c87b88d4b0ccc8ad6cd8b121
318,city_ornament_9a34ea84_0074,4,,1,city_131f5116aebfcbd39edd750c,69a72e9de8fba793c66aeb8ae0525ab9ef610263c87b88d4b0ccc8ad6cd8b121
319,city_trim_caf156ca_0060,13,,1,city_24b61aad621e3992c4c3b754,69f0a70246b15cc7effaf74490054d1d767efff6b468c85ade57c63be187c65e
319,city_trim_caf156ca_0106,5,,1,city_24b61aad621e3992c4c3b754,69f0a70246b15cc7effaf74490054d1d767efff6b468c85ade57c63be187c65e
320,city_fence_1de007a5_0060,4,,1,city_391b329d8ff8bfd8d4795773,6a5929cbe7f887fa860946cf47401bd8a71e0dbfcfcaee7cc62e31e9b6f53c3c
320,city_ornament_9a34ea84_0240,9,,1,city_391b329d8ff8bfd8d4795773,6a5929cbe7f887fa860946cf47401bd8a71e0dbfcfcaee7cc62e31e9b6f53c3c
321,city_ornament_9a34ea84_0109,1,,1,city_4b3b532d41e32ebf7062636a,6b5e45c4085ba73ffe9ea14368db66325cf4aac33323c5c24f065f9eaf0e3a24
321,city_window_b493fb56_0046,3,,1,city_4b3b532d41e32ebf7062636a,6b5e45c4085ba73ffe9ea14368db66325cf4aac33323c5c24f065f9eaf0e3a24
322,city_masonry_485969a9_0121,7,,1,city_c04068a76d80daed1dd42c10,6b93bf15958ba5253d070e409c292b1c0a645b6d709b54f6efc641e6555767a4
322,city_ornament_9a34ea84_0156,0,,1,city_c04068a76d80daed1dd42c10,6b93bf15958ba5253d070e409c292b1c0a645b6d709b54f6efc641e6555767a4
323,city_column_db2a0dd4_0256,13,,1,city_513a115e0df5f03486471417,6bbe141175588cf0489be8d83a3652c09211e7dd654028eaeab4f22db7256454
323,city_ornament_9a34ea84_0224,0,,1,city_513a115e0df5f03486471417,6bbe141175588cf0489be8d83a3652c09211e7dd654028eaeab4f22db7256454
324,city_ornament_29298bdb_0059,6,,1,city_24088713967ad6b4f147e438,6c1838c6f6c579d6edc0a83c2637e7fd831ccc7ae6294dfa5407facb7d533d4b
324,city_trim_caf156ca_0300,0,,1,city_24088713967ad6b4f147e438,6c1838c6f6c579d6edc0a83c2637e7fd831ccc7ae6294dfa5407facb7d533d4b
325,city_fence_1de007a5_0050,12,,1,city_6e546ee2e0f96bf368391579,6d39baca3fca11014cbaeddd00eedfd62ab786fa8fb0d9305f6d139ceb0c97f9
325,city_ornament_9a34ea84_0182,7,,1,city_6e546ee2e0f96bf368391579,6d39baca3fca11014cbaeddd00eedfd62ab786fa8fb0d9305f6d139ceb0c97f9
326,city_ornament_9a34ea84_0066,11,,1,city_fb77376f8b0e126e46991b6b,6d70d8ded7541a92a0aa9d0fd2ee4f46c9192196cacb2c1cd6ec845e23648d20
326,city_trim_8e15b331_0319,6,,1,city_fb77376f8b0e126e46991b6b,6d70d8ded7541a92a0aa9d0fd2ee4f46c9192196cacb2c1cd6ec845e23648d20
327,city_masonry_49547950_0005,7,,1,city_c28cc21b0ed03c0beb0dfdda,6d833dc23ed72fdf658367f7993b7ba3361ec6f75e96ece528eba64b8f4978bd
327,city_trim_9c826fa6_0000,13,,1,city_c28cc21b0ed03c0beb0dfdda,6d833dc23ed72fdf658367f7993b7ba3361ec6f75e96ece528eba64b8f4978bd
328,city_ornament_29298bdb_0050,1,,1,city_83a2d284a6e509ddf4ca40b0,6d9cfbbf044bf3ddce4536524d42f017a1e4c946d94d4ad0bbf9b782dae55e28
328,city_trim_caf156ca_0328,2,,1,city_83a2d284a6e509ddf4ca40b0,6d9cfbbf044bf3ddce4536524d42f017a1e4c946d94d4ad0bbf9b782dae55e28
329,city_ornament_9a34ea84_0139,13,,1,city_34a5ea821f7c70d020ce3ab8,6dda48b29eae35214c7f980c82f3de1d5d224ddbe8487386a6c8b53416d471c0
329,city_roof_88d000d6_0015,3,,1,city_34a5ea821f7c70d020ce3ab8,6dda48b29eae35214c7f980c82f3de1d5d224ddbe8487386a6c8b53416d471c0
330,city_fence_1de007a5_0024,2,,1,city_ba67397ef48e41e2b42dfb7b,6df5ee4b6da0081d17194fc9b76db1bb2574cdbe52330a7678de473ff8137571
330,city_ornament_9a34ea84_0038,10,,1,city_ba67397ef48e41e2b42dfb7b,6df5ee4b6da0081d17194fc9b76db1bb2574cdbe52330a7678de473ff8137571
331,city_ornament_9a34ea84_0092,5,,1,city_653c76fea06ea59181784fe3,6e20d39aed17428815a691ebc8ebee952339fad8b7973fea95f7a48c41303ff4
331,city_trim_8e15b331_0166,5,,1,city_653c76fea06ea59181784fe3,6e20d39aed17428815a691ebc8ebee952339fad8b7973fea95f7a48c41303ff4
332,city_ornament_9a34ea84_0051,11,,1,city_9cee3ca896949f5206ca2397,6e3008b5fb2d44b96360623ad150277c00ca616872d91e47bfe11b03db1f83f7
332,city_stairs_4f20754c_0018,9,,1,city_9cee3ca896949f5206ca2397,6e3008b5fb2d44b96360623ad150277c00ca616872d91e47bfe11b03db1f83f7
333,city_ornament_29298bdb_0040,1,,1,city_1aba0df64e2dbf47dbaa78d2,6ea5045258ef91c61a50480deb1cf66c665857d83c6e72b17caaed79eeab0a28
333,city_trim_caf156ca_0148,7,,1,city_1aba0df64e2dbf47dbaa78d2,6ea5045258ef91c61a50480deb1cf66c665857d83c6e72b17caaed79eeab0a28
334,city_fence_1de007a5_0064,3,,1,city_725e4233c5e3dbbc8a3c05f5,6eb959bb6ddf8d6f898d097bc37e474fd40c71dc5bb216da54e164ffeb9713f8
334,city_ornament_9a34ea84_0055,15,,1,city_725e4233c5e3dbbc8a3c05f5,6eb959bb6ddf8d6f898d097bc37e474fd40c71dc5bb216da54e164ffeb9713f8
335,city_ornament_9a34ea84_0139,15,,1,city_8130204e5340d1f057a7e97b,6ef79a97892644b675d66ec58f2c42120ed5d6723f77f7e6ec30e3c6c9a3654e
335,city_window_b493fb56_0047,1,,1,city_8130204e5340d1f057a7e97b,6ef79a97892644b675d66ec58f2c42120ed5d6723f77f7e6ec30e3c6c9a3654e
336,city_trim_9c826fa6_0003,10,,1,city_826f0c842d8b8d7346041e56,6f3cb17c24f2646efecc9551ddea81c81939a5edd1a730452dbae5b1a6f089a1
336,city_trim_9c826fa6_0008,4,,1,city_826f0c842d8b8d7346041e56,6f3cb17c24f2646efecc9551ddea81c81939a5edd1a730452dbae5b1a6f089a1
337,city_fence_1de007a5_0056,6,,1,city_d64ad55e4921a0f9e350788e,6f9d527ad23fa03ea93ee7d4c32a7595278d8cb673991687d754be5a8a8631a1
337,city_ornament_9a34ea84_0051,1,,1,city_d64ad55e4921a0f9e350788e,6f9d527ad23fa03ea93ee7d4c32a7595278d8cb673991687d754be5a8a8631a1
338,city_ornament_9a34ea84_0170,12,,1,city_5234df4f76e8af131090fed2,6fe56732ad757427d9de32af60fb805d1c9ac33cdfea842888be346a07501f17
338,city_roof_88d000d6_0054,6,,1,city_5234df4f76e8af131090fed2,6fe56732ad757427d9de32af60fb805d1c9ac33cdfea842888be346a07501f17
339,city_masonry_485969a9_0145,7,,1,city_6f86bb45da72ffa3004434e2,7004a083e74a9b93d9b004b617217470c8061106049f8112fe2a58a86902820b
339,city_ornament_9a34ea84_0060,10,,1,city_6f86bb45da72ffa3004434e2,7004a083e74a9b93d9b004b617217470c8061106049f8112fe2a58a86902820b
340,city_ornament_9a34ea84_0209,10,,1,city_3846ec81ac9ae595d67f9eba,702ebd4e876d84c0dfca8a9ff51c9b977f054323585802c0c7d6959ef8b8a604
340,city_trim_8e15b331_0016,15,,1,city_3846ec81ac9ae595d67f9eba,702ebd4e876d84c0dfca8a9ff51c9b977f054323585802c0c7d6959ef8b8a604
341,city_ornament_9a34ea84_0229,1,,1,city_1e6ef468f3d6955f930f2046,707e43db7c5ab70780a02fa36d9e8ed72124e107a63253f595cc8afee7f554d1
341,city_window_b493fb56_0020,2,,1,city_1e6ef468f3d6955f930f2046,707e43db7c5ab70780a02fa36d9e8ed72124e107a63253f595cc8afee7f554d1
342,city_bush_12f91e59_0009,7,,1,city_d3fe5d35feaaab60333fc4f1,70aedb0df347898c8a83e8b9644fb675ab20a92d6b6008dc78a5b6dfaa8ab731
342,city_ornament_9a34ea84_0189,10,,1,city_d3fe5d35feaaab60333fc4f1,70aedb0df347898c8a83e8b9644fb675ab20a92d6b6008dc78a5b6dfaa8ab731
343,city_ornament_9a34ea84_0169,5,,1,city_be25c3927c2b0c8aef5b679a,70ea401d37821ffb261610492169e8174ad112b54473d23ea01c930592d9044e
343,city_window_b493fb56_0049,7,,1,city_be25c3927c2b0c8aef5b679a,70ea401d37821ffb261610492169e8174ad112b54473d23ea01c930592d9044e
344,city_ornament_29298bdb_0026,10,,1,city_a60bfeddb35b646d39976a8e,71cf50cbe82041e9695d8079417e222b4af5b9806ef58c5d88a1b257afe6471d
344,city_trim_caf156ca_0252,15,,1,city_a60bfeddb35b646d39976a8e,71cf50cbe82041e9695d8079417e222b4af5b9806ef58c5d88a1b257afe6471d
345,city_fence_1de007a5_0023,1,,1,city_43a99c5917f7efc24d42b592,71f313e0385dc291cca569722d2d1a9a2a7ceaef34e3912b0cc7f01b84f5cf63
345,city_ornament_9a34ea84_0122,13,,1,city_43a99c5917f7efc24d42b592,71f313e0385dc291cca569722d2d1a9a2a7ceaef34e3912b0cc7f01b84f5cf63
346,city_column_db2a0dd4_0209,5,,1,city_a8c5ef535a55f98cf3669797,723d6e08e22c4823d520240fb6253b4b7dee054ecb2bd9dfb84b09c71163985b
346,city_ornament_9a34ea84_0111,4,,1,city_a8c5ef535a55f98cf3669797,723d6e08e22c4823d520240fb6253b4b7dee054ecb2bd9dfb84b09c71163985b
347,city_ornament_9a34ea84_0223,1,,1,city_e971072037a2f345917c3033,7296f748f259882bc38a338ea4b6c656148566d262f9d94195fa70c7480d0aa0
347,city_stairs_4f20754c_0015,7,,1,city_e971072037a2f345917c3033,7296f748f259882bc38a338ea4b6c656148566d262f9d94195fa70c7480d0aa0
348,city_column_db2a0dd4_0303,3,,1,city_55e3ab4294c3093090cd1049,72f4e8a92c082a386023a5a019cebb9d646d87cc2832fc56dc8a28eacd7a45ea
348,city_ornament_9a34ea84_0227,11,,1,city_55e3ab4294c3093090cd1049,72f4e8a92c082a386023a5a019cebb9d646d87cc2832fc56dc8a28eacd7a45ea
349,city_ornament_9a34ea84_0228,3,,1,city_b9382c0ff74c66f83759fa63,73a572303ecd002869b8f61f874478cf59e489214ebafc485532c66a659f8645
349,city_trim_8e15b331_0095,5,,1,city_b9382c0ff74c66f83759fa63,73a572303ecd002869b8f61f874478cf59e489214ebafc485532c66a659f8645
350,city_column_db2a0dd4_0289,2,,1,city_e5f5390cbe405ad8ba69035d,73efbf055c9d9eeed236f7f3cff02325773144b6d8ec176dab15c2bebe3f88c4
350,city_ornament_9a34ea84_0148,2,,1,city_e5f5390cbe405ad8ba69035d,73efbf055c9d9eeed236f7f3cff02325773144b6d8ec176dab15c2bebe3f88c4
351,city_fence_1de007a5_0026,12,,1,city_8bc83d8925ae502ce68a633e,741ad7d4bb3251f62beadc548ba91a4b6453c526b00655c34ad6c3042555fdd9
351,city_ornament_9a34ea84_0152,9,,1,city_8bc83d8925ae502ce68a633e,741ad7d4bb3251f62beadc548ba91a4b6453c526b00655c34ad6c3042555fdd9
352,city_ornament_9a34ea84_0088,14,,1,city_c5135da107672805f35e6ecb,749768922573d2af783cafd89462c0f81191a1ddbf64c2d85671b8a5b3fdd4e2
352,city_stairs_4f20754c_0007,9,,1,city_c5135da107672805f35e6ecb,749768922573d2af783cafd89462c0f81191a1ddbf64c2d85671b8a5b3fdd4e2
353,city_ornament_29298bdb_0038,7,,1,city_ee81109dd6ccb400672d1a5c,751c3c3aaa6c584fa23f8f552923313b5c25b5ab9840fe8c9b5841fcce129629
353,city_trim_caf156ca_0187,0,,1,city_ee81109dd6ccb400672d1a5c,751c3c3aaa6c584fa23f8f552923313b5c25b5ab9840fe8c9b5841fcce129629
354,city_ornament_29298bdb_0010,4,,1,city_ec7814ebcdccd244067105b3,757a9df9de1475079d8ea70373a7dd842ffa8985ec9e75241338d776b1e10928
354,city_slab_892b86cc_0018,6,,1,city_ec7814ebcdccd244067105b3,757a9df9de1475079d8ea70373a7dd842ffa8985ec9e75241338d776b1e10928
355,city_masonry_485969a9_0129,12,,1,city_90f9f05e4dfa6cd7201a8a01,75856611011865ddb0bf2d899643a1dfee54aa0e8687953b6e7ffc0c9734afa6
355,city_ornament_9a34ea84_0100,8,,1,city_90f9f05e4dfa6cd7201a8a01,75856611011865ddb0bf2d899643a1dfee54aa0e8687953b6e7ffc0c9734afa6
356,city_masonry_485969a9_0068,3,,1,city_be8ec42e3f4f3df7cf3a80ba,767a1b02d76bc8ba6fa87a0636ba98a041f20de4be33538a730bc6193dc21779
356,city_ornament_9a34ea84_0073,11,,1,city_be8ec42e3f4f3df7cf3a80ba,767a1b02d76bc8ba6fa87a0636ba98a041f20de4be33538a730bc6193dc21779
357,city_fence_1de007a5_0021,12,,1,city_1d6dc5adb407a1c1432e47fe,768ff77252c057b85fbd5c981fc3fbbb677c20feee4616aa884e7d757f8bdc3d
357,city_ornament_9a34ea84_0101,2,,1,city_1d6dc5adb407a1c1432e47fe,768ff77252c057b85fbd5c981fc3fbbb677c20feee4616aa884e7d757f8bdc3d
358,city_column_db2a0dd4_0151,6,,1,city_4b79985baf54ecd70892698a,76b2540b015c749904b615a818b55ae0ca65a28bdb124101f2e7052a941878b2
358,city_ornament_9a34ea84_0100,14,,1,city_4b79985baf54ecd70892698a,76b2540b015c749904b615a818b55ae0ca65a28bdb124101f2e7052a941878b2
359,city_ornament_9a34ea84_0093,0,,1,city_8d572457d3083ed56b04e6f1,76d3b64612f48f6f8ef888a91c4d8dece23bbe039bd04871849474abbcd6c132
359,city_trim_8e15b331_0289,14,,1,city_8d572457d3083ed56b04e6f1,76d3b64612f48f6f8ef888a91c4d8dece23bbe039bd04871849474abbcd6c132
360,city_ornament_9a34ea84_0051,12,,1,city_b0411a8847bcca6b710e0b9f,771c82b184578707bd0d7d4a319fcf8320e8ba7096db14a20e3de7cf534d0b2d
360,city_stairs_4f20754c_0018,10,,1,city_b0411a8847bcca6b710e0b9f,771c82b184578707bd0d7d4a319fcf8320e8ba7096db14a20e3de7cf534d0b2d
361,city_fence_1de007a5_0089,5,,1,city_48d36efac9f6edf0a044a1f9,7722399ccbd39f553b447fbf06df552a1d384e66542b45c4db7ddd4537748d38
361,city_ornament_9a34ea84_0200,0,,1,city_48d36efac9f6edf0a044a1f9,7722399ccbd39f553b447fbf06df552a1d384e66542b45c4db7ddd4537748d38
362,city_fence_1de007a5_0081,7,,1,city_9b0dc993b88ab2971b6a2c86,774cd4637d3c3d4dfb31a7b6e28843025c0fe3ca28f879f6498bb2baf03b6d43
362,city_ornament_9a34ea84_0152,12,,1,city_9b0dc993b88ab2971b6a2c86,774cd4637d3c3d4dfb31a7b6e28843025c0fe3ca28f879f6498bb2baf03b6d43
363,city_ornament_9a34ea84_0043,1,,1,city_f0f423e87123937e8761d93b,7781f8a97f8779dea7b15747de0d3a499ab0ce3ef1d8a9c1d7b010d2641351a7
363,city_window_b493fb56_0027,6,,1,city_f0f423e87123937e8761d93b,7781f8a97f8779dea7b15747de0d3a499ab0ce3ef1d8a9c1d7b010d2641351a7
364,city_fence_1de007a5_0031,4,,1,city_ad1acea1d1699628ae6fbbcb,77d15b9e864249a8fe9181ef5a0d76cf9f93c2605ddaaf02dfbb3749aede72ce
364,city_ornament_9a34ea84_0240,1,,1,city_ad1acea1d1699628ae6fbbcb,77d15b9e864249a8fe9181ef5a0d76cf9f93c2605ddaaf02dfbb3749aede72ce
365,city_ornament_9a34ea84_0181,4,,1,city_2d8fa3b5857c661f052a669e,78529c7f74402c4e4f107a022d8e986bfbbb4528745a005b801f26b371909821
365,city_trim_8e15b331_0295,1,,1,city_2d8fa3b5857c661f052a669e,78529c7f74402c4e4f107a022d8e986bfbbb4528745a005b801f26b371909821
366,city_ornament_9a34ea84_0043,0,,1,city_9452901e739b4e5c6ada53ef,7953241ba615acb4ebd3077db9a0cfa07871a58ffecc0ec404c96e1271f8dfd2
366,city_window_b493fb56_0027,7,,1,city_9452901e739b4e5c6ada53ef,7953241ba615acb4ebd3077db9a0cfa07871a58ffecc0ec404c96e1271f8dfd2
367,city_fence_1de007a5_0007,15,,1,city_ec6791f5854299e866fd0b8f,7957858ab0c034d4f5fd43217d71a3e3fee3f88ed87e1ce6866e9c92816e4583
367,city_ornament_9a34ea84_0225,4,,1,city_ec6791f5854299e866fd0b8f,7957858ab0c034d4f5fd43217d71a3e3fee3f88ed87e1ce6866e9c92816e4583
368,city_column_db2a0dd4_0028,7,,1,city_43b0f17fe536a49697408581,79da18615d8a4e94772ae8fb038711b9d85a5151a37fcaa8f8c809720b7aba6d
368,city_ornament_9a34ea84_0194,13,,1,city_43b0f17fe536a49697408581,79da18615d8a4e94772ae8fb038711b9d85a5151a37fcaa8f8c809720b7aba6d
369,city_ornament_9a34ea84_0060,13,,1,city_524a17a2f0e32cb1b6fbd0e6,7a1b4e42629134b8b281ef0fc1e4f65052261b1ddc4b469f4defc2bda6a10301
369,city_trim_8e15b331_0256,10,,1,city_524a17a2f0e32cb1b6fbd0e6,7a1b4e42629134b8b281ef0fc1e4f65052261b1ddc4b469f4defc2bda6a10301
370,city_ornament_29298bdb_0003,10,,1,city_fe1a300b3cb6631eb3310a12,7a1e47a10a12d8ef8532545626c52583c9c39736ca3f3cf98944937ab2e2f5ac
370,city_window_5650259f_0004,4,,1,city_fe1a300b3cb6631eb3310a12,7a1e47a10a12d8ef8532545626c52583c9c39736ca3f3cf98944937ab2e2f5ac
371,city_masonry_485969a9_0036,8,,1,city_e9695caae84889cfdfb5a7ba,7aba27d33136237c39d829e89915c31f3a8bde7622771e6437817788585987ae
371,city_ornament_9a34ea84_0005,3,,1,city_e9695caae84889cfdfb5a7ba,7aba27d33136237c39d829e89915c31f3a8bde7622771e6437817788585987ae
372,city_fence_1de007a5_0037,12,,1,city_ecf1b265ffd05b6b892b2d47,7ac9a1b1377815c8dc8c27f0b59d8534a7df502a1af5d027f79d3942b99adf68
372,city_ornament_9a34ea84_0001,10,,1,city_ecf1b265ffd05b6b892b2d47,7ac9a1b1377815c8dc8c27f0b59d8534a7df502a1af5d027f79d3942b99adf68
373,city_fence_1de007a5_0087,8,,1,city_2dcfe23d6e9f701694bf3ebe,7afe6362c7ba2e3a0e02ec1511ae6e549d95815a6d4f815e6c351f4ce9112540
373,city_ornament_9a34ea84_0165,3,,1,city_2dcfe23d6e9f701694bf3ebe,7afe6362c7ba2e3a0e02ec1511ae6e549d95815a6d4f815e6c351f4ce9112540
374,city_floor_ecf457d3_0006,3,,1,city_0da4d0276234f824a532f704,7b4b982cfb21ec391c80c67eb5290670390a53dbdd303cb61ad413b40e120a61
374,city_floor_ecf457d3_0015,4,,1,city_0da4d0276234f824a532f704,7b4b982cfb21ec391c80c67eb5290670390a53dbdd303cb61ad413b40e120a61
375,city_fence_1de007a5_0026,8,,1,city_1be84115f197e8f415f10eb0,7b508d0ce0da43d71b72118d26b3cef28e4652a0de8092e6ebd1d4685e3b1af4
375,city_ornament_9a34ea84_0016,4,,1,city_1be84115f197e8f415f10eb0,7b508d0ce0da43d71b72118d26b3cef28e4652a0de8092e6ebd1d4685e3b1af4
376,city_column_bc0c7c3a_0438,1,,1,city_c6998144bee13e34b9c664b9,7b5f4d9411a546a08bbb29282af522819606d811aa4031cb2fd6b9e226c09d27
376,city_ornament_29298bdb_0020,4,,1,city_c6998144bee13e34b9c664b9,7b5f4d9411a546a08bbb29282af522819606d811aa4031cb2fd6b9e226c09d27
377,city_fence_1de007a5_0093,13,,1,city_85f962275ac5a69243b1911d,7ce6a5d3f51967847334183dd1176170e006b8d2bd692101560d0dec90bb5d07
377,city_ornament_9a34ea84_0130,1,,1,city_85f962275ac5a69243b1911d,7ce6a5d3f51967847334183dd1176170e006b8d2bd692101560d0dec90bb5d07
378,city_masonry_49b8823b_0066,13,,1,city_9a65352469573647f989b10d,7cfd3b38f1cbf1976fe41cb8f1d81fc700e185fd7d29cde2a45692afc08cc7cd
378,city_ornament_29298bdb_0022,14,,1,city_9a65352469573647f989b10d,7cfd3b38f1cbf1976fe41cb8f1d81fc700e185fd7d29cde2a45692afc08cc7cd
379,city_ornament_9a34ea84_0010,12,,1,city_241a16f2c64c6a760921acb7,7d1c9e4a6289a0951f6c0ce1711f12554062fec325716e9baffd32d17d3a9071
379,city_stairs_4f20754c_0070,6,,1,city_241a16f2c64c6a760921acb7,7d1c9e4a6289a0951f6c0ce1711f12554062fec325716e9baffd32d17d3a9071
380,city_column_bc0c7c3a_0192,2,,1,city_09f79226ec5b3d1a7e9d57b9,7d28c7454fa691a306ee15d99d3f2e4a7694678f643b1352b41982d9e745bfbb
380,city_ornament_29298bdb_0005,2,,1,city_09f79226ec5b3d1a7e9d57b9,7d28c7454fa691a306ee15d99d3f2e4a7694678f643b1352b41982d9e745bfbb
381,city_ornament_29298bdb_0026,15,,1,city_99f24b69f8ad74acf24c3efb,7d7bf298eb5d4a9bac48e281c869ff5a592ed6ef9696ea8f244ba744f3b683d6
381,city_trim_caf156ca_0031,15,,1,city_99f24b69f8ad74acf24c3efb,7d7bf298eb5d4a9bac48e281c869ff5a592ed6ef9696ea8f244ba744f3b683d6
382,city_fence_1de007a5_0008,4,,1,city_4654ad394a67a230695ed387,7e4ed32845b08655b4b63e41146b4a18e4ce5fd7e859292c2cdb0c4ea45ca9f6
382,city_ornament_9a34ea84_0195,7,,1,city_4654ad394a67a230695ed387,7e4ed32845b08655b4b63e41146b4a18e4ce5fd7e859292c2cdb0c4ea45ca9f6
383,city_column_bc0c7c3a_0293,1,,1,city_31f21df0302d4c80f7208c3f,7e76747d5a89920929cf6cc9fa250ade3c588cd881c0e7fde3bdb8382f8356e6
383,city_ornament_29298bdb_0027,15,,1,city_31f21df0302d4c80f7208c3f,7e76747d5a89920929cf6cc9fa250ade3c588cd881c0e7fde3bdb8382f8356e6
384,city_ornament_29298bdb_0003,8,,1,city_354ce5c7ec2152d2faea86e0,7eb97049c5d4b6e732bc093f30fc75d1b9ce0cb7abc56dfd098ac020eef53cd0
384,city_trim_caf156ca_0024,9,,1,city_354ce5c7ec2152d2faea86e0,7eb97049c5d4b6e732bc093f30fc75d1b9ce0cb7abc56dfd098ac020eef53cd0
385,city_ornament_9a34ea84_0160,9,,1,city_0a711174090fdc418d9aaced,7eb9fc82b26173ae0d1afeb1f695840b9af6332c14775f641c593ef82c567443
385,city_trim_8e15b331_0118,2,,1,city_0a711174090fdc418d9aaced,7eb9fc82b26173ae0d1afeb1f695840b9af6332c14775f641c593ef82c567443
386,city_masonry_485969a9_0045,10,,1,city_c379974ac874734efc9b9311,7efbac92c25ce9d7c01765961172f74bb690028c65d8716094c89cea2b739b24
386,city_ornament_9a34ea84_0061,8,,1,city_c379974ac874734efc9b9311,7efbac92c25ce9d7c01765961172f74bb690028c65d8716094c89cea2b739b24
387,city_ornament_9a34ea84_0261,8,,1,city_7ffda6880a5a93912abd0103,7f41f4566f733170b42aed80a023065c254a086fa47d1d2c195f47c6da1d1820
387,city_trim_8e15b331_0041,6,,1,city_7ffda6880a5a93912abd0103,7f41f4566f733170b42aed80a023065c254a086fa47d1d2c195f47c6da1d1820
388,city_fence_1de007a5_0019,5,,1,city_ad6a60db3ff8cc050252f726,7f8eec975079a3f99eef0366cee1f028dce8af25c951a74ce56bd9e0fd505526
388,city_ornament_9a34ea84_0122,4,,1,city_ad6a60db3ff8cc050252f726,7f8eec975079a3f99eef0366cee1f028dce8af25c951a74ce56bd9e0fd505526
389,city_ornament_9a34ea84_0138,2,,1,city_3e6d19fb62431b258c0c747c,7fbc37f426693373b0a648e30e7e70054877302aa5a410d00ceea1024cb6f322
389,city_trim_8e15b331_0265,9,,1,city_3e6d19fb62431b258c0c747c,7fbc37f426693373b0a648e30e7e70054877302aa5a410d00ceea1024cb6f322
390,city_ornament_29298bdb_0015,5,,1,city_2ff5e3ca244a9f4012ab0bed,80068323e3063eb30606ae5428a8420d7249298387d8031c15ca71ff20e1f0d6
390,city_trim_caf156ca_0084,14,,1,city_2ff5e3ca244a9f4012ab0bed,80068323e3063eb30606ae5428a8420d7249298387d8031c15ca71ff20e1f0d6
391,city_fence_1de007a5_0060,2,,1,city_2213a36258853a1e5a5d7e21,80178e558ed41903f9f88d13151cfe8cced9fecb4ece65cd680e5e11b10f4fda
391,city_ornament_9a34ea84_0240,8,,1,city_2213a36258853a1e5a5d7e21,80178e558ed41903f9f88d13151cfe8cced9fecb4ece65cd680e5e11b10f4fda
392,city_fence_c95476a8_0000,4,,1,city_dfcf762348817614a5b8a823,816bccfc3fbadad1da19ddbf30cce450db2687dbdb198b17a56d93e5c88b8e44
392,city_ornament_29298bdb_0031,10,,1,city_dfcf762348817614a5b8a823,816bccfc3fbadad1da19ddbf30cce450db2687dbdb198b17a56d93e5c88b8e44
393,city_ornament_29298bdb_0037,0,,1,city_7a502a15fa09151bf16c3fab,81a5d95838d17b18dcb492ab51a796cd64a0b69a14153313e2173508424f11d1
393,city_trim_caf156ca_0059,0,,1,city_7a502a15fa09151bf16c3fab,81a5d95838d17b18dcb492ab51a796cd64a0b69a14153313e2173508424f11d1
394,city_ornament_9a34ea84_0006,11,,1,city_519845ddb0f313c8a32d2a8c,81a7468d072e793436d2cb42127614ea6c91211b83e2d69864e427af96f0840b
394,city_window_b493fb56_0055,5,,1,city_519845ddb0f313c8a32d2a8c,81a7468d072e793436d2cb42127614ea6c91211b83e2d69864e427af96f0840b
395,city_column_bc0c7c3a_0086,11,,1,city_c79772a5b646de693d2cf457,81a806a00190be26ac106da4a4b67b92e8f7118d2fb6dec7206e4c79c2a82b01
395,city_ornament_29298bdb_0022,6,,1,city_c79772a5b646de693d2cf457,81a806a00190be26ac106da4a4b67b92e8f7118d2fb6dec7206e4c79c2a82b01
396,city_masonry_49b8823b_0151,4,,1,city_b5fc120d5d74006a84824a47,8218a2993a3f1e9615e2263ddb42b94157cddb0fcd490a44182ae770ed9beee2
396,city_ornament_29298bdb_0048,15,,1,city_b5fc120d5d74006a84824a47,8218a2993a3f1e9615e2263ddb42b94157cddb0fcd490a44182ae770ed9beee2
397,city_ornament_29298bdb_0044,5,,1,city_ea42c1f48dd148c428f76adb,825d9bf8275fb716f18661c723d711afc1ce31cfddb2d1034f8cf4967dbedd84
397,city_trim_caf156ca_0042,12,,1,city_ea42c1f48dd148c428f76adb,825d9bf8275fb716f18661c723d711afc1ce31cfddb2d1034f8cf4967dbedd84
398,city_fence_1de007a5_0080,3,,1,city_072017360eb1373b9efa9d19,82829a98693408ab4ec23a874c70d3594ffaaab8c271e0e8f8b917b50824aeb6
398,city_ornament_9a34ea84_0180,8,,1,city_072017360eb1373b9efa9d19,82829a98693408ab4ec23a874c70d3594ffaaab8c271e0e8f8b917b50824aeb6
399,city_ornament_29298bdb_0035,1,,1,city_ddea764e498451f22537fa5b,82a49647f59f89e721788e26a98432ce9ca84ae0be0de7260c130fd5d5eda241
399,city_trim_caf156ca_0004,14,,1,city_ddea764e498451f22537fa5b,82a49647f59f89e721788e26a98432ce9ca84ae0be0de7260c130fd5d5eda241
400,city_ornament_9a34ea84_0060,12,,1,city_3dfc2a8a6f8dcc26d4b35b52,82ba753371b2005e484cabe35d0d04e404573af3fc33a9bf786dac347f9affa4
400,city_trim_8e15b331_0327,2,,1,city_3dfc2a8a6f8dcc26d4b35b52,82ba753371b2005e484cabe35d0d04e404573af3fc33a9bf786dac347f9affa4
401,city_column_db2a0dd4_0219,6,,1,city_980842bbfaa18f6facba9707,830dba2af561898a36b62f29f55c8cd48540316db305577928c93e8171f233b4
401,city_ornament_9a34ea84_0186,8,,1,city_980842bbfaa18f6facba9707,830dba2af561898a36b62f29f55c8cd48540316db305577928c93e8171f233b4
402,city_ornament_29298bdb_0050,2,,1,city_4903c59c0681182e31d490e7,832ea8565b0cec8c38b130c9830304a9c3c02e82717b7731a91ad0f6c934b346
402,city_trim_caf156ca_0330,8,,1,city_4903c59c0681182e31d490e7,832ea8565b0cec8c38b130c9830304a9c3c02e82717b7731a91ad0f6c934b346
403,city_fence_1de007a5_0019,6,,1,city_6370d9747a4f253ecb327d3b,8343d8bca93b5c5ce0cf20220724d641348e78b21e31a58a2a1f96caf209e495
403,city_ornament_9a34ea84_0056,1,,1,city_6370d9747a4f253ecb327d3b,8343d8bca93b5c5ce0cf20220724d641348e78b21e31a58a2a1f96caf209e495
404,city_fence_1de007a5_0025,4,,1,city_57fa11a0fc72e878c6c261ae,837e8ad2bfe3a1ae1ee508739199557353a90ca2117394dca2ebe0797d7709a4
404,city_ornament_9a34ea84_0017,4,,1,city_57fa11a0fc72e878c6c261ae,837e8ad2bfe3a1ae1ee508739199557353a90ca2117394dca2ebe0797d7709a4
405,city_ornament_e937b429_0004,11,,1,city_ecbffcf09d4da004a0f6bcda,83b79ff4fe8b8047493d91935495764158bbdce2f753623f51355c3c37bbf5a6
405,city_trim_9c826fa6_0002,11,,1,city_ecbffcf09d4da004a0f6bcda,83b79ff4fe8b8047493d91935495764158bbdce2f753623f51355c3c37bbf5a6
406,city_fence_1de007a5_0001,7,,1,city_01b3755b2d276e2d5a4ef3f5,83dbb9e438223d80f50437a61f5d76c409896f64ba658eb2a1f91f67c2b2f6a4
406,city_ornament_9a34ea84_0260,2,,1,city_01b3755b2d276e2d5a4ef3f5,83dbb9e438223d80f50437a61f5d76c409896f64ba658eb2a1f91f67c2b2f6a4
407,city_fence_1de007a5_0056,7,,1,city_e3458f67b256345c97f76231,84475722d7d71bd749636e3e68e7630f1e9142999b4c9cb7d6c0b98a3e1939bc
407,city_ornament_9a34ea84_0051,3,,1,city_e3458f67b256345c97f76231,84475722d7d71bd749636e3e68e7630f1e9142999b4c9cb7d6c0b98a3e1939bc
408,city_column_bc0c7c3a_0274,8,,1,city_a5ae186469a9a43d3cd23581,84524a2c066f71aa1c17448c24cf4d706d70cfc288c3abb02282583387ad6966
408,city_ornament_29298bdb_0001,6,,1,city_a5ae186469a9a43d3cd23581,84524a2c066f71aa1c17448c24cf4d706d70cfc288c3abb02282583387ad6966
409,city_ornament_9a34ea84_0092,3,,1,city_e025dc8dfaf9831e08de9903,849d52e216dd5253ebed99c01769bf6587842c1897c3945a1706b89e2feadfb1
409,city_trim_8e15b331_0166,7,,1,city_e025dc8dfaf9831e08de9903,849d52e216dd5253ebed99c01769bf6587842c1897c3945a1706b89e2feadfb1
410,city_ornament_9a34ea84_0177,0,,1,city_73e642778be8ac7aa6fba688,84a0928d1db2df582847a1d48b3c7bd4bf5ac29ad0d0f07f2ecc41a0d9f37083
410,city_window_b493fb56_0010,9,,1,city_73e642778be8ac7aa6fba688,84a0928d1db2df582847a1d48b3c7bd4bf5ac29ad0d0f07f2ecc41a0d9f37083
411,city_column_bc0c7c3a_0452,15,,1,city_b5608c4861337531075a1726,8503e98e48380c8f1f6539020ad486fac23f84689ec4bfb7bee45c9f6562b90e
411,city_ornament_29298bdb_0048,2,,1,city_b5608c4861337531075a1726,8503e98e48380c8f1f6539020ad486fac23f84689ec4bfb7bee45c9f6562b90e
412,city_ornament_29298bdb_0027,13,,1,city_e03abb76581fb40516c025de,858424237f113cddced75a8e12bf58f9a1f9863ff354a64de3e563a94fd3eb62
412,city_trim_caf156ca_0368,3,,1,city_e03abb76581fb40516c025de,858424237f113cddced75a8e12bf58f9a1f9863ff354a64de3e563a94fd3eb62
413,city_ornament_9a34ea84_0106,8,,1,city_7fa6caec9c4e15f179951fa2,85accd35412e7f2466714204ba609907836138eecefdba7a5dff8be931258b20
413,city_trim_8e15b331_0065,12,,1,city_7fa6caec9c4e15f179951fa2,85accd35412e7f2466714204ba609907836138eecefdba7a5dff8be931258b20
414,city_masonry_485969a9_0042,7,,1,city_0596e53a29f80a23fb82b5a6,860d158e8451207c8269ba6b59de7a70877a93b8df185e8a2fcb6464fb3f489c
414,city_ornament_9a34ea84_0140,0,,1,city_0596e53a29f80a23fb82b5a6,860d158e8451207c8269ba6b59de7a70877a93b8df185e8a2fcb6464fb3f489c
415,city_ornament_e937b429_0004,4,,1,city_c3651d339c5329a487348e79,8624fddaf2b2d0e08cf90fb6ca307c47baae05a7f34c9fc6d859a299512c1af9
415,city_trim_9c826fa6_0001,6,,1,city_c3651d339c5329a487348e79,8624fddaf2b2d0e08cf90fb6ca307c47baae05a7f34c9fc6d859a299512c1af9
416,city_masonry_485969a9_0123,3,,1,city_d30de4c7a61f8995960cd238,86608fecd22891b54426c3ff4f4aee6026d52f5a0ea04c481605d898ab714136
416,city_ornament_9a34ea84_0048,12,,1,city_d30de4c7a61f8995960cd238,86608fecd22891b54426c3ff4f4aee6026d52f5a0ea04c481605d898ab714136
417,city_ornament_e937b429_0000,6,,1,city_c2f84d372c57dc376e465fd0,8670314cc9f8fbc1647c1409900672aa799eea333cea885b6e2af6d5c8acbd74
417,city_trim_9c826fa6_0002,10,,1,city_c2f84d372c57dc376e465fd0,8670314cc9f8fbc1647c1409900672aa799eea333cea885b6e2af6d5c8acbd74
418,city_ornament_9a34ea84_0210,12,,1,city_58eec0ba7b08be0d5d5cdd26,86793c345af1c3cfddcde402531a34052566862b943d1c867390c96840881a1d
418,city_stairs_4f20754c_0044,15,,1,city_58eec0ba7b08be0d5d5cdd26,86793c345af1c3cfddcde402531a34052566862b943d1c867390c96840881a1d
419,city_ornament_9a34ea84_0202,6,,1,city_2f70cff253ffdcb5528e1352,86b4e5d118efcce6f4bfd7da1ce194e3d26b01b665a7dd34320da9fe36ec7e84
419,city_trim_8e15b331_0303,8,,1,city_2f70cff253ffdcb5528e1352,86b4e5d118efcce6f4bfd7da1ce194e3d26b01b665a7dd34320da9fe36ec7e84
420,city_ornament_29298bdb_0038,1,,1,city_e65ea9b7afb02558ff1dca5b,86bdff5175e7022b0f5b502b82948c80db0046eadcf3848c9a192bb0cae05c2c
420,city_trim_caf156ca_0125,11,,1,city_e65ea9b7afb02558ff1dca5b,86bdff5175e7022b0f5b502b82948c80db0046eadcf3848c9a192bb0cae05c2c
421,city_ornament_29298bdb_0027,2,,1,city_d30a3dd9b4ed8f8ddc43218e,879ebfb40b52075e1e17847e7b7df6fb4570f47223fbb3e580527e1f3d792bbf
421,city_trim_caf156ca_0337,11,,1,city_d30a3dd9b4ed8f8ddc43218e,879ebfb40b52075e1e17847e7b7df6fb4570f47223fbb3e580527e1f3d792bbf
422,city_ornament_29298bdb_0026,5,,1,city_ce634d87f73ec60b37d89c78,87c8a9dfb325e34abd86b8ab2e233ba0c6b9978ad9ef09b51978711ef0b3eb85
422,city_trim_caf156ca_0223,9,,1,city_ce634d87f73ec60b37d89c78,87c8a9dfb325e34abd86b8ab2e233ba0c6b9978ad9ef09b51978711ef0b3eb85
423,city_fence_1de007a5_0003,13,,1,city_a3363ab326a68b2b3780c6d6,8850539f4cef939297c0b8cce7a519157a662948dff22b2900bdec47a2719933
423,city_ornament_9a34ea84_0067,12,,1,city_a3363ab326a68b2b3780c6d6,8850539f4cef939297c0b8cce7a519157a662948dff22b2900bdec47a2719933
424,city_ornament_9a34ea84_0245,8,,1,city_a87d9668e006335fb8854290,88929ba223eca3b3201d272129d18eaca565924d2e03cb952c40e893c3ecc9f3
424,city_trim_8e15b331_0172,5,,1,city_a87d9668e006335fb8854290,88929ba223eca3b3201d272129d18eaca565924d2e03cb952c40e893c3ecc9f3
425,city_ornament_29298bdb_0060,2,,1,city_8ec3358d9d042c2b031b14fa,88a8e8d6c5d6b379f6b61caac1fa6d829893fe25a88d192dfb93a6a3720504c3
425,city_trim_caf156ca_0095,13,,1,city_8ec3358d9d042c2b031b14fa,88a8e8d6c5d6b379f6b61caac1fa6d829893fe25a88d192dfb93a6a3720504c3
426,city_ornament_9a34ea84_0261,6,,1,city_af769321f635a19965c5547c,896b68b595b365b557a9d13f7c8668c26fa7d0ec7d32dd07e3d1d2323decb992
426,city_trim_8e15b331_0041,7,,1,city_af769321f635a19965c5547c,896b68b595b365b557a9d13f7c8668c26fa7d0ec7d32dd07e3d1d2323decb992
427,city_bush_12f91e59_0003,5,,1,city_8cd2b7e510eb30f36550eb4d,89db06050a54afb4dd405ff95cb905973921956f8122c598dc16aecb1ef4221c
427,city_ornament_9a34ea84_0085,6,,1,city_8cd2b7e510eb30f36550eb4d,89db06050a54afb4dd405ff95cb905973921956f8122c598dc16aecb1ef4221c
428,city_masonry_49547950_0001,10,,1,city_8ff9115490f4cfc5d1f6b37a,8a3346cdae63cf110334b2cff50854ea2751d461f9689683bf775eb03bd071b1
428,city_ornament_e937b429_0000,14,,1,city_8ff9115490f4cfc5d1f6b37a,8a3346cdae63cf110334b2cff50854ea2751d461f9689683bf775eb03bd071b1
429,city_fence_1de007a5_0047,13,,1,city_80b7037d10c98b88da9015f7,8a3f1420b4f925dc6fc675687f0caabf4c71122d00072d68ceffe00f5f854aaa
429,city_ornament_9a34ea84_0252,10,,1,city_80b7037d10c98b88da9015f7,8a3f1420b4f925dc6fc675687f0caabf4c71122d00072d68ceffe00f5f854aaa
430,city_ornament_29298bdb_0005,5,,1,city_a8a79f571eea4500122fc295,8a63a9787dd14c023b731eee23324c1f1d6eb549716e44ff9daadf2002cc3b18
430,city_trim_caf156ca_0292,6,,1,city_a8a79f571eea4500122fc295,8a63a9787dd14c023b731eee23324c1f1d6eb549716e44ff9daadf2002cc3b18
431,city_ornament_29298bdb_0034,0,,1,city_6b9b8848f4d749652a91b587,8ab7022da4acb38a3fb8f7e169d359df23ee5da2b2fdbccb03bc9c80fe240cae
431,city_trim_caf156ca_0139,9,,1,city_6b9b8848f4d749652a91b587,8ab7022da4acb38a3fb8f7e169d359df23ee5da2b2fdbccb03bc9c80fe240cae
432,city_column_db2a0dd4_0300,14,,1,city_9ab8de9470d879249b395dee,8ac73470c1b53b129a2889de658ffdc4b3f0b7dd8ccea932ca8ab32f0e50c2c4
432,city_ornament_9a34ea84_0024,11,,1,city_9ab8de9470d879249b395dee,8ac73470c1b53b129a2889de658ffdc4b3f0b7dd8ccea932ca8ab32f0e50c2c4
433,city_ornament_9a34ea84_0218,2,,1,city_d9cefc09edfb829984d18e0d,8c033c876ea3dcaf4234a1f094ce36cccf1eecf39d2d2c21025ad2778bb7c65f
433,city_roof_88d000d6_0013,7,,1,city_d9cefc09edfb829984d18e0d,8c033c876ea3dcaf4234a1f094ce36cccf1eecf39d2d2c21025ad2778bb7c65f
434,city_ornament_9a34ea84_0154,4,,1,city_be8364e3260fdd9e915fe7a0,8d5dcfbe739ebd57642297569170d930b81d60be15e7d9a3cadbc21ee564a3d4
434,city_ornament_9a34ea84_0236,11,,1,city_be8364e3260fdd9e915fe7a0,8d5dcfbe739ebd57642297569170d930b81d60be15e7d9a3cadbc21ee564a3d4
435,city_column_bc0c7c3a_0248,8,,1,city_2196d2029d897ad8a0c9004b,8dae142b91032eb04596a0a4930ca740f5a535be1585d533dd4b97db6accf9d4
435,city_ornament_29298bdb_0032,8,,1,city_2196d2029d897ad8a0c9004b,8dae142b91032eb04596a0a4930ca740f5a535be1585d533dd4b97db6accf9d4
436,city_fence_1de007a5_0072,13,,1,city_208d8e72755ec4750c433780,8db71cd230473dc8c8650d9afac26419114b84fb878219b63b17e0a9ba3e4402
436,city_ornament_9a34ea84_0053,11,,1,city_208d8e72755ec4750c433780,8db71cd230473dc8c8650d9afac26419114b84fb878219b63b17e0a9ba3e4402
437,city_column_db2a0dd4_0023,4,,1,city_333230febbe17b38e9bccda1,8deec322dece98877def338e1b4c91c912afd430f46a4b1a3c07b82aa803e7fb
437,city_ornament_9a34ea84_0131,6,,1,city_333230febbe17b38e9bccda1,8deec322dece98877def338e1b4c91c912afd430f46a4b1a3c07b82aa803e7fb
438,city_masonry_49b8823b_0066,11,,1,city_16e060f71968e93ead2c8aa3,8df4405842692baea13c00d3958b87c75573451b908742d8019ea17fa7f0a902
438,city_ornament_29298bdb_0049,2,,1,city_16e060f71968e93ead2c8aa3,8df4405842692baea13c00d3958b87c75573451b908742d8019ea17fa7f0a902
439,city_masonry_485969a9_0164,6,,1,city_03d2714c902f807896e4c252,8e6b6f7a91e1174966a2a68d09133c7027562557f1e912a78a26cce468264c08
439,city_ornament_9a34ea84_0180,6,,1,city_03d2714c902f807896e4c252,8e6b6f7a91e1174966a2a68d09133c7027562557f1e912a78a26cce468264c08
440,city_column_db2a0dd4_0066,1,,1,city_692e01ddbdc44f37c4dd0897,8e6fe90638bd41db2e16469f7973dee0eca6dc001960c838883dfe4d96f8d1e4
440,city_ornament_9a34ea84_0162,4,,1,city_692e01ddbdc44f37c4dd0897,8e6fe90638bd41db2e16469f7973dee0eca6dc001960c838883dfe4d96f8d1e4
441,city_ornament_29298bdb_0020,15,,1,city_62953bebc1dd6be021fba53d,8e7f2d74f5d049cd468210163d6e771779b9ce34e3c900428888bdaa595ce3da
441,city_trim_caf156ca_0265,14,,1,city_62953bebc1dd6be021fba53d,8e7f2d74f5d049cd468210163d6e771779b9ce34e3c900428888bdaa595ce3da
442,city_ornament_29298bdb_0031,4,,1,city_1773eb9f5c6453aa6882a3ee,8e85242df0d80a82739516f979dc1c71d5ae3b7f3c2ff1cfe29688ffe35e916d
442,city_trim_caf156ca_0174,13,,1,city_1773eb9f5c6453aa6882a3ee,8e85242df0d80a82739516f979dc1c71d5ae3b7f3c2ff1cfe29688ffe35e916d
443,city_ornament_29298bdb_0016,1,,1,city_e5210acbf55e609aaaba41fe,8efc00c2100daf5787ad7050a2b0655561446fcb2b1faba89f8101240245a303
443,city_trim_caf156ca_0114,13,,1,city_e5210acbf55e609aaaba41fe,8efc00c2100daf5787ad7050a2b0655561446fcb2b1faba89f8101240245a303
444,city_fence_1de007a5_0023,15,,1,city_c38b8caade4acb21b7c58422,8f0798dfa7ddec29b0b42dc2c0d395d59ce4632c3fe37b964c63421f5b1875c2
444,city_ornament_9a34ea84_0073,1,,1,city_c38b8caade4acb21b7c58422,8f0798dfa7ddec29b0b42dc2c0d395d59ce4632c3fe37b964c63421f5b1875c2
445,city_ornament_9a34ea84_0125,10,,1,city_ec61201fe523861b17aa13d2,8f0a3585fd81b43314139508ee16cbd4d45a96a98b74a02b177bc223b524a823
445,city_roof_88d000d6_0039,8,,1,city_ec61201fe523861b17aa13d2,8f0a3585fd81b43314139508ee16cbd4d45a96a98b74a02b177bc223b524a823
446,city_column_db2a0dd4_0208,12,,1,city_b242d7bbcc7e5a4ac9023e42,8f5cbe6e9f520099819b553f71c560695017b6a935f20d88e2e50d7127a5518a
446,city_ornament_9a34ea84_0184,13,,1,city_b242d7bbcc7e5a4ac9023e42,8f5cbe6e9f520099819b553f71c560695017b6a935f20d88e2e50d7127a5518a
447,city_ornament_29298bdb_0001,7,,1,city_3d5c45d077f7097b865d027f,9015d9b80839eb44900d20abcadf2accb7644179debab2ae1b143b595edc2c09
447,city_trim_caf156ca_0108,11,,1,city_3d5c45d077f7097b865d027f,9015d9b80839eb44900d20abcadf2accb7644179debab2ae1b143b595edc2c09
448,city_ornament_29298bdb_0004,14,,1,city_a55449151aa3f24cd5773866,905853d59bace36affb8cf81172b88145fd49c7c6e81f7331fa43f3a7eb29ba6
448,city_trim_caf156ca_0103,13,,1,city_a55449151aa3f24cd5773866,905853d59bace36affb8cf81172b88145fd49c7c6e81f7331fa43f3a7eb29ba6
449,city_ornament_29298bdb_0021,11,,1,city_127959d5c0c47a6e59cd5ab3,90ab91e5e2c97e20ba6bf19191c538817c115773520ad527c2a2b9c14c9f68ef
449,city_trim_caf156ca_0250,15,,1,city_127959d5c0c47a6e59cd5ab3,90ab91e5e2c97e20ba6bf19191c538817c115773520ad527c2a2b9c14c9f68ef
450,city_ornament_9a34ea84_0109,3,,1,city_7306d04bfa77512883c7fca1,90c6cc82af4819e815faeb5e3d5090c3197cc1809e348477a307c094d57a0e7e
450,city_window_b493fb56_0046,1,,1,city_7306d04bfa77512883c7fca1,90c6cc82af4819e815faeb5e3d5090c3197cc1809e348477a307c094d57a0e7e
451,city_masonry_49b8823b_0087,7,,1,city_4ce5747e65fcd0916a1e7ed1,90d60fcdbdfbd26a8a5ab91db10f4375429fde6be14524155f1a077a474b360e
451,city_ornament_29298bdb_0036,7,,1,city_4ce5747e65fcd0916a1e7ed1,90d60fcdbdfbd26a8a5ab91db10f4375429fde6be14524155f1a077a474b360e
452,city_fence_1de007a5_0008,2,,1,city_b3a10788a2f443d15ca992dd,9148a713dbc428321ddf262348a5cf677f667eecfb95c3092a74dd77d21ddfa7
452,city_ornament_9a34ea84_0087,15,,1,city_b3a10788a2f443d15ca992dd,9148a713dbc428321ddf262348a5cf677f667eecfb95c3092a74dd77d21ddfa7
453,city_column_db2a0dd4_0258,7,,1,city_72832648fd9dcd48a4a19746,918995b3a958e789303b46aa44d207ed3bf286d45729a27dcbdf6fae1c4cdf11
453,city_ornament_9a34ea84_0212,3,,1,city_72832648fd9dcd48a4a19746,918995b3a958e789303b46aa44d207ed3bf286d45729a27dcbdf6fae1c4cdf11
454,city_ornament_29298bdb_0028,2,,1,city_37da6183706177e969646eba,91f39777ea0a6d95207d76382c6d45f23fa52e7cfec70442ba761b99a5403bec
454,city_trim_caf156ca_0294,12,,1,city_37da6183706177e969646eba,91f39777ea0a6d95207d76382c6d45f23fa52e7cfec70442ba761b99a5403bec
455,city_ornament_9a34ea84_0169,4,,1,city_4686b992d0e09ffb4cb0167c,922693df2fcdda36830f9b431deeed2d707915241e69669008cc06aabbf5ea4b
455,city_window_b493fb56_0049,10,,1,city_4686b992d0e09ffb4cb0167c,922693df2fcdda36830f9b431deeed2d707915241e69669008cc06aabbf5ea4b
456,city_floor_ecf457d3_0011,8,,1,city_4d9cf7ca68451a2d799887aa,9385e353ba8fda35d93bb98f024da30c492c09f1aa297c82bd8f8adcc7ce5441
456,city_floor_ecf457d3_0015,9,,1,city_4d9cf7ca68451a2d799887aa,9385e353ba8fda35d93bb98f024da30c492c09f1aa297c82bd8f8adcc7ce5441
457,city_fence_1de007a5_0035,12,,1,city_2af94622ec3e90bc6f3fa219,93ae7de6e9afcb0159e2793a741da0020d656742572cb17f4fceb1f0b09b0cb3
457,city_ornament_9a34ea84_0206,9,,1,city_2af94622ec3e90bc6f3fa219,93ae7de6e9afcb0159e2793a741da0020d656742572cb17f4fceb1f0b09b0cb3
458,city_column_bc0c7c3a_0110,13,,1,city_99c7258cba48d3b7eb57fabb,940be093b76e22057305812c47030a2e36b09e0635a2093bb6ba02a7ea2b3d47
458,city_ornament_29298bdb_0000,11,,1,city_99c7258cba48d3b7eb57fabb,940be093b76e22057305812c47030a2e36b09e0635a2093bb6ba02a7ea2b3d47
459,city_fence_1de007a5_0001,1,,1,city_5600d712895f0d1d0cc202b0,94cdde649577867b39e9b177c05e45963e7d3d8aa33958bbcea09c0e7d7be894
459,city_ornament_9a34ea84_0108,12,,1,city_5600d712895f0d1d0cc202b0,94cdde649577867b39e9b177c05e45963e7d3d8aa33958bbcea09c0e7d7be894
460,city_ornament_9a34ea84_0256,12,,1,city_a00be9b4f2f87cdeaa13305b,94d34dae14f51689b5aeb331a872f83b192f2b9622030d4a8f694d31da3c47b0
460,city_trim_8e15b331_0067,11,,1,city_a00be9b4f2f87cdeaa13305b,94d34dae14f51689b5aeb331a872f83b192f2b9622030d4a8f694d31da3c47b0
461,city_ornament_9a34ea84_0089,1,,1,city_2cd7469d2efd893d6dfebe7d,94f6490f3c3408ec2c2e9729e43acd4794cb015b702762c4d8680bc6246226e9
461,city_stairs_4f20754c_0007,7,,1,city_2cd7469d2efd893d6dfebe7d,94f6490f3c3408ec2c2e9729e43acd4794cb015b702762c4d8680bc6246226e9
462,city_ornament_9a34ea84_0125,11,,1,city_a85804b585b14ddc7959669c,9508d3cfe7e8595d16d70522ced73a4d38572ab1f262c202f708ed9be727d39d
462,city_roof_88d000d6_0039,7,,1,city_a85804b585b14ddc7959669c,9508d3cfe7e8595d16d70522ced73a4d38572ab1f262c202f708ed9be727d39d
463,city_column_bc0c7c3a_0103,8,,1,city_8b9a439592068cb6f3ad7f49,954375ce6caf88e30cebb56b2ffee1b5aa753f5339ea7ddcdfca6039abdb4566
463,city_ornament_29298bdb_0051,7,,1,city_8b9a439592068cb6f3ad7f49,954375ce6caf88e30cebb56b2ffee1b5aa753f5339ea7ddcdfca6039abdb4566
464,city_fence_1de007a5_0041,9,,1,city_f9a7c78f7f93721ff54dbf49,95b087ca5133ef4c31a269ae626c124dd3ab8e75dd52c18106c7c3beb79b8ca9
464,city_ornament_9a34ea84_0251,2,,1,city_f9a7c78f7f93721ff54dbf49,95b087ca5133ef4c31a269ae626c124dd3ab8e75dd52c18106c7c3beb79b8ca9
465,city_column_bc0c7c3a_0114,6,,1,city_119d2065f40f695e6812bf2d,9615700e100d067826e3b317a68d685f89fa123d676e76128ad50225ade03ff5
465,city_ornament_29298bdb_0017,11,,1,city_119d2065f40f695e6812bf2d,9615700e100d067826e3b317a68d685f89fa123d676e76128ad50225ade03ff5
466,city_fence_1de007a5_0055,3,,1,city_8a7513ae71866ecb6c7e35c6,964aa7718c7aff38818d478c7dd0cc37ca9b20feec467ab8e80afdd81ea616a5
466,city_ornament_9a34ea84_0257,8,,1,city_8a7513ae71866ecb6c7e35c6,964aa7718c7aff38818d478c7dd0cc37ca9b20feec467ab8e80afdd81ea616a5
467,city_ornament_9a34ea84_0064,10,,1,city_961c1073a622df420a9ea443,967e05587fc25ca852d6c019758d9a741a5a34097d119a8d8a419c62c3679a42
467,city_trim_8e15b331_0055,1,,1,city_961c1073a622df420a9ea443,967e05587fc25ca852d6c019758d9a741a5a34097d119a8d8a419c62c3679a42
468,city_ornament_29298bdb_0020,5,,1,city_a0b2ea07e73d155a78bd4209,96c8952f4424f3fb350c207c4777b178b2dcee3f1f624a826bfd142310458fc3
468,city_trim_caf156ca_0285,5,,1,city_a0b2ea07e73d155a78bd4209,96c8952f4424f3fb350c207c4777b178b2dcee3f1f624a826bfd142310458fc3
469,city_ornament_29298bdb_0032,14,,1,city_465f25b604408058bf26b48c,972cfc310a90574e438031381589f064ab47d10fb0b04a9206511559063b861e
469,city_trim_caf156ca_0315,3,,1,city_465f25b604408058bf26b48c,972cfc310a90574e438031381589f064ab47d10fb0b04a9206511559063b861e
470,city_column_bc0c7c3a_0280,10,,1,city_3b51d4e81829eb23c4915f7e,98259dd56632211af2a759f2878e821febce5843d92f695755bb5589f5d559cf
470,city_ornament_29298bdb_0058,13,,1,city_3b51d4e81829eb23c4915f7e,98259dd56632211af2a759f2878e821febce5843d92f695755bb5589f5d559cf
471,city_ornament_9a34ea84_0155,6,,1,city_266fce63708489ad663ee867,984a5e17a0c7c2311a893e6207f09f4311460c0886ea42ca524cc1155e907fc7
471,city_stairs_4f20754c_0051,3,,1,city_266fce63708489ad663ee867,984a5e17a0c7c2311a893e6207f09f4311460c0886ea42ca524cc1155e907fc7
472,city_bush_12f91e59_0022,10,,1,city_a994c1d90e992131401ad433,98523d8914606f656611777f6a0fb255a6e1fc774c457ec0953f37f156adb2ad
472,city_ornament_9a34ea84_0242,4,,1,city_a994c1d90e992131401ad433,98523d8914606f656611777f6a0fb255a6e1fc774c457ec0953f37f156adb2ad
473,city_masonry_49b8823b_0115,0,,1,city_1af68e8d492bbd2834ac72fc,9907e93ac441c9c7abaa76fbad7d607ff721f142e26bba35b059681a15b9db5c
473,city_ornament_29298bdb_0036,12,,1,city_1af68e8d492bbd2834ac72fc,9907e93ac441c9c7abaa76fbad7d607ff721f142e26bba35b059681a15b9db5c
474,city_ornament_29298bdb_0029,7,,1,city_822dd8478c62441373ea1ed9,997c6c75c1ef4f3cc10b73048d461e81109fe01a23ff6f01e3eb48b61b4566cd
474,city_trim_caf156ca_0110,10,,1,city_822dd8478c62441373ea1ed9,997c6c75c1ef4f3cc10b73048d461e81109fe01a23ff6f01e3eb48b61b4566cd
475,city_ornament_29298bdb_0006,1,,1,city_809113f03c9eda2efd505830,99947a910ed3997e8ad92cdaa835d9c9715403f37f00b0af4841a4deec6d7ecf
475,city_trim_caf156ca_0169,6,,1,city_809113f03c9eda2efd505830,99947a910ed3997e8ad92cdaa835d9c9715403f37f00b0af4841a4deec6d7ecf
476,city_ornament_9a34ea84_0106,11,,1,city_45cad9258480976db65ff47d,99b664825057760b0af3a27b45ee7e81d871389c0278ba6401b05cc4438ddebb
476,city_trim_8e15b331_0004,5,,1,city_45cad9258480976db65ff47d,99b664825057760b0af3a27b45ee7e81d871389c0278ba6401b05cc4438ddebb
477,city_column_db2a0dd4_0093,4,,1,city_342213892988ae1f1f2cb072,9a06c37addb72ef38ffd4c7443410dd59dfbfe24325b767f831e5c1c509e8aa0
477,city_ornament_9a34ea84_0207,0,,1,city_342213892988ae1f1f2cb072,9a06c37addb72ef38ffd4c7443410dd59dfbfe24325b767f831e5c1c509e8aa0
478,city_ornament_e937b429_0000,4,,1,city_e695c4d434516cf17e390aa8,9a2652653502a93222fff108eff1a13bb8b4162035a2044a74cb8fb3761820b0
478,city_trim_9c826fa6_0004,10,,1,city_e695c4d434516cf17e390aa8,9a2652653502a93222fff108eff1a13bb8b4162035a2044a74cb8fb3761820b0
479,city_fence_1de007a5_0023,14,,1,city_530f33a2da6bd6b727e69879,9a49143c2da044b3e8aaf613e193194183b10f9d289d3ea73634efe268307cc7
479,city_ornament_9a34ea84_0147,8,,1,city_530f33a2da6bd6b727e69879,9a49143c2da044b3e8aaf613e193194183b10f9d289d3ea73634efe268307cc7
480,city_ornament_29298bdb_0022,9,,1,city_3c1a2fc1c5ecc79023f05f72,9af28ebb5d3a1a4e7b923da5e9f03bdf55fd43e1b6ae03d05102f5e66b3ce2b6
480,city_trim_caf156ca_0328,1,,1,city_3c1a2fc1c5ecc79023f05f72,9af28ebb5d3a1a4e7b923da5e9f03bdf55fd43e1b6ae03d05102f5e66b3ce2b6
481,city_column_bc0c7c3a_0050,4,,1,city_4a1e10fa2cf7bb47871ae712,9b1ce40ff6ed067728179b83346b7e87dfecaa78c6386ee8973ec344bdef2ad1
481,city_ornament_29298bdb_0037,14,,1,city_4a1e10fa2cf7bb47871ae712,9b1ce40ff6ed067728179b83346b7e87dfecaa78c6386ee8973ec344bdef2ad1
482,city_column_db2a0dd4_0091,14,,1,city_c91f92a5ac27ea62b2438f25,9b41228741e3d04056777ec4484f79bf1ba2aa2356745f078a6c5cef966869d5
482,city_ornament_9a34ea84_0028,0,,1,city_c91f92a5ac27ea62b2438f25,9b41228741e3d04056777ec4484f79bf1ba2aa2356745f078a6c5cef966869d5
483,city_ornament_9a34ea84_0255,9,,1,city_c0c316f3e045f4b3e86aae4f,9b4f784e0716f028bab09500a7d0e4783056f18a85afc093d6ba567791eb56e8
483,city_trim_8e15b331_0135,10,,1,city_c0c316f3e045f4b3e86aae4f,9b4f784e0716f028bab09500a7d0e4783056f18a85afc093d6ba567791eb56e8
484,city_masonry_49b8823b_0075,8,,1,city_fa18c147208de30a3e913a89,9b5368eaf102d56096fe9fccbd8edb8324af46e79ce65f713ca099c00ff80de2
484,city_ornament_29298bdb_0058,11,,1,city_fa18c147208de30a3e913a89,9b5368eaf102d56096fe9fccbd8edb8324af46e79ce65f713ca099c00ff80de2
485,city_ornament_9a34ea84_0037,12,,1,city_6934939986cfda081521bccf,9ba5d577acf48df9e368f05c5ef70465db2e2bfcff1a06be9f851c009c588fd1
485,city_ornament_9a34ea84_0092,14,,1,city_6934939986cfda081521bccf,9ba5d577acf48df9e368f05c5ef70465db2e2bfcff1a06be9f851c009c588fd1
486,city_ornament_9a34ea84_0034,2,,1,city_3f0b39a3c693065bd87c7ad9,9bbeb8945cfc10849a5d2b22950206a27eb9f3a71dc0d89321c1271f8de25c6f
486,city_window_b493fb56_0015,15,,1,city_3f0b39a3c693065bd87c7ad9,9bbeb8945cfc10849a5d2b22950206a27eb9f3a71dc0d89321c1271f8de25c6f
487,city_ornament_29298bdb_0002,13,,1,city_e662c92058a44e8f7c4879a7,9c21ccef8a735c9922755fed534fda524880961c16ca4b2a688e5d5b7d64d5fc
487,city_trim_caf156ca_0063,6,,1,city_e662c92058a44e8f7c4879a7,9c21ccef8a735c9922755fed534fda524880961c16ca4b2a688e5d5b7d64d5fc
488,city_ornament_9a34ea84_0088,13,,1,city_a545e330c2a1d3e61f9c8931,9cf4ef5c45ca23bab1b267df8d7432518fe8cfeb8e96dc81409519b3ea80fb51
488,city_ornament_9a34ea84_0230,0,,1,city_a545e330c2a1d3e61f9c8931,9cf4ef5c45ca23bab1b267df8d7432518fe8cfeb8e96dc81409519b3ea80fb51
489,city_ornament_9a34ea84_0062,10,,1,city_60980bddbe420598db4d3440,9d0102c5a089eea1ed805c976aec654c471ec479ad39a9a3eb167419b79dac73
489,city_window_b493fb56_0028,0,,1,city_60980bddbe420598db4d3440,9d0102c5a089eea1ed805c976aec654c471ec479ad39a9a3eb167419b79dac73
490,city_ornament_9a34ea84_0265,14,,1,city_c8ecd6b66b6c857018f491f3,9d5a8593ddb2b29cda2d5c3b71fc93a428ca23a366f71856c4d9518ab7de1ea5
490,city_stairs_4f20754c_0006,8,,1,city_c8ecd6b66b6c857018f491f3,9d5a8593ddb2b29cda2d5c3b71fc93a428ca23a366f71856c4d9518ab7de1ea5
491,city_ornament_9a34ea84_0007,13,,1,city_a5590a9ec591c02ccdf42b64,9d614f6f5cc2f211bb23ae15beb73c61f6631c67e4acc227b849947ac7d86508
491,city_ornament_9a34ea84_0166,4,,1,city_a5590a9ec591c02ccdf42b64,9d614f6f5cc2f211bb23ae15beb73c61f6631c67e4acc227b849947ac7d86508
492,city_ornament_9a34ea84_0158,3,,1,city_3daf35c52ccb9d177eaf9858,9e044eba2df904df3912e3a8ddfa9452774675aae9c5aa9bb98437464e51ade8
492,city_window_b493fb56_0016,4,,1,city_3daf35c52ccb9d177eaf9858,9e044eba2df904df3912e3a8ddfa9452774675aae9c5aa9bb98437464e51ade8
493,city_ornament_9a34ea84_0003,9,,1,city_ad66a7f2d959691843e44f8c,9e33bb9e655ba70faf0ed477705a7f4815cc5f381512b9ef2cbbcaf8156e22c8
493,city_stairs_4f20754c_0004,1,,1,city_ad66a7f2d959691843e44f8c,9e33bb9e655ba70faf0ed477705a7f4815cc5f381512b9ef2cbbcaf8156e22c8
494,city_column_bc0c7c3a_0264,6,,1,city_1ba0d69a01dde66601eebaef,9ebc253d57a441b7202a292ef27503111bd4a6b22a2e710af0482e332ef33624
494,city_ornament_29298bdb_0053,10,,1,city_1ba0d69a01dde66601eebaef,9ebc253d57a441b7202a292ef27503111bd4a6b22a2e710af0482e332ef33624
495,city_fence_1de007a5_0058,7,,1,city_5497f421f7d95b0482bb50a6,9ec30e8b71ed4cd4d09e0fc082c8ba0480a6fa733e5b793931056658c1c939e8
495,city_ornament_9a34ea84_0114,12,,1,city_5497f421f7d95b0482bb50a6,9ec30e8b71ed4cd4d09e0fc082c8ba0480a6fa733e5b793931056658c1c939e8
496,city_ornament_9a34ea84_0144,14,,1,city_a49c3a0d8141172c60e1c0da,9f1689220de21eb885b0943b976922dd128c28c89cf4d80b1ed5b959dd237846
496,city_window_b493fb56_0028,2,,1,city_a49c3a0d8141172c60e1c0da,9f1689220de21eb885b0943b976922dd128c28c89cf4d80b1ed5b959dd237846
497,city_masonry_49b8823b_0018,14,,1,city_37c30172d733191d4c473b05,9f3670d5e8b90d96355824a16ff1139532f6e6cc27eaee81d4bcde531d9cb4e6
497,city_ornament_29298bdb_0016,7,,1,city_37c30172d733191d4c473b05,9f3670d5e8b90d96355824a16ff1139532f6e6cc27eaee81d4bcde531d9cb4e6
498,city_column_db2a0dd4_0194,11,,1,city_339b78b8f21cb53255788600,9faf5ae6f9f15f14e8e21e334e36bc78a3268cb1e1b1a5a372251b0caf6ecfb8
498,city_ornament_9a34ea84_0118,1,,1,city_339b78b8f21cb53255788600,9faf5ae6f9f15f14e8e21e334e36bc78a3268cb1e1b1a5a372251b0caf6ecfb8
499,city_masonry_485969a9_0066,0,,1,city_929e2c3d3da1f29f0b049c09,9fd0a05362fe98df267d9e64d6ce9ff6dad5125c33d0d63c08f33045e9506739
499,city_ornament_9a34ea84_0030,13,,1,city_929e2c3d3da1f29f0b049c09,9fd0a05362fe98df267d9e64d6ce9ff6dad5125c33d0d63c08f33045e9506739
500,city_bush_12f91e59_0021,7,,1,city_01f458c8cae3a774170c4615,9fe0ae2aaeceb803dcc025ea088f424db6a7b082cf8b257ec30689f3be054b2f
500,city_ornament_9a34ea84_0024,15,,1,city_01f458c8cae3a774170c4615,9fe0ae2aaeceb803dcc025ea088f424db6a7b082cf8b257ec30689f3be054b2f
501,city_fence_1de007a5_0025,5,,1,city_ac56f54cc7cb7c90bc428ef1,a01efa572e0e0a046ddbaff5f0403a5157b976e227dca6092b8e14cb8d821d97
501,city_ornament_9a34ea84_0017,7,,1,city_ac56f54cc7cb7c90bc428ef1,a01efa572e0e0a046ddbaff5f0403a5157b976e227dca6092b8e14cb8d821d97
502,city_ornament_9a34ea84_0089,0,,1,city_6ed24981cc3b7a6b0577cdbf,a0348180123c93cfa55e7ae498e879b7afbf97f9acfbbe9d6ced4fc5d9c75f2b
502,city_stairs_4f20754c_0007,8,,1,city_6ed24981cc3b7a6b0577cdbf,a0348180123c93cfa55e7ae498e879b7afbf97f9acfbbe9d6ced4fc5d9c75f2b
503,city_fence_1de007a5_0026,4,,1,city_cfdce9fd8d8b60f7f6e8568f,a07cdac82124a7c631b2cd7ec2ca9de9387d3606efdb7b8eb61fcab92ba5368a
503,city_ornament_9a34ea84_0134,11,,1,city_cfdce9fd8d8b60f7f6e8568f,a07cdac82124a7c631b2cd7ec2ca9de9387d3606efdb7b8eb61fcab92ba5368a
504,city_masonry_49b8823b_0110,4,,1,city_1a07973a0e455899254ec5ec,a1781a2726ee177f139e90cfab41a8530f751bea9bfe15a7e73c1ee689afbc1a
504,city_ornament_29298bdb_0054,2,,1,city_1a07973a0e455899254ec5ec,a1781a2726ee177f139e90cfab41a8530f751bea9bfe15a7e73c1ee689afbc1a
505,owner_3000d927d98c533839be,,,4,owner_3000d927d98c533839be_north,a1931daa9b59d165eea44cb43e668623b9838a0c9461fe878b5c72ef02d92f8e
505,owner_2a1f0ccb42f39169d9f7,,,4,owner_2a1f0ccb42f39169d9f7_north,a1931daa9b59d165eea44cb43e668623b9838a0c9461fe878b5c72ef02d92f8e
506,city_fence_c95476a8_0003,8,,1,city_a6405e7c5b09000a42245467,a1b3c5a8cf85db3083ba88183863e72d3e724ef1f4caa0dbb954358c0d6bbbbe
506,city_ornament_29298bdb_0004,10,,1,city_a6405e7c5b09000a42245467,a1b3c5a8cf85db3083ba88183863e72d3e724ef1f4caa0dbb954358c0d6bbbbe
507,city_ornament_29298bdb_0032,15,,1,city_ea5571c048939a6b4b878f14,a1c46ea6a4880bfe2ba386f36e8dabe8f91eea08f578ffa2a1f9b2aa78ef4969
507,city_trim_caf156ca_0215,6,,1,city_ea5571c048939a6b4b878f14,a1c46ea6a4880bfe2ba386f36e8dabe8f91eea08f578ffa2a1f9b2aa78ef4969
508,city_ornament_29298bdb_0021,8,,1,city_a819bed96fad08054e7bcd43,a253aea84ef33d0d898602aa61eee2b362478938ff0090378208e408333f7b2c
508,city_trim_caf156ca_0054,0,,1,city_a819bed96fad08054e7bcd43,a253aea84ef33d0d898602aa61eee2b362478938ff0090378208e408333f7b2c
509,city_ornament_29298bdb_0057,4,,1,city_ab32b25fd8b948dc2fe24ac5,a2a852fed2164f3719c66ca4711278f56f48d470c2a4d58b743b88b069b06293
509,city_trim_caf156ca_0096,4,,1,city_ab32b25fd8b948dc2fe24ac5,a2a852fed2164f3719c66ca4711278f56f48d470c2a4d58b743b88b069b06293
510,city_ornament_9a34ea84_0160,13,,1,city_2f77bb12ca153e13473bb645,a2b74ac89584efd701b180a60194d7ac6d5de6c6d3eafc355bae5fc495550fb1
510,city_trim_8e15b331_0266,0,,1,city_2f77bb12ca153e13473bb645,a2b74ac89584efd701b180a60194d7ac6d5de6c6d3eafc355bae5fc495550fb1
511,city_ornament_29298bdb_0058,0,,1,city_b536ebd5a79e4b6d9ebd88bc,a2c2424f1f19daffbc47c42e55ae04d0dbcabaff44824358a8b419faca1e5c28
511,city_trim_caf156ca_0121,15,,1,city_b536ebd5a79e4b6d9ebd88bc,a2c2424f1f19daffbc47c42e55ae04d0dbcabaff44824358a8b419faca1e5c28
512,city_fence_1de007a5_0038,3,,1,city_2a798081f4d2be0b871f1d7b,a3007dedae83c7f83dba4a682ba6bd05c47ae3d667c2010c741342ebc0bdaae1
512,city_ornament_9a34ea84_0003,13,,1,city_2a798081f4d2be0b871f1d7b,a3007dedae83c7f83dba4a682ba6bd05c47ae3d667c2010c741342ebc0bdaae1
513,city_column_bc0c7c3a_0132,7,,1,city_f678601638726352ca20a938,a306c37f339c02ff90f58b986c706685935cd0ca6192491cddecae8648ada1ea
513,city_ornament_29298bdb_0045,5,,1,city_f678601638726352ca20a938,a306c37f339c02ff90f58b986c706685935cd0ca6192491cddecae8648ada1ea
514,city_fence_1de007a5_0050,11,,1,city_168a1dc6a46803c364da684c,a353bf135ce8317c3f799534d1f742d9acea1e5edad9a7f420833b4088fa3044
514,city_ornament_9a34ea84_0182,6,,1,city_168a1dc6a46803c364da684c,a353bf135ce8317c3f799534d1f742d9acea1e5edad9a7f420833b4088fa3044
515,city_ornament_9a34ea84_0052,14,,1,city_882a61be034a23bbf473359b,a3799ae04a903b35566b5eceb746266b69ebbbdac8caca03847e3153319ae6d2
515,city_ornament_9a34ea84_0134,2,,1,city_882a61be034a23bbf473359b,a3799ae04a903b35566b5eceb746266b69ebbbdac8caca03847e3153319ae6d2
516,city_masonry_49b8823b_0161,6,,1,city_1710853757e43833d516db55,a4595f5722fb4d998c29be614178dac5f2887bd72d77372d75c71c74fc893acc
516,city_ornament_29298bdb_0008,10,,1,city_1710853757e43833d516db55,a4595f5722fb4d998c29be614178dac5f2887bd72d77372d75c71c74fc893acc
517,city_ornament_9a34ea84_0083,7,,1,city_e09d9b46d4eb238cf8d50c16,a4613e06311cfe7c3460ab06fca0f200d6622668aa68c9f9635eb3b3c6f5ba44
517,city_trim_8e15b331_0086,14,,1,city_e09d9b46d4eb238cf8d50c16,a4613e06311cfe7c3460ab06fca0f200d6622668aa68c9f9635eb3b3c6f5ba44
518,city_ornament_29298bdb_0046,3,,1,city_07947c550c960b25ecd87e37,a488353f76768508e3b6377ba63b31ebdb2f62dad3d2927e0ae2de4dd029e987
518,city_window_5650259f_0004,13,,1,city_07947c550c960b25ecd87e37,a488353f76768508e3b6377ba63b31ebdb2f62dad3d2927e0ae2de4dd029e987
519,owner_10925b60d6656eaf2f3b,,,4,owner_10925b60d6656eaf2f3b_north,a4f2e9b015980d1dc712947e30c8bc6c033039634868dfd66fa1e46a080c2609
519,owner_57a9f2a3d45374dd2255,,,4,owner_57a9f2a3d45374dd2255_north,a4f2e9b015980d1dc712947e30c8bc6c033039634868dfd66fa1e46a080c2609
519,owner_08432b280f9f9ac6d366,,,4,owner_08432b280f9f9ac6d366_north,a4f2e9b015980d1dc712947e30c8bc6c033039634868dfd66fa1e46a080c2609
520,city_ornament_9a34ea84_0223,13,,1,city_09c85126f3f1017ed6878ca5,a51596c6232be8e28c5df3fcea3856b53be0d7a4193d6472b1636a969fcd4511
520,city_trim_8e15b331_0103,8,,1,city_09c85126f3f1017ed6878ca5,a51596c6232be8e28c5df3fcea3856b53be0d7a4193d6472b1636a969fcd4511
521,city_ornament_29298bdb_0014,15,,1,city_b6e5607a008b2466f120bfbd,a5366cc5d0366ccbf9b4af2d3cb00671becbc59948496aa7950222e701df4ea7
521,city_trim_caf156ca_0301,12,,1,city_b6e5607a008b2466f120bfbd,a5366cc5d0366ccbf9b4af2d3cb00671becbc59948496aa7950222e701df4ea7
522,city_ornament_29298bdb_0001,15,,1,city_4c5279f6a750f437a2174042,a61aef53b2ce4f21c7bf934e739a69dc16a7c88eb8608a743400156bf987a1fb
522,city_trim_caf156ca_0029,11,,1,city_4c5279f6a750f437a2174042,a61aef53b2ce4f21c7bf934e739a69dc16a7c88eb8608a743400156bf987a1fb
523,city_fence_1de007a5_0076,2,,1,city_3d796781919fbcc253252cd4,a630305a717893cc8b0a28e4f4a36d01665cb41fdc652983ee4d05437655cd2f
523,city_ornament_9a34ea84_0035,4,,1,city_3d796781919fbcc253252cd4,a630305a717893cc8b0a28e4f4a36d01665cb41fdc652983ee4d05437655cd2f
524,city_ornament_29298bdb_0036,9,,1,city_7810b761bc8371d7390d73c1,a67a58386a1cd1f141e41aadd3d9c849f28358604e9d51108fd5d4b53a8cd185
524,city_trim_caf156ca_0378,12,,1,city_7810b761bc8371d7390d73c1,a67a58386a1cd1f141e41aadd3d9c849f28358604e9d51108fd5d4b53a8cd185
525,city_ornament_29298bdb_0016,9,,1,city_25a85fa06fdb6cfa95db0010,a6fc8637b887b4198930950747ca27cb82124809367502d94468781b5ea37da9
525,city_trim_caf156ca_0108,13,,1,city_25a85fa06fdb6cfa95db0010,a6fc8637b887b4198930950747ca27cb82124809367502d94468781b5ea37da9
526,city_masonry_49b8823b_0010,15,,1,city_7b418d3a35aa67391cab6285,a7044e50e4f7597da92839a5a59e879c9ae71b658c0df22f5fdb50d7ca136f3e
526,city_ornament_29298bdb_0041,14,,1,city_7b418d3a35aa67391cab6285,a7044e50e4f7597da92839a5a59e879c9ae71b658c0df22f5fdb50d7ca136f3e
527,city_masonry_49b8823b_0048,4,,1,city_bf43af4a4172228ef80f8fc5,a70ab54005301aa7456a2392aa64db4c2e672b8b866223dc99e21f923d52cc15
527,city_ornament_29298bdb_0017,6,,1,city_bf43af4a4172228ef80f8fc5,a70ab54005301aa7456a2392aa64db4c2e672b8b866223dc99e21f923d52cc15
528,city_masonry_485969a9_0106,0,,1,city_23023f7e77d505eb701f48e0,a738be6de497ab51825804407889a0a3fa3f624824a094b641fb1e0f844a8336
528,city_ornament_9a34ea84_0237,4,,1,city_23023f7e77d505eb701f48e0,a738be6de497ab51825804407889a0a3fa3f624824a094b641fb1e0f844a8336
529,city_fence_1de007a5_0076,1,,1,city_1f60f36d107a2f35490d7a2b,a78de90a75184692a87bce415144aa4f6284889c35ded9238cd7cd6719d31cac
529,city_ornament_9a34ea84_0172,2,,1,city_1f60f36d107a2f35490d7a2b,a78de90a75184692a87bce415144aa4f6284889c35ded9238cd7cd6719d31cac
530,city_fence_1de007a5_0060,12,,1,city_c5bd241f7b88a28b1d522b8e,a79aa0d1efd224245dd6d1f8ca3b0d4ff50b2f864399065e924cd8e469736bbe
530,city_ornament_9a34ea84_0174,9,,1,city_c5bd241f7b88a28b1d522b8e,a79aa0d1efd224245dd6d1f8ca3b0d4ff50b2f864399065e924cd8e469736bbe
531,city_column_bc0c7c3a_0133,15,,1,city_14966c6fb0ebd53752108d04,a7c5f236889811df9ccbd6b2bf2ba9c52d929573e94c99be11224bb4094a8eba
531,city_ornament_29298bdb_0023,0,,1,city_14966c6fb0ebd53752108d04,a7c5f236889811df9ccbd6b2bf2ba9c52d929573e94c99be11224bb4094a8eba
532,city_ornament_9a34ea84_0160,12,,1,city_b2ac9845ac3e4084ec3e8333,a7e8e1fef7d1a4ca7a82bb4ef2498bd9424c92b861691acd360e19af637e547f
532,city_trim_8e15b331_0266,2,,1,city_b2ac9845ac3e4084ec3e8333,a7e8e1fef7d1a4ca7a82bb4ef2498bd9424c92b861691acd360e19af637e547f
533,city_column_db2a0dd4_0064,14,,1,city_b30bd678ba1feb8f170cd971,a866164e08ccb2667d3862217b7802b3e9898e1d76ed42616a24a8253bbecd36
533,city_ornament_9a34ea84_0090,7,,1,city_b30bd678ba1feb8f170cd971,a866164e08ccb2667d3862217b7802b3e9898e1d76ed42616a24a8253bbecd36
534,city_masonry_485969a9_0069,0,,1,city_9c811cd3a36c7dd73f222a95,a987f3c3202d61b8d36359f311f63bb572de5025795d7408fed9dae3df738933
534,city_ornament_9a34ea84_0068,7,,1,city_9c811cd3a36c7dd73f222a95,a987f3c3202d61b8d36359f311f63bb572de5025795d7408fed9dae3df738933
535,city_ornament_29298bdb_0020,0,,1,city_e1a7b7532cea037ab64e007e,a9a4e6bb35666f5d4090f398307fc34369127754b0def4907b8618ef28f54e1d
535,city_trim_caf156ca_0055,4,,1,city_e1a7b7532cea037ab64e007e,a9a4e6bb35666f5d4090f398307fc34369127754b0def4907b8618ef28f54e1d
536,city_ornament_9a34ea84_0085,1,,1,city_6fda542e8677f23c753f992c,a9bfa03530857bb1b3d7155fdc470b1ff0b24f2ef1e8c87bf8f299ff04363e24
536,city_window_b493fb56_0036,7,,1,city_6fda542e8677f23c753f992c,a9bfa03530857bb1b3d7155fdc470b1ff0b24f2ef1e8c87bf8f299ff04363e24
537,city_fence_1de007a5_0087,7,,1,city_c383f9117af8b077ebc2e406,aa18b6949db3a5059cfcf13b916a8c1ec3d36a4945371650a7ce9482a4d78644
537,city_ornament_9a34ea84_0165,0,,1,city_c383f9117af8b077ebc2e406,aa18b6949db3a5059cfcf13b916a8c1ec3d36a4945371650a7ce9482a4d78644
538,city_column_bc0c7c3a_0403,7,,1,city_6383f6f1e637ae66d75c46c0,aa5b1f962210bbc18627006a3c27470ef70a28f5992a7e8ba0ff938440347ccb
538,city_ornament_29298bdb_0009,8,,1,city_6383f6f1e637ae66d75c46c0,aa5b1f962210bbc18627006a3c27470ef70a28f5992a7e8ba0ff938440347ccb
539,city_column_db2a0dd4_0240,13,,1,city_833c74598f0aa30b3723a4cd,aa7c40f8ccb30bbc123fcfb92962d42a5ab591a65ef1629ce0a4930716e0f814
539,city_ornament_9a34ea84_0132,1,,1,city_833c74598f0aa30b3723a4cd,aa7c40f8ccb30bbc123fcfb92962d42a5ab591a65ef1629ce0a4930716e0f814
540,city_column_db2a0dd4_0194,10,,1,city_3cb080c88e8f41d8f5fca626,ac12812c02b77e5410980dfbff6a44cf8ff6a60100910bae30f058535a255509
540,city_ornament_9a34ea84_0118,0,,1,city_3cb080c88e8f41d8f5fca626,ac12812c02b77e5410980dfbff6a44cf8ff6a60100910bae30f058535a255509
541,city_column_bc0c7c3a_0422,8,,1,city_bec5452571e0764ca321da63,ad2e6ac3d0576ca6f3632a8650200c930bd9079d52bcfe7f221d46a27a54b919
541,city_ornament_29298bdb_0015,10,,1,city_bec5452571e0764ca321da63,ad2e6ac3d0576ca6f3632a8650200c930bd9079d52bcfe7f221d46a27a54b919
542,city_ornament_29298bdb_0006,4,,1,city_6bd5ce77868fdf55a2736ab8,adc2a29235265cbe8401bb3f5ca2fde224f029f2a7597d6152f76d5e14717573
542,city_trim_caf156ca_0047,1,,1,city_6bd5ce77868fdf55a2736ab8,adc2a29235265cbe8401bb3f5ca2fde224f029f2a7597d6152f76d5e14717573
543,city_ornament_9a34ea84_0145,2,,1,city_ca15a143bbe7f8bec356be2e,ae23a52854eca1ef38f218a8581f2486b78891874d8b7d8cffc91cdf6e79cd49
543,city_trim_8e15b331_0185,1,,1,city_ca15a143bbe7f8bec356be2e,ae23a52854eca1ef38f218a8581f2486b78891874d8b7d8cffc91cdf6e79cd49
544,city_ornament_29298bdb_0044,14,,1,city_e9f152182f2d916025464bb6,ae6eb14deb9030f37e84686d208f5a815b3060894228e58f28791888929a5159
544,city_trim_caf156ca_0346,11,,1,city_e9f152182f2d916025464bb6,ae6eb14deb9030f37e84686d208f5a815b3060894228e58f28791888929a5159
545,city_column_bc0c7c3a_0336,1,,1,city_b1b9cbba9ec8714d1a2191b5,ae86a592f3f0c75b94c0d7890c4ce218e18cfc6eab3f8febbf9b845a8c39cf8b
545,city_ornament_29298bdb_0019,8,,1,city_b1b9cbba9ec8714d1a2191b5,ae86a592f3f0c75b94c0d7890c4ce218e18cfc6eab3f8febbf9b845a8c39cf8b
546,city_ornament_9a34ea84_0187,2,,1,city_7546dc3aed358f4e9fb4c1b6,ae8fd7b3813b2cf81040e1f26fa40a9cb65f9650830ecf5d6dd7c757df794aa1
546,city_window_b493fb56_0029,4,,1,city_7546dc3aed358f4e9fb4c1b6,ae8fd7b3813b2cf81040e1f26fa40a9cb65f9650830ecf5d6dd7c757df794aa1
547,city_ornament_29298bdb_0040,6,,1,city_d2f2dd059b074c0203bfa2f3,aea3959bb34ebb72ad8e260b11f6f41cf4ac2216c2d8a4bd3c2b54da40767da7
547,city_trim_caf156ca_0334,10,,1,city_d2f2dd059b074c0203bfa2f3,aea3959bb34ebb72ad8e260b11f6f41cf4ac2216c2d8a4bd3c2b54da40767da7
548,city_ornament_29298bdb_0007,7,,1,city_36894d160ed923ba9a1ef1d2,af089dd86716b8032b8a9f2ed9649241c0e5b191a9fe46d08f5fb02730a6a141
548,city_trim_caf156ca_0158,14,,1,city_36894d160ed923ba9a1ef1d2,af089dd86716b8032b8a9f2ed9649241c0e5b191a9fe46d08f5fb02730a6a141
549,city_ornament_9a34ea84_0085,9,,1,city_381c0301b1dfa5a35bedc2e8,af62f97343e294a5c6e746144e6e5b0dd078f1015b4a5f0782d5ddce134a9706
549,city_trim_8e15b331_0016,3,,1,city_381c0301b1dfa5a35bedc2e8,af62f97343e294a5c6e746144e6e5b0dd078f1015b4a5f0782d5ddce134a9706
550,city_fence_1de007a5_0086,10,,1,city_1e57a6e565028d2db88bbf98,b04a50c0ea9ddfc555bbfd503f2ded1e46f5939b95e249bc3710ca35863ff256
550,city_ornament_9a34ea84_0239,9,,1,city_1e57a6e565028d2db88bbf98,b04a50c0ea9ddfc555bbfd503f2ded1e46f5939b95e249bc3710ca35863ff256
551,city_column_db2a0dd4_0292,0,,1,city_f6302bca38245d648b69be26,b1b59f2866a473a0d561336d44d32dea20f3591f150a58ec7c3d8934dd3acf0e
551,city_ornament_9a34ea84_0232,15,,1,city_f6302bca38245d648b69be26,b1b59f2866a473a0d561336d44d32dea20f3591f150a58ec7c3d8934dd3acf0e
552,city_masonry_485969a9_0105,3,,1,city_b192cec20f7be15b6d5a811b,b21cf83daec3a589dbb60139fb0281b5881a3641a748dbcabd93a5b7a8e11797
552,city_ornament_9a34ea84_0122,3,,1,city_b192cec20f7be15b6d5a811b,b21cf83daec3a589dbb60139fb0281b5881a3641a748dbcabd93a5b7a8e11797
553,city_ornament_9a34ea84_0038,6,,1,city_b3c1c5ecfe90ebed050efecd,b267388615bdaa1e9ee6af2e4a5ee9eb358c4abdacfee7ed5185a09caddde0bb
553,city_ornament_9a34ea84_0170,2,,1,city_b3c1c5ecfe90ebed050efecd,b267388615bdaa1e9ee6af2e4a5ee9eb358c4abdacfee7ed5185a09caddde0bb
554,owner_3013a80f634328a8e82d,,,4,owner_3013a80f634328a8e82d_north,b37b8d78a06a343152aaa259c0e6deb3bbddd5d8cb0368c00e5a7479a512a1f0
554,owner_71f00af49cfeb07ac22e,,,4,owner_71f00af49cfeb07ac22e_north,b37b8d78a06a343152aaa259c0e6deb3bbddd5d8cb0368c00e5a7479a512a1f0
555,city_fence_1de007a5_0029,1,,1,city_0b03f68bfa75e2acd31baa4b,b3e60c1acc37cf15ffda20d83888657dbf0617dd6dbfffc97968a5a9435f7a1f
555,city_ornament_9a34ea84_0202,14,,1,city_0b03f68bfa75e2acd31baa4b,b3e60c1acc37cf15ffda20d83888657dbf0617dd6dbfffc97968a5a9435f7a1f
556,city_masonry_49b8823b_0137,3,,1,city_a9e5c319ef89db4ca95d22c3,b40e136974defd2e20cb29250f739a836c5ad3987717aa333624aa00d814a9bb
556,city_ornament_29298bdb_0038,3,,1,city_a9e5c319ef89db4ca95d22c3,b40e136974defd2e20cb29250f739a836c5ad3987717aa333624aa00d814a9bb
557,city_column_bc0c7c3a_0013,14,,1,city_dc2e0ee67e353b1eb35246c7,b4142d3e612249d45c0e6832b1ab911e21af0520178b83365ce5d6e71076ba11
557,city_ornament_29298bdb_0037,15,,1,city_dc2e0ee67e353b1eb35246c7,b4142d3e612249d45c0e6832b1ab911e21af0520178b83365ce5d6e71076ba11
558,city_fence_1de007a5_0041,4,,1,city_0b67da41fceb39a70a891d12,b467c1174d9d025f37e4ebd465a10f4c36f2be45f2c0e0f4094c5e2aa9ec782a
558,city_ornament_9a34ea84_0193,8,,1,city_0b67da41fceb39a70a891d12,b467c1174d9d025f37e4ebd465a10f4c36f2be45f2c0e0f4094c5e2aa9ec782a
559,city_ornament_9a34ea84_0223,10,,1,city_bfadb1e7d8063fbff0f1e5a6,b580bbe513c05acc86f58dea80a2f19510d8ac514a00f4872169c9cdc924d8c7
559,city_trim_8e15b331_0103,9,,1,city_bfadb1e7d8063fbff0f1e5a6,b580bbe513c05acc86f58dea80a2f19510d8ac514a00f4872169c9cdc924d8c7
560,city_ornament_29298bdb_0010,5,,1,city_42f96ece0f3412fc4753ebd1,b596cc6c97817651eb03a63a3134e16e3c3dda071d5ff11765496bd327359152
560,city_window_5650259f_0000,2,,1,city_42f96ece0f3412fc4753ebd1,b596cc6c97817651eb03a63a3134e16e3c3dda071d5ff11765496bd327359152
561,city_ornament_9a34ea84_0251,11,,1,city_17e9b08b70642ef8819cc9ec,b59e3a80f7a83121d068177b7e648b5e1b1a88d0be992fdb446a30ca3f5dda93
561,city_trim_8e15b331_0012,4,,1,city_17e9b08b70642ef8819cc9ec,b59e3a80f7a83121d068177b7e648b5e1b1a88d0be992fdb446a30ca3f5dda93
562,city_ornament_29298bdb_0057,10,,1,city_21afddb27ef3418ccaedf1fd,b5ddb42904f8abc6f95fcda9c200502d665126a36e3b93758124f7b1b1ef8203
562,city_roof_56d52e37_0000,12,,1,city_21afddb27ef3418ccaedf1fd,b5ddb42904f8abc6f95fcda9c200502d665126a36e3b93758124f7b1b1ef8203
563,city_ornament_29298bdb_0029,8,,1,city_4765c2e987c6b091d9b51a28,b652ddadcf4925770b710c0df2ddeb4e742d3bd09cbbd570bd2c9e1a874c9158
563,city_trim_caf156ca_0139,7,,1,city_4765c2e987c6b091d9b51a28,b652ddadcf4925770b710c0df2ddeb4e742d3bd09cbbd570bd2c9e1a874c9158
564,city_fence_1de007a5_0045,4,,1,city_c3a55c6e27ab6066bfed6884,b66e793cfec6fe12f289c84e034bdb9e9a7ace14b3d218c3f62a1ce7ab2ea65a
564,city_ornament_9a34ea84_0247,8,,1,city_c3a55c6e27ab6066bfed6884,b66e793cfec6fe12f289c84e034bdb9e9a7ace14b3d218c3f62a1ce7ab2ea65a
565,city_ornament_9a34ea84_0202,9,,1,city_8385c30f8c484f2df2fcf2eb,b6816a1f313775b0a06ce9c2bcc4c275c36a69b7556c3b10b84a90a3f4d62c6e
565,city_trim_8e15b331_0057,13,,1,city_8385c30f8c484f2df2fcf2eb,b6816a1f313775b0a06ce9c2bcc4c275c36a69b7556c3b10b84a90a3f4d62c6e
566,city_column_bc0c7c3a_0297,7,,1,city_04744f93fac49f42e86ac39a,b71e807211f55915ea5c5aca0ded84556c777e3e270697b586ab3067df4ad983
566,city_ornament_29298bdb_0057,1,,1,city_04744f93fac49f42e86ac39a,b71e807211f55915ea5c5aca0ded84556c777e3e270697b586ab3067df4ad983
567,city_column_db2a0dd4_0028,8,,1,city_1a922d2adf7730f0cb315d8f,b75dd765e737238cd6f468d4dadf1aa8615e2dee8f51c3639dd36ba98386a07e
567,city_ornament_9a34ea84_0211,1,,1,city_1a922d2adf7730f0cb315d8f,b75dd765e737238cd6f468d4dadf1aa8615e2dee8f51c3639dd36ba98386a07e
568,city_ornament_29298bdb_0042,13,,1,city_a134e02c258456157d5004b1,b7a634dd89d944d779a942a33c54e2a05abba1aca3416f1408d9e9a78e2967f5
568,city_trim_caf156ca_0019,9,,1,city_a134e02c258456157d5004b1,b7a634dd89d944d779a942a33c54e2a05abba1aca3416f1408d9e9a78e2967f5
569,city_ornament_29298bdb_0019,7,,1,city_e0b59af6d1e63ae8c45c98a8,b809822c695d121b00ebb7731fe8e4d4e0ccd45f1d1cb3c05975172235eb08c4
569,city_trim_caf156ca_0159,5,,1,city_e0b59af6d1e63ae8c45c98a8,b809822c695d121b00ebb7731fe8e4d4e0ccd45f1d1cb3c05975172235eb08c4
570,city_column_db2a0dd4_0121,8,,1,city_de2502b85da0f9bd6d602cdc,b88d154cc5cc74bfac2868e95050bb08d71d91d618d6868b1f446534b65f4a45
570,city_ornament_9a34ea84_0169,6,,1,city_de2502b85da0f9bd6d602cdc,b88d154cc5cc74bfac2868e95050bb08d71d91d618d6868b1f446534b65f4a45
571,city_fence_1de007a5_0015,15,,1,city_6a50e1afdffb25a705ed852f,b8a15f12a7e994e03c389cb6c286f85823de117dca3a9462a0bcd79630d27193
571,city_ornament_9a34ea84_0250,7,,1,city_6a50e1afdffb25a705ed852f,b8a15f12a7e994e03c389cb6c286f85823de117dca3a9462a0bcd79630d27193
572,city_column_bc0c7c3a_0337,1,,1,city_99b34773c49f8af9f00d7852,b8b98a15dc82718661e14c14259f7c14d02e0b7c769155ec6612d95846c1d069
572,city_ornament_29298bdb_0053,14,,1,city_99b34773c49f8af9f00d7852,b8b98a15dc82718661e14c14259f7c14d02e0b7c769155ec6612d95846c1d069
573,city_ornament_29298bdb_0045,10,,1,city_90d172e95a987a6690b92e46,b9588063a64bc6eb28af62ed9c33f7f07eb910a1ea18441eebbcba53a1527fc0
573,city_trim_caf156ca_0160,12,,1,city_90d172e95a987a6690b92e46,b9588063a64bc6eb28af62ed9c33f7f07eb910a1ea18441eebbcba53a1527fc0
574,city_ornament_9a34ea84_0057,4,,1,city_134a209e883a159ae657a2e0,b9662390a38ffde4e0667d10048e401f974e95e0e547ee016371256b91345578
574,city_ornament_9a34ea84_0131,14,,1,city_134a209e883a159ae657a2e0,b9662390a38ffde4e0667d10048e401f974e95e0e547ee016371256b91345578
575,city_column_db2a0dd4_0094,14,,1,city_2ede9416482752cdf100f7b9,b9c287db2a6f41ae981df9f28948237692e96bdd4348e009d9923a8469e2e0a2
575,city_ornament_9a34ea84_0094,2,,1,city_2ede9416482752cdf100f7b9,b9c287db2a6f41ae981df9f28948237692e96bdd4348e009d9923a8469e2e0a2
576,city_masonry_485969a9_0194,6,,1,city_a1c77c226e075f92ff8e6d9d,b9e4d2f542907d89d6c764aec2a6628950a23ba77b2064c647fe794f53750837
576,city_ornament_9a34ea84_0163,11,,1,city_a1c77c226e075f92ff8e6d9d,b9e4d2f542907d89d6c764aec2a6628950a23ba77b2064c647fe794f53750837
577,city_ornament_9a34ea84_0009,2,,1,city_10190f656811ad1b695ab4b3,ba0c52e332267ba6570929a5ae5b91cfeecc686c9e6e1a75d392d1ca63405faa
577,city_ornament_9a34ea84_0079,7,,1,city_10190f656811ad1b695ab4b3,ba0c52e332267ba6570929a5ae5b91cfeecc686c9e6e1a75d392d1ca63405faa
578,city_fence_1de007a5_0066,15,,1,city_632374b40286914e7f49b97b,ba9f9e75ac40345e51bad06d69ebc21b3336dd02630c1717f08f10276b057d09
578,city_ornament_9a34ea84_0216,14,,1,city_632374b40286914e7f49b97b,ba9f9e75ac40345e51bad06d69ebc21b3336dd02630c1717f08f10276b057d09
579,city_column_bc0c7c3a_0353,8,,1,city_2129eed7900f1dffad42e31c,bad1660258ab7733ddade8e97ba428246317c25f3815bee42b92655dca214d4d
579,city_ornament_29298bdb_0033,15,,1,city_2129eed7900f1dffad42e31c,bad1660258ab7733ddade8e97ba428246317c25f3815bee42b92655dca214d4d
580,city_ornament_9a34ea84_0041,15,,1,city_ddf548269d6028323f60b212,baecf5cdb37a91fd3cb1dd9c099b5284baf0054c647acdddce7c00a6088de55f
580,city_trim_8e15b331_0249,9,,1,city_ddf548269d6028323f60b212,baecf5cdb37a91fd3cb1dd9c099b5284baf0054c647acdddce7c00a6088de55f
581,city_masonry_49b8823b_0152,9,,1,city_820cbfc82573c015f680519e,bb56911e9d240c368203a1c025aa25f10786c4e5e0750c0cffb77dde83b46530
581,city_ornament_29298bdb_0002,9,,1,city_820cbfc82573c015f680519e,bb56911e9d240c368203a1c025aa25f10786c4e5e0750c0cffb77dde83b46530
582,city_ornament_29298bdb_0000,7,,1,city_2f743304cf7d53adccbeefd6,bbb89225c4ef37e7f25649d9e4a3e851bb2351af54e9ed09845486702947a034
582,city_trim_caf156ca_0155,2,,1,city_2f743304cf7d53adccbeefd6,bbb89225c4ef37e7f25649d9e4a3e851bb2351af54e9ed09845486702947a034
583,city_fence_1de007a5_0090,13,,1,city_86029f9e064387abbd75339b,bd01cd24eab31bd74eec70d9a809aac61202c298fb1bf0a75fd58970e953374b
583,city_ornament_9a34ea84_0010,1,,1,city_86029f9e064387abbd75339b,bd01cd24eab31bd74eec70d9a809aac61202c298fb1bf0a75fd58970e953374b
584,city_ornament_9a34ea84_0255,8,,1,city_1ed0cd8d0f115a4727690a0b,be6605370fa0110456dd71d1f4275155f7d9e0fc8154275fc19f6888373ac0a2
584,city_ornament_9a34ea84_0271,9,,1,city_1ed0cd8d0f115a4727690a0b,be6605370fa0110456dd71d1f4275155f7d9e0fc8154275fc19f6888373ac0a2
585,city_bush_12f91e59_0000,13,,1,city_f3a794ccb1f936de2d93942f,beecbe772307ef518e2559bafce9d0f41c2a43eea82c87af7af8eed22a2c66d0
585,city_ornament_9a34ea84_0005,11,,1,city_f3a794ccb1f936de2d93942f,beecbe772307ef518e2559bafce9d0f41c2a43eea82c87af7af8eed22a2c66d0
586,city_fence_c95476a8_0014,0,,1,city_fa3ca6a4a8e367c594bd21e1,bfe9a88e0179e6b685323f338ac102e42357546736a31846870548c857b12575
586,city_ornament_29298bdb_0042,0,,1,city_fa3ca6a4a8e367c594bd21e1,bfe9a88e0179e6b685323f338ac102e42357546736a31846870548c857b12575
587,city_ornament_29298bdb_0016,0,,1,city_000a55ca637941654549b3cd,c00d00f4a8f7dfe7350ea1752aef0ca2397ee2ba067fa6e0303e4030423ead4b
587,city_trim_caf156ca_0114,14,,1,city_000a55ca637941654549b3cd,c00d00f4a8f7dfe7350ea1752aef0ca2397ee2ba067fa6e0303e4030423ead4b
588,city_masonry_49b8823b_0110,15,,1,city_0dcc5153c0a1ac4331542e93,c094e12001d6c5f09365ff0c4a31c06f5893c07d49c74ec8a75daaa6053f9f98
588,city_ornament_29298bdb_0044,9,,1,city_0dcc5153c0a1ac4331542e93,c094e12001d6c5f09365ff0c4a31c06f5893c07d49c74ec8a75daaa6053f9f98
589,city_ornament_9a34ea84_0245,1,,1,city_411c26452f470df23c35caba,c0b7d3af6fa26605382d33b40ec19ddbba57867f57d8c0c15e861a9c0d76fde6
589,city_window_b493fb56_0004,7,,1,city_411c26452f470df23c35caba,c0b7d3af6fa26605382d33b40ec19ddbba57867f57d8c0c15e861a9c0d76fde6
590,city_column_bc0c7c3a_0352,15,,1,city_9ceeb47d305287167639ca1c,c0ddebe0c119b9aaba8a720a6395c1ec19e790bec8d93be3a7c411f190105ed0
590,city_ornament_29298bdb_0049,3,,1,city_9ceeb47d305287167639ca1c,c0ddebe0c119b9aaba8a720a6395c1ec19e790bec8d93be3a7c411f190105ed0
591,city_ornament_9a34ea84_0073,2,,1,city_b446a8f9647cd7c5d92e72ed,c12c571b2bed91639a2c652ab651558cb73de405a0d2e8d5a7754565322d9345
591,city_trim_8e15b331_0226,2,,1,city_b446a8f9647cd7c5d92e72ed,c12c571b2bed91639a2c652ab651558cb73de405a0d2e8d5a7754565322d9345
592,city_ornament_9a34ea84_0026,9,,1,city_b81eccdb98313155575932d0,c198d1280d0e7ee8951773563fd44bafdd5158642debd9a5472040d4ace67ce9
592,city_trim_8e15b331_0281,3,,1,city_b81eccdb98313155575932d0,c198d1280d0e7ee8951773563fd44bafdd5158642debd9a5472040d4ace67ce9
593,city_masonry_49b8823b_0021,13,,1,city_d99630642a4584df2a27cbe9,c22ebaa63fe28f4c076b54478e0584cda9d5ab2c99506140bcf03939070b09ff
593,city_ornament_29298bdb_0028,7,,1,city_d99630642a4584df2a27cbe9,c22ebaa63fe28f4c076b54478e0584cda9d5ab2c99506140bcf03939070b09ff
594,city_fence_1de007a5_0090,12,,1,city_fd3554455c683e6996578d45,c302bd0cdd402735dc83a9c23b652d8e3a8ee13e30808ffc9cc6c3bab3215a06
594,city_ornament_9a34ea84_0010,0,,1,city_fd3554455c683e6996578d45,c302bd0cdd402735dc83a9c23b652d8e3a8ee13e30808ffc9cc6c3bab3215a06
595,city_masonry_485969a9_0105,10,,1,city_c8a18ff152136ca170ab652e,c3963a20179f9d51ae4896dbdfa7453199f19b7f1f01943b6c5c060f5999bf6c
595,city_ornament_9a34ea84_0222,13,,1,city_c8a18ff152136ca170ab652e,c3963a20179f9d51ae4896dbdfa7453199f19b7f1f01943b6c5c060f5999bf6c
596,city_ornament_9a34ea84_0025,4,,1,city_95cac305d271799a3385be36,c3ec4c5ff4a692e4b2ad690dc45f0f167cf513e8ead4310ac739cc8fa92f0cd5
596,city_trim_8e15b331_0063,2,,1,city_95cac305d271799a3385be36,c3ec4c5ff4a692e4b2ad690dc45f0f167cf513e8ead4310ac739cc8fa92f0cd5
597,city_ornament_29298bdb_0049,7,,1,city_4b088fc574ef93c17c23eb3f,c3f5f7ffc3b374c189c129915a871809488088e19f8679a8f64ca3f73eb653a5
597,city_trim_caf156ca_0288,2,,1,city_4b088fc574ef93c17c23eb3f,c3f5f7ffc3b374c189c129915a871809488088e19f8679a8f64ca3f73eb653a5
598,city_fence_1de007a5_0060,3,,1,city_174684fa9deb7758f52c5566,c41bd4c85109c581ae6a2d8b5a40b08d95a6e0d4ddb8185524bb451df4af8a4f
598,city_ornament_9a34ea84_0217,9,,1,city_174684fa9deb7758f52c5566,c41bd4c85109c581ae6a2d8b5a40b08d95a6e0d4ddb8185524bb451df4af8a4f
599,city_ornament_29298bdb_0022,5,,1,city_4b896fcd2e2fde7e9358c661,c420e15ccbd31bd03cccade448be1c8b98bb393f763622e20d0788cf432a6a61
599,city_trim_caf156ca_0339,9,,1,city_4b896fcd2e2fde7e9358c661,c420e15ccbd31bd03cccade448be1c8b98bb393f763622e20d0788cf432a6a61
600,city_ornament_9a34ea84_0151,13,,1,city_0ee707923e9f00c8fdbda826,c474ddbeaf1bf49e04a567c14f95489ac6ec39cf9fb211bd254b923c8a41324d
600,city_trim_8e15b331_0289,2,,1,city_0ee707923e9f00c8fdbda826,c474ddbeaf1bf49e04a567c14f95489ac6ec39cf9fb211bd254b923c8a41324d
601,city_fence_1de007a5_0091,1,,1,city_b8212296f64c376011e8cd4f,c4937a550ec24bc56b565b1148748cf788c9ac81c3c18f2cddb11c3dfb8bbe61
601,city_ornament_9a34ea84_0025,9,,1,city_b8212296f64c376011e8cd4f,c4937a550ec24bc56b565b1148748cf788c9ac81c3c18f2cddb11c3dfb8bbe61
602,city_ornament_9a34ea84_0190,8,,1,city_ac0a01a90024d7f29cc2acd7,c4bdc6addad44db887979f9d35cd5cb6516adf3825a51ff2af802fffd4af2d76
602,city_trim_8e15b331_0327,12,,1,city_ac0a01a90024d7f29cc2acd7,c4bdc6addad44db887979f9d35cd5cb6516adf3825a51ff2af802fffd4af2d76
603,city_masonry_485969a9_0076,15,,1,city_e891f47c3f1d0ee24e7f8635,c4d2441f642da4cefbf3ed8165dc47bf1daa59096fbbf3dd6c239d224ee6251b
603,city_ornament_9a34ea84_0237,15,,1,city_e891f47c3f1d0ee24e7f8635,c4d2441f642da4cefbf3ed8165dc47bf1daa59096fbbf3dd6c239d224ee6251b
604,city_ornament_29298bdb_0044,13,,1,city_cc222ebcfafe1fb5ee839ac3,c4d5786f23c8e4fe8fd6cf22782fc18c0609f1cfe235b8fd4550ca981a470b28
604,city_trim_caf156ca_0029,4,,1,city_cc222ebcfafe1fb5ee839ac3,c4d5786f23c8e4fe8fd6cf22782fc18c0609f1cfe235b8fd4550ca981a470b28
605,city_ornament_29298bdb_0054,0,,1,city_d903d568214499c0d6ea1845,c51170ebca42c47072e4b5b42ccddbbec32ee4223e73dedb264bdf2902956ba4
605,city_trim_caf156ca_0050,8,,1,city_d903d568214499c0d6ea1845,c51170ebca42c47072e4b5b42ccddbbec32ee4223e73dedb264bdf2902956ba4
606,city_fence_1de007a5_0080,13,,1,city_3af6cd50f80a33eb658feb21,c5722d597151da273debd66cc6aa611e9396aa0fb4f44dfc64a90ea9a415d0de
606,city_ornament_9a34ea84_0152,13,,1,city_3af6cd50f80a33eb658feb21,c5722d597151da273debd66cc6aa611e9396aa0fb4f44dfc64a90ea9a415d0de
607,city_fence_1de007a5_0080,2,,1,city_eb2e472cca851aac8c0ecc82,c5736a600d22ee891cabffabdc65a5e8def9e0c831a7726e66cc7f697dd63ae3
607,city_ornament_9a34ea84_0049,11,,1,city_eb2e472cca851aac8c0ecc82,c5736a600d22ee891cabffabdc65a5e8def9e0c831a7726e66cc7f697dd63ae3
608,city_fence_1de007a5_0041,7,,1,city_c6b4a95364853aa1d342181e,c5d89aed1a9cc1c9bf0eaf7c341f2b7a45de22476677d353b15b8d0888384478
608,city_ornament_9a34ea84_0267,9,,1,city_c6b4a95364853aa1d342181e,c5d89aed1a9cc1c9bf0eaf7c341f2b7a45de22476677d353b15b8d0888384478
609,city_ornament_9a34ea84_0153,11,,1,city_b026a913b38cef3cd60e1018,c5e5c3760108c46c038eaecddeba35d6ede05b7e5866a2f84bf87b0e118a15a6
609,city_roof_88d000d6_0055,11,,1,city_b026a913b38cef3cd60e1018,c5e5c3760108c46c038eaecddeba35d6ede05b7e5866a2f84bf87b0e118a15a6
610,city_ornament_29298bdb_0032,5,,1,city_0baaa0a587d7ef29ed4a231c,c613ea1e8736d0a5eac6234b33e74a90961f9bd8917f79078f0b3a858f53fa5c
610,city_stairs_6920a358_0054,11,,1,city_0baaa0a587d7ef29ed4a231c,c613ea1e8736d0a5eac6234b33e74a90961f9bd8917f79078f0b3a858f53fa5c
611,city_column_bc0c7c3a_0079,13,,1,city_e0c2d3554f8382a714e61c56,c6198004617b6cd0d6fd5d07f3182e3c86288e2b05c541649b5c35c91440b7d4
611,city_ornament_29298bdb_0050,3,,1,city_e0c2d3554f8382a714e61c56,c6198004617b6cd0d6fd5d07f3182e3c86288e2b05c541649b5c35c91440b7d4
612,city_ornament_9a34ea84_0119,13,,1,city_cc6dddc6aa6bb88e6b7efcf3,c6612dd101b2b2f25cdd58182720c875b6536bda66e6cda02915c5a80b9350a3
612,city_ornament_9a34ea84_0250,5,,1,city_cc6dddc6aa6bb88e6b7efcf3,c6612dd101b2b2f25cdd58182720c875b6536bda66e6cda02915c5a80b9350a3
613,city_column_db2a0dd4_0010,0,,1,city_f27abcc7bbd96df739cebbdf,c66ee481fcd32bcc45faf628d3ca9bffab303dc2cbf0fb9b81cd117d6063ab1e
613,city_ornament_9a34ea84_0204,12,,1,city_f27abcc7bbd96df739cebbdf,c66ee481fcd32bcc45faf628d3ca9bffab303dc2cbf0fb9b81cd117d6063ab1e
614,city_column_db2a0dd4_0233,9,,1,city_9977a71fb0d97b8a0b635306,c6e89ebbf022347359eb281ae83e21826364de6374da04a9424529c075d8d86f
614,city_ornament_9a34ea84_0261,3,,1,city_9977a71fb0d97b8a0b635306,c6e89ebbf022347359eb281ae83e21826364de6374da04a9424529c075d8d86f
615,city_fence_1de007a5_0053,13,,1,city_9afad37518f194e6f410a6c0,c70090b53a81df9be6b3233fcd449d907fa0a646f2083b841d0b47322b3b9df6
615,city_ornament_9a34ea84_0173,11,,1,city_9afad37518f194e6f410a6c0,c70090b53a81df9be6b3233fcd449d907fa0a646f2083b841d0b47322b3b9df6
616,city_ornament_29298bdb_0032,4,,1,city_c0da5de84a1187406502c7ee,c73208919e1b50b7b4c8eb94453e29dff651506c4f6caa5e2a5ecc40da29aaf6
616,city_trim_caf156ca_0110,9,,1,city_c0da5de84a1187406502c7ee,c73208919e1b50b7b4c8eb94453e29dff651506c4f6caa5e2a5ecc40da29aaf6
617,city_ornament_29298bdb_0028,15,,1,city_a842eecef766756e943c7aa6,c7897d6c224a8779d1b82e0339bda277cac783667ed20c787ffa0d9c3c004360
617,city_stairs_6920a358_0106,9,,1,city_a842eecef766756e943c7aa6,c7897d6c224a8779d1b82e0339bda277cac783667ed20c787ffa0d9c3c004360
618,city_masonry_485969a9_0160,5,,1,city_0e8eca9a1b481166a3ad55f1,c78c492ed0a8e998a658ab9a5df8e0138c67e2b70f1b361f0429680039a9068a
618,city_ornament_9a34ea84_0066,8,,1,city_0e8eca9a1b481166a3ad55f1,c78c492ed0a8e998a658ab9a5df8e0138c67e2b70f1b361f0429680039a9068a
619,city_ornament_29298bdb_0024,5,,1,city_03ae170a7e8f4832fbad270d,c86c841e7a42f26c3bb508252d5359cc061c4251c64b14d2effe38cabb26195b
619,city_trim_caf156ca_0130,5,,1,city_03ae170a7e8f4832fbad270d,c86c841e7a42f26c3bb508252d5359cc061c4251c64b14d2effe38cabb26195b
620,city_fence_1de007a5_0032,2,,1,city_f6de5e4bc7ca0450957c7e39,c8779afe81fc76e27ad4ae09beb3669ed4938d4eccd82643ab2101f5ec02dfe1
620,city_ornament_9a34ea84_0095,2,,1,city_f6de5e4bc7ca0450957c7e39,c8779afe81fc76e27ad4ae09beb3669ed4938d4eccd82643ab2101f5ec02dfe1
621,city_ornament_29298bdb_0024,1,,1,city_744ed7d9b974e4b6b2bce516,c8c5a11664231d5b3378c91a51c93122f3e38533cd848ff909cd33adac424879
621,city_slab_892b86cc_0036,3,,1,city_744ed7d9b974e4b6b2bce516,c8c5a11664231d5b3378c91a51c93122f3e38533cd848ff909cd33adac424879
622,owner_cddced96d825ab1b2c3f,,,4,owner_cddced96d825ab1b2c3f_north,c924715b152674bedb0c93ce7c8559017fd5351237fb89492518cdc17f9d0980
622,owner_5a888049b788f174c430,,,4,owner_5a888049b788f174c430_north,c924715b152674bedb0c93ce7c8559017fd5351237fb89492518cdc17f9d0980
623,city_column_bc0c7c3a_0228,6,,1,city_f4419f4655fb36615ca21231,c9382e981b6991c040961aa7cf3288337992d43b981d711c282328d88a570bb8
623,city_ornament_29298bdb_0055,15,,1,city_f4419f4655fb36615ca21231,c9382e981b6991c040961aa7cf3288337992d43b981d711c282328d88a570bb8
624,city_column_bc0c7c3a_0029,9,,1,city_3ba0244fffed05a2c6cfde97,c9590c5724a8340d7c08dfdb24686980a1ba73e209161ab1b36240e806399424
624,city_ornament_29298bdb_0056,8,,1,city_3ba0244fffed05a2c6cfde97,c9590c5724a8340d7c08dfdb24686980a1ba73e209161ab1b36240e806399424
625,city_fence_1de007a5_0025,6,,1,city_1f03b77bfe1ae60d688c6532,c98b25e0470c48fedc44b7821931eccdf89421cb94d31141f041604809131462
625,city_ornament_9a34ea84_0017,5,,1,city_1f03b77bfe1ae60d688c6532,c98b25e0470c48fedc44b7821931eccdf89421cb94d31141f041604809131462
626,city_ornament_9a34ea84_0267,2,,1,city_9463ef3d0e2665bfa3a4cae4,c9d46956d42529acbca7156cddc12cfaa030b400e02249bc953ae0fd8435af8e
626,city_roof_88d000d6_0021,7,,1,city_9463ef3d0e2665bfa3a4cae4,c9d46956d42529acbca7156cddc12cfaa030b400e02249bc953ae0fd8435af8e
627,city_fence_1de007a5_0055,11,,1,city_24ef0bc01d4617220ed73f99,c9dff04f80764b0b8c75513c985c04beae1b5cee5fea144917e016ede2c02a27
627,city_ornament_9a34ea84_0075,12,,1,city_24ef0bc01d4617220ed73f99,c9dff04f80764b0b8c75513c985c04beae1b5cee5fea144917e016ede2c02a27
628,city_ornament_9a34ea84_0243,14,,1,city_094d8ecf06865d964ad16822,c9fedf729349efef07005739dbec270b6ff9332d6f6532455faba65b5f451b96
628,city_window_b493fb56_0024,4,,1,city_094d8ecf06865d964ad16822,c9fedf729349efef07005739dbec270b6ff9332d6f6532455faba65b5f451b96
629,city_fence_1de007a5_0032,10,,1,city_deece81fab3cdbdd433c5206,caa37b753c7a48a933a679b7ab5328e8b6ccb791fb65630849ed26b4e7801f2c
629,city_ornament_9a34ea84_0196,12,,1,city_deece81fab3cdbdd433c5206,caa37b753c7a48a933a679b7ab5328e8b6ccb791fb65630849ed26b4e7801f2c
630,city_ornament_9a34ea84_0253,2,,1,city_26b007bec0f94030509606ac,cb10c5975d48bf6312b59149a40e7a04252305fd7305b74201422ad6cacc1412
630,city_trim_8e15b331_0019,6,,1,city_26b007bec0f94030509606ac,cb10c5975d48bf6312b59149a40e7a04252305fd7305b74201422ad6cacc1412
631,city_ornament_9a34ea84_0223,11,,1,city_f8080699841c2cca8b271581,cb12439801a920592a0e8b18620495620f9f52f4a2b0842d475903bcd5c91a59
631,city_trim_8e15b331_0103,7,,1,city_f8080699841c2cca8b271581,cb12439801a920592a0e8b18620495620f9f52f4a2b0842d475903bcd5c91a59
632,city_ornament_9a34ea84_0151,12,,1,city_c6bf6b7be94c41fa06113b64,cbca328f3eb9690cb12acad0cd07401a07e05be6c8b6d75512fa63176439d047
632,city_trim_8e15b331_0289,1,,1,city_c6bf6b7be94c41fa06113b64,cbca328f3eb9690cb12acad0cd07401a07e05be6c8b6d75512fa63176439d047
633,city_ornament_9a34ea84_0092,4,,1,city_1ffcc359b699fba91f3a40de,cc4867b7142a71468f31aeddcc0417c4f96d79c47b35cef8f9991bbd61a1c472
633,city_trim_8e15b331_0166,6,,1,city_1ffcc359b699fba91f3a40de,cc4867b7142a71468f31aeddcc0417c4f96d79c47b35cef8f9991bbd61a1c472
634,city_column_db2a0dd4_0181,14,,1,city_dd5bc8f51239e627308eabb7,cd411dff295e5faf7bc9f8069c8c9c36547e270a030341d876ff6a6e3bbb402d
634,city_ornament_9a34ea84_0054,9,,1,city_dd5bc8f51239e627308eabb7,cd411dff295e5faf7bc9f8069c8c9c36547e270a030341d876ff6a6e3bbb402d
635,city_bush_12f91e59_0027,11,,1,city_fba7004989600745db1dd688,cd4f4346bc12cdd556b39ecbfbd2c64330fcec4d269ca367934223b65a46e068
635,city_ornament_9a34ea84_0089,7,,1,city_fba7004989600745db1dd688,cd4f4346bc12cdd556b39ecbfbd2c64330fcec4d269ca367934223b65a46e068
636,city_ornament_9a34ea84_0126,11,,1,city_529857f081e0482d75040edf,cebcd34bee372891377dfb1d1f3f9185a011b04ec92743b490c922fa71f4bf02
636,city_roof_88d000d6_0034,5,,1,city_529857f081e0482d75040edf,cebcd34bee372891377dfb1d1f3f9185a011b04ec92743b490c922fa71f4bf02
637,city_ornament_9a34ea84_0106,10,,1,city_697848e9b8fd7fa9d500cf17,cedba74296d493819bbd2fd9e0a882a8b6fa2586e886ed88f71bd05388a3cb9d
637,city_trim_8e15b331_0004,4,,1,city_697848e9b8fd7fa9d500cf17,cedba74296d493819bbd2fd9e0a882a8b6fa2586e886ed88f71bd05388a3cb9d
638,city_ornament_29298bdb_0013,9,,1,city_01ac2196bac1f24606619b26,cf3e6a47f175ec2318f9ef76f96f52e8d31ed0dfb1fc059440a63696ddd0c186
638,city_trim_caf156ca_0093,10,,1,city_01ac2196bac1f24606619b26,cf3e6a47f175ec2318f9ef76f96f52e8d31ed0dfb1fc059440a63696ddd0c186
639,city_ornament_29298bdb_0019,10,,1,city_861c9542160fef2a0da6b05d,cf498de475ac470fbbdb36d0e7a1b34916833840f2605e76e9d4b63cb795c261
639,city_stairs_6920a358_0128,4,,1,city_861c9542160fef2a0da6b05d,cf498de475ac470fbbdb36d0e7a1b34916833840f2605e76e9d4b63cb795c261
640,city_floor_ecf457d3_0002,0,,1,city_8f6f78b5ab03dbdc0c3284be,cf4d0c78d3063d83b139fec9a3d2fded7537469804bcc5797a7d50e83c79b369
640,city_floor_ecf457d3_0012,2,,1,city_8f6f78b5ab03dbdc0c3284be,cf4d0c78d3063d83b139fec9a3d2fded7537469804bcc5797a7d50e83c79b369
641,city_fence_1de007a5_0031,3,,1,city_bf9398a79c07601bc40f4b9a,cf734f9463f7e7d6e182666eb200a69763656879befb24bb863803e4c9ef8f84
641,city_ornament_9a34ea84_0240,2,,1,city_bf9398a79c07601bc40f4b9a,cf734f9463f7e7d6e182666eb200a69763656879befb24bb863803e4c9ef8f84
642,city_bush_12f91e59_0026,15,,1,city_b49e482246bc945728275c6a,cfc9201b8a7717c24894eb6f6d5d86d7acc9fbb40ba4529e647ba3b8765bff90
642,city_ornament_9a34ea84_0142,3,,1,city_b49e482246bc945728275c6a,cfc9201b8a7717c24894eb6f6d5d86d7acc9fbb40ba4529e647ba3b8765bff90
643,city_column_bc0c7c3a_0244,2,,1,city_d32ead82c3b87d6d0354ebf1,cfce5555d52ab22590216acef80fe3a7877b5bc822aa75a898eb729b39d762c3
643,city_ornament_29298bdb_0008,1,,1,city_d32ead82c3b87d6d0354ebf1,cfce5555d52ab22590216acef80fe3a7877b5bc822aa75a898eb729b39d762c3
644,city_masonry_49b8823b_0005,12,,1,city_999852f31ac3442c71aba7ad,cfe9905529545b43ee533cf7bc4a51545a8472ab83ab0a2bc751524faa6a6cb1
644,city_ornament_29298bdb_0034,14,,1,city_999852f31ac3442c71aba7ad,cfe9905529545b43ee533cf7bc4a51545a8472ab83ab0a2bc751524faa6a6cb1
645,city_masonry_49b8823b_0038,14,,1,city_4ce82a04c8d1b49d24af3013,d0129f6ef2c8b4f2f4829803d41749b98c9b0a635bf14cc6daf0ea4250517f8d
645,city_ornament_29298bdb_0028,0,,1,city_4ce82a04c8d1b49d24af3013,d0129f6ef2c8b4f2f4829803d41749b98c9b0a635bf14cc6daf0ea4250517f8d
646,city_ornament_29298bdb_0015,14,,1,city_aba725c450ce072be956f771,d02b741a0695a575811cbce0c274837afb25ea340a08ef99e105ef6c95d316a4
646,city_slab_892b86cc_0024,12,,1,city_aba725c450ce072be956f771,d02b741a0695a575811cbce0c274837afb25ea340a08ef99e105ef6c95d316a4
647,city_masonry_49b8823b_0107,1,,1,city_f7ba3904b1f3e54746875ecd,d0705bd8f43722091edfafb34c3e546a088b1e991e4a2400ffac84798e3a3601
647,city_ornament_29298bdb_0050,12,,1,city_f7ba3904b1f3e54746875ecd,d0705bd8f43722091edfafb34c3e546a088b1e991e4a2400ffac84798e3a3601
648,city_ornament_29298bdb_0039,5,,1,city_18836f1a7534aeafc4d7e45d,d0f2ea6e98f499d99c4727dcd3a32c88c238cd20329c5b9266ed7337020cadfa
648,city_trim_caf156ca_0007,10,,1,city_18836f1a7534aeafc4d7e45d,d0f2ea6e98f499d99c4727dcd3a32c88c238cd20329c5b9266ed7337020cadfa
649,city_fence_1de007a5_0047,10,,1,city_5089c1d48888da326a4d59b3,d171ac3a48dd5aa00ffef51c35634c978fc665aae996a9740c2f1fdf5a38fed3
649,city_ornament_9a34ea84_0076,10,,1,city_5089c1d48888da326a4d59b3,d171ac3a48dd5aa00ffef51c35634c978fc665aae996a9740c2f1fdf5a38fed3
650,city_ornament_29298bdb_0041,0,,1,city_e13dd8bf7f7a8352821c2044,d1870c8d99c8113aee7271d0f33a3ad901d06aabc20f370f47ce6aa7b3cb0c12
650,city_trim_caf156ca_0190,14,,1,city_e13dd8bf7f7a8352821c2044,d1870c8d99c8113aee7271d0f33a3ad901d06aabc20f370f47ce6aa7b3cb0c12
651,city_ornament_9a34ea84_0235,14,,1,city_94f83e9c30c24d8eb6347c38,d1dd2bd92132ddace3e4adb491d884e553caabe583423038ed02ef78370e9d1c
651,city_statue_b2415fc8_0003,9,,1,city_94f83e9c30c24d8eb6347c38,d1dd2bd92132ddace3e4adb491d884e553caabe583423038ed02ef78370e9d1c
652,city_ornament_9a34ea84_0143,4,,1,city_a7bc570538dc2a6be5cc8942,d22df8d99d8237751dca0049cdfe691069d4153c56dffbe2a0209bd8e05515c1
652,city_roof_88d000d6_0025,14,,1,city_a7bc570538dc2a6be5cc8942,d22df8d99d8237751dca0049cdfe691069d4153c56dffbe2a0209bd8e05515c1
653,city_ornament_9a34ea84_0143,6,,1,city_763ee8eda32a1691c41826d9,d236ac3159bf862c076345e46b3a4de8ce8c01ee5296b8ff635658618eb92b33
653,city_roof_88d000d6_0025,13,,1,city_763ee8eda32a1691c41826d9,d236ac3159bf862c076345e46b3a4de8ce8c01ee5296b8ff635658618eb92b33
654,city_masonry_49b8823b_0013,6,,1,city_297a08955252798be7742300,d30cee323a1a93f6294d58f56e82d2d1c8723e90c0d0a7e07054213e78b70f19
654,city_ornament_29298bdb_0056,1,,1,city_297a08955252798be7742300,d30cee323a1a93f6294d58f56e82d2d1c8723e90c0d0a7e07054213e78b70f19
655,owner_3899dc2332fb2ba4c126,,,4,owner_3899dc2332fb2ba4c126_north,d3c5fcaa9b9ab9c923479f390cd263cadfd85e6f5053a6ae2f1cfd5c5bc77eea
655,owner_e09ba7469f9864e9c806,,,4,owner_e09ba7469f9864e9c806_north,d3c5fcaa9b9ab9c923479f390cd263cadfd85e6f5053a6ae2f1cfd5c5bc77eea
656,city_ornament_29298bdb_0019,1,,1,city_712db1d6236b3e32eef2e173,d3f37e3e27d6b6a943fd6bc77adedf7b864ffc100af3abc37ad5e65c964599f2
656,city_trim_caf156ca_0013,15,,1,city_712db1d6236b3e32eef2e173,d3f37e3e27d6b6a943fd6bc77adedf7b864ffc100af3abc37ad5e65c964599f2
657,city_ornament_29298bdb_0000,5,,1,city_6a2bc0b50203d2fe6a0773ba,d41d33c977f8af8cf5edde0b1960a3fa4df4210ee24bcc17007f1bac4326696c
657,city_trim_caf156ca_0282,15,,1,city_6a2bc0b50203d2fe6a0773ba,d41d33c977f8af8cf5edde0b1960a3fa4df4210ee24bcc17007f1bac4326696c
658,city_ornament_9a34ea84_0160,4,,1,city_be5e315aef6dc09b8762b6a1,d44393e730e74fa06ada9f604c0f98660f2436aff7d1d97b91771cf3b93d802a
658,city_trim_8e15b331_0064,0,,1,city_be5e315aef6dc09b8762b6a1,d44393e730e74fa06ada9f604c0f98660f2436aff7d1d97b91771cf3b93d802a
659,city_column_db2a0dd4_0239,1,,1,city_cfc26eb290ac473857bd6bc7,d48ff9afc49aca10b50db0f6f9163ed98267c527553eace34fd8217cd95fc3c0
659,city_ornament_9a34ea84_0202,15,,1,city_cfc26eb290ac473857bd6bc7,d48ff9afc49aca10b50db0f6f9163ed98267c527553eace34fd8217cd95fc3c0
660,city_ornament_9a34ea84_0109,0,,1,city_d3ea5bc757c0df82302f0c98,d4a7b67a3cbfde2fe63820a5eecb709cb3d48ca2716602df9d68d1ee80b6dd1b
660,city_window_b493fb56_0046,4,,1,city_d3ea5bc757c0df82302f0c98,d4a7b67a3cbfde2fe63820a5eecb709cb3d48ca2716602df9d68d1ee80b6dd1b
661,city_column_db2a0dd4_0305,4,,1,city_cb3e588af5da674bcb4874d9,d4c90a08f06c8e237acaf6cc4fd08a789491e2435056763c19fd625265f03881
661,city_ornament_9a34ea84_0092,9,,1,city_cb3e588af5da674bcb4874d9,d4c90a08f06c8e237acaf6cc4fd08a789491e2435056763c19fd625265f03881
662,city_column_bc0c7c3a_0166,5,,1,city_c2292a149bb52741cbee7a2f,d4ceceaa0903abe0c49f8555b5d7a07c0344ef729225917765865f8399488910
662,city_ornament_29298bdb_0012,10,,1,city_c2292a149bb52741cbee7a2f,d4ceceaa0903abe0c49f8555b5d7a07c0344ef729225917765865f8399488910
663,city_fence_1de007a5_0070,15,,1,city_73fd11ad3cc0636b781240f5,d4df520fe19e8b73f2ccfbbe3cc42cda3fba4d672ce73b7712c46e1868da64b4
663,city_ornament_9a34ea84_0222,7,,1,city_73fd11ad3cc0636b781240f5,d4df520fe19e8b73f2ccfbbe3cc42cda3fba4d672ce73b7712c46e1868da64b4
664,city_fence_1de007a5_0044,3,,1,city_4857e021388f04956c1125b2,d5083de8b2f2f326e465d2422db1fd14cddd901d99b2cc3ffea904e956f71d55
664,city_fence_1de007a5_0091,5,,1,city_4857e021388f04956c1125b2,d5083de8b2f2f326e465d2422db1fd14cddd901d99b2cc3ffea904e956f71d55
664,city_ornament_9a34ea84_0147,10,,1,city_4857e021388f04956c1125b2,d5083de8b2f2f326e465d2422db1fd14cddd901d99b2cc3ffea904e956f71d55
665,city_fence_1de007a5_0000,11,,1,city_e9efc5cddfe40bcca1122972,d5457f6b536665b411d9691a18af1e4a5ca10f9dad285eb6bdcb3ed50e14aa3f
665,city_ornament_9a34ea84_0202,5,,1,city_e9efc5cddfe40bcca1122972,d5457f6b536665b411d9691a18af1e4a5ca10f9dad285eb6bdcb3ed50e14aa3f
666,city_ornament_29298bdb_0027,10,,1,city_36e1599ca62e452524ef4c69,d5c71be13ffd34fd02bd278375bfc973052e78c31565eacca4af1154c6dc8fc9
666,city_trim_caf156ca_0166,7,,1,city_36e1599ca62e452524ef4c69,d5c71be13ffd34fd02bd278375bfc973052e78c31565eacca4af1154c6dc8fc9
667,city_masonry_49b8823b_0119,1,,1,city_cc106455a71905c61a357efd,d6402dad3e642f5089620d30403ebbfd215d4616bb69209a7f0c1162f509c5bb
667,city_ornament_29298bdb_0015,15,,1,city_cc106455a71905c61a357efd,d6402dad3e642f5089620d30403ebbfd215d4616bb69209a7f0c1162f509c5bb
668,city_ornament_9a34ea84_0197,4,,1,city_1c49326ca01d1eb8a9ea325e,d6536db954d26d2c0003a7a606aa334e1d05d8ee6d72e9a2cc31f12c3f55bce0
668,city_trim_8e15b331_0199,15,,1,city_1c49326ca01d1eb8a9ea325e,d6536db954d26d2c0003a7a606aa334e1d05d8ee6d72e9a2cc31f12c3f55bce0
669,city_masonry_485969a9_0003,0,,1,city_e1f04156eb1e458fae9e2b24,d6bde0a548cd59a59b74dc8e7bd384f1498b2debeda32a1c6a044516ebd0c347
669,city_ornament_9a34ea84_0087,1,,1,city_e1f04156eb1e458fae9e2b24,d6bde0a548cd59a59b74dc8e7bd384f1498b2debeda32a1c6a044516ebd0c347
670,city_fence_1de007a5_0060,10,,1,city_f65eae7d1f9ea1c59e509f34,d71de48a4f1bc0da4bcf6dfae2ff67c37c37b6d98c098be7c4dec2d46c0bfdce
670,city_ornament_9a34ea84_0085,4,,1,city_f65eae7d1f9ea1c59e509f34,d71de48a4f1bc0da4bcf6dfae2ff67c37c37b6d98c098be7c4dec2d46c0bfdce
671,city_ornament_29298bdb_0030,8,,1,city_68997d815b08550ca79c0ca5,d72ea72a39a78fdcc57e7829301752fbd1554ed89c968dd7de499e03e937a419
671,city_trim_caf156ca_0058,14,,1,city_68997d815b08550ca79c0ca5,d72ea72a39a78fdcc57e7829301752fbd1554ed89c968dd7de499e03e937a419
672,city_masonry_485969a9_0030,5,,1,city_6512bfcb95c854c76300a1f2,d773fd45ab15dc271a96ba913165c5a29282056ae47befd745c51f6f1ef683da
672,city_ornament_9a34ea84_0054,4,,1,city_6512bfcb95c854c76300a1f2,d773fd45ab15dc271a96ba913165c5a29282056ae47befd745c51f6f1ef683da
673,city_masonry_485969a9_0019,4,,1,city_d8be494b9eb79a7bf1aad498,d7f680f1dfa8278670d8aea902c50e9665a957f9bb46d944f71526966fc37d7e
673,city_ornament_9a34ea84_0260,10,,1,city_d8be494b9eb79a7bf1aad498,d7f680f1dfa8278670d8aea902c50e9665a957f9bb46d944f71526966fc37d7e
674,city_masonry_485969a9_0135,6,,1,city_24553c9d19265a33e8f989b4,d80e844f3882596830cad114b048c3e63e079cf64279cb412ffe527bdc3360a3
674,city_ornament_9a34ea84_0184,8,,1,city_24553c9d19265a33e8f989b4,d80e844f3882596830cad114b048c3e63e079cf64279cb412ffe527bdc3360a3
675,city_ornament_29298bdb_0026,2,,1,city_0e49bc73bbc8f7a4101e759e,d85bb325557e1f205c0050f1aa2e58a83744b23d9c989c5e3928c224e970928a
675,city_trim_caf156ca_0245,15,,1,city_0e49bc73bbc8f7a4101e759e,d85bb325557e1f205c0050f1aa2e58a83744b23d9c989c5e3928c224e970928a
676,city_bush_12f91e59_0012,14,,1,city_f0af410eb35d3364a7574ca2,d89fb9ecfa24befb262110f00f6beed15fcdff7b579d14ab2d3f70baff7746cf
676,city_ornament_9a34ea84_0081,8,,1,city_f0af410eb35d3364a7574ca2,d89fb9ecfa24befb262110f00f6beed15fcdff7b579d14ab2d3f70baff7746cf
677,city_masonry_49b8823b_0053,2,,1,city_dc888f9279241b0723185a12,d8bb278f5bd7744f0979920d9d75acccaff1e2e90689eaa8b900ed641a49cebd
677,city_ornament_29298bdb_0036,5,,1,city_dc888f9279241b0723185a12,d8bb278f5bd7744f0979920d9d75acccaff1e2e90689eaa8b900ed641a49cebd
678,city_column_db2a0dd4_0034,10,,1,city_e3ebc8542e5a95a7e23f69f5,d933f0f169d6b1b68273f6758f5ac2447d7c1be8df563defa4d67b71c303fff1
678,city_ornament_9a34ea84_0035,15,,1,city_e3ebc8542e5a95a7e23f69f5,d933f0f169d6b1b68273f6758f5ac2447d7c1be8df563defa4d67b71c303fff1
679,city_ornament_9a34ea84_0011,7,,1,city_9888bb4c1c04a30239a0999b,d9bec2ac044d30ef7e59c021ac3bdff60ed78b33bf05ff585dce1de5669d1759
679,city_trim_8e15b331_0230,9,,1,city_9888bb4c1c04a30239a0999b,d9bec2ac044d30ef7e59c021ac3bdff60ed78b33bf05ff585dce1de5669d1759
680,city_column_bc0c7c3a_0444,15,,1,city_78fe8b474fadb8dacf0d0b90,d9c6c2da130a0d8db266c060545641cb830ab06f449ec8934af52eb40672592f
680,city_ornament_29298bdb_0017,2,,1,city_78fe8b474fadb8dacf0d0b90,d9c6c2da130a0d8db266c060545641cb830ab06f449ec8934af52eb40672592f
681,city_fence_1de007a5_0031,1,,1,city_989ed3d4b4c6298e4a04a597,d9cbaf1972fede7ff6f3de012a8466590c1908d6e94ea2ac2be9b56d12c888bb
681,city_ornament_9a34ea84_0079,8,,1,city_989ed3d4b4c6298e4a04a597,d9cbaf1972fede7ff6f3de012a8466590c1908d6e94ea2ac2be9b56d12c888bb
682,city_ornament_29298bdb_0057,3,,1,city_adea5f3c25679bfda3447d08,da0cf686178d076a8de74cdfd899b69d69689161eafb49acaa9c51216badd7ff
682,city_trim_caf156ca_0358,3,,1,city_adea5f3c25679bfda3447d08,da0cf686178d076a8de74cdfd899b69d69689161eafb49acaa9c51216badd7ff
683,city_ornament_29298bdb_0053,3,,1,city_e1b15ed2c810a5028be9405f,dbad257ba21afc777bd758b493dbcae03b06059c9ebf5ca412d6c6c5f4ea912b
683,city_trim_caf156ca_0145,3,,1,city_e1b15ed2c810a5028be9405f,dbad257ba21afc777bd758b493dbcae03b06059c9ebf5ca412d6c6c5f4ea912b
684,city_column_db2a0dd4_0055,4,,1,city_489a09aec79c6d3e2e1fe876,dbf8e9238c903ae56f4a49e3223da415707d020cf6d823b575397f2f0b3dcd85
684,city_ornament_9a34ea84_0057,15,,1,city_489a09aec79c6d3e2e1fe876,dbf8e9238c903ae56f4a49e3223da415707d020cf6d823b575397f2f0b3dcd85
685,city_fence_1de007a5_0035,3,,1,city_563d33e2de73d4cb806a8158,dc3463dd60ad034108cff2281c972c48c0bb040e22afe8b044b80ab34ddadd2c
685,city_ornament_9a34ea84_0013,3,,1,city_563d33e2de73d4cb806a8158,dc3463dd60ad034108cff2281c972c48c0bb040e22afe8b044b80ab34ddadd2c
686,city_fence_1de007a5_0024,14,,1,city_10fadf3a3b2028b353eb9eae,dc388028f7944bc0ec475cb5a877e205ea99293856f4a08bbe2bccecbabcb733
686,city_ornament_9a34ea84_0096,12,,1,city_10fadf3a3b2028b353eb9eae,dc388028f7944bc0ec475cb5a877e205ea99293856f4a08bbe2bccecbabcb733
687,city_column_db2a0dd4_0232,6,,1,city_6e2bb7124e328cc42ce9cf1c,dc448e6dd2e123d142516660008f9a3e98a1f40a51f6cc2838dcd1f50bcbfa54
687,city_ornament_9a34ea84_0137,12,,1,city_6e2bb7124e328cc42ce9cf1c,dc448e6dd2e123d142516660008f9a3e98a1f40a51f6cc2838dcd1f50bcbfa54
688,city_ornament_9a34ea84_0238,11,,1,city_9c718b8b97b17b0b883375f5,dc642c07354d8ade6461b449762a0b56ae0d9a113a968a604575a436c9be7546
688,city_roof_88d000d6_0008,7,,1,city_9c718b8b97b17b0b883375f5,dc642c07354d8ade6461b449762a0b56ae0d9a113a968a604575a436c9be7546
689,city_ornament_29298bdb_0022,15,,1,city_802e3f5c6cf3ef2491a56596,dc7bffea66c1bc523614e7860b79990ad521d88b7725e9c81b1ebe55af30be85
689,city_trim_caf156ca_0351,2,,1,city_802e3f5c6cf3ef2491a56596,dc7bffea66c1bc523614e7860b79990ad521d88b7725e9c81b1ebe55af30be85
690,city_ornament_9a34ea84_0240,11,,1,city_ae8f1505c009dcd7aa841389,dc85c140d308c00021c9f76a74b19556b8247c857ed456a9761e02b478fec66e
690,city_trim_8e15b331_0224,5,,1,city_ae8f1505c009dcd7aa841389,dc85c140d308c00021c9f76a74b19556b8247c857ed456a9761e02b478fec66e
691,city_bush_12f91e59_0003,14,,1,city_b777a84781c19b0231c51e27,dd9ee0c445043f38fae92203c04790ab9f47f145b5af750f708b72a97b8a154a
691,city_ornament_9a34ea84_0015,10,,1,city_b777a84781c19b0231c51e27,dd9ee0c445043f38fae92203c04790ab9f47f145b5af750f708b72a97b8a154a
692,city_column_db2a0dd4_0173,7,,1,city_e0214360f297ac63d44a17a2,ddc2fbb046082e205dc5e501d29889637ff9f5ba8f83df6a7d4c2dcf323fc15e
692,city_ornament_9a34ea84_0068,9,,1,city_e0214360f297ac63d44a17a2,ddc2fbb046082e205dc5e501d29889637ff9f5ba8f83df6a7d4c2dcf323fc15e
693,city_ornament_29298bdb_0036,14,,1,city_283e761ed1aefd90c76946a2,de21167c1a359df817ddef69123469bdd2bd43b95a0de3e58765bf1fc4e0e0e3
693,city_trim_caf156ca_0100,8,,1,city_283e761ed1aefd90c76946a2,de21167c1a359df817ddef69123469bdd2bd43b95a0de3e58765bf1fc4e0e0e3
694,city_ornament_9a34ea84_0003,0,,1,city_b98d3f63ce80cbf5d0ad6e0c,de9eec2aad1a2ed9904d813846b59e751cf0f3dec97a31756b1119d87113a32d
694,city_trim_8e15b331_0072,12,,1,city_b98d3f63ce80cbf5d0ad6e0c,de9eec2aad1a2ed9904d813846b59e751cf0f3dec97a31756b1119d87113a32d
695,city_fence_1de007a5_0017,11,,1,city_fe8d5019d1f53b1787738421,df2fc218b289e0a97b3abc32338ef1f1759c8ea2abd75007390b08194e3fbdc9
695,city_ornament_9a34ea84_0257,5,,1,city_fe8d5019d1f53b1787738421,df2fc218b289e0a97b3abc32338ef1f1759c8ea2abd75007390b08194e3fbdc9
696,city_fence_c95476a8_0008,7,,1,city_c43fad3c9a6f0812604d13e8,df4f989d482fca5d677f2a6a273c94aa8d6f4151b356c6206ef14b837ed913ba
696,city_ornament_29298bdb_0052,14,,1,city_c43fad3c9a6f0812604d13e8,df4f989d482fca5d677f2a6a273c94aa8d6f4151b356c6206ef14b837ed913ba
697,city_column_bc0c7c3a_0248,11,,1,city_b82042dfa2909b33a4a52269,df6b26fc23ca7c2df461b9e13df13b1e421af09990cc016c86c03c927146ca65
697,city_ornament_29298bdb_0057,8,,1,city_b82042dfa2909b33a4a52269,df6b26fc23ca7c2df461b9e13df13b1e421af09990cc016c86c03c927146ca65
698,city_ornament_9a34ea84_0013,13,,1,city_0061cadca7ac894caf71ed7b,df818d71f806e21db33bad543612035458fc93872e85f4a481e69a809cb57baf
698,city_trim_8e15b331_0065,10,,1,city_0061cadca7ac894caf71ed7b,df818d71f806e21db33bad543612035458fc93872e85f4a481e69a809cb57baf
699,city_fence_c95476a8_0001,6,,1,city_ca0c311d715cc165fd3a1854,df8938ab9bcccfe42f63ccac4917c43758fb3ec619becf62c5fd915e68e21826
699,city_ornament_29298bdb_0001,0,,1,city_ca0c311d715cc165fd3a1854,df8938ab9bcccfe42f63ccac4917c43758fb3ec619becf62c5fd915e68e21826
700,city_ornament_29298bdb_0038,10,,1,city_613662f8232cd5250a589e9b,df9bab3ff90e07da8dd6e0644320adfc25091b10892459e697fb21149d0aadc7
700,city_trim_caf156ca_0326,10,,1,city_613662f8232cd5250a589e9b,df9bab3ff90e07da8dd6e0644320adfc25091b10892459e697fb21149d0aadc7
701,city_column_bc0c7c3a_0280,4,,1,city_894ae0369432860002123547,dfb8d5dbe71e08824ee605ed0e46dbd46e1756c8400694ca227ff362e7470c19
701,city_ornament_29298bdb_0039,0,,1,city_894ae0369432860002123547,dfb8d5dbe71e08824ee605ed0e46dbd46e1756c8400694ca227ff362e7470c19
702,city_column_db2a0dd4_0018,2,,1,city_c7c68ea6b595328853a5cae7,e001340f0c04f7c3289f2dd8b3c671448966a7db0bbf9c121dd7301c080a7b9c
702,city_ornament_9a34ea84_0012,4,,1,city_c7c68ea6b595328853a5cae7,e001340f0c04f7c3289f2dd8b3c671448966a7db0bbf9c121dd7301c080a7b9c
703,city_ornament_9a34ea84_0072,0,,1,city_b1a5c6e0bd5133cc00289502,e08175567a7ed2cfe0a1356cad1647887a041a93ef27a11700d063fec97de7e3
703,city_trim_8e15b331_0047,4,,1,city_b1a5c6e0bd5133cc00289502,e08175567a7ed2cfe0a1356cad1647887a041a93ef27a11700d063fec97de7e3
704,city_column_bc0c7c3a_0353,4,,1,city_93dced91c67b8992460b7fc1,e0beb5e8cac1d0efd1687bc28be5637e5e18b4abe2808fb4ba0e0f04c5a020e0
704,city_ornament_29298bdb_0016,12,,1,city_93dced91c67b8992460b7fc1,e0beb5e8cac1d0efd1687bc28be5637e5e18b4abe2808fb4ba0e0f04c5a020e0
705,city_fence_1de007a5_0047,12,,1,city_a08484cdf58c858cf667bc4b,e19c2b10ed46d22b6578e2a217c23a36700d44e9d6838cf1ceca1301963d05ce
705,city_ornament_9a34ea84_0244,0,,1,city_a08484cdf58c858cf667bc4b,e19c2b10ed46d22b6578e2a217c23a36700d44e9d6838cf1ceca1301963d05ce
706,city_ornament_29298bdb_0029,5,,1,city_e6bd20fe3ad42f6edd02edfb,e1b011dda07c2de8fef8450fb8a2cce4af524ef43195eeb9fcfc7c98e3605253
706,city_trim_caf156ca_0297,13,,1,city_e6bd20fe3ad42f6edd02edfb,e1b011dda07c2de8fef8450fb8a2cce4af524ef43195eeb9fcfc7c98e3605253
707,city_masonry_49b8823b_0149,9,,1,city_4eb0c1e2b2f07d13337ebd56,e2a62ce296ad8cf6a294f0df4da0358a1bfb7c1c3a251b4b29b1c837e1a1d01b
707,city_ornament_29298bdb_0040,5,,1,city_4eb0c1e2b2f07d13337ebd56,e2a62ce296ad8cf6a294f0df4da0358a1bfb7c1c3a251b4b29b1c837e1a1d01b
708,city_ornament_9a34ea84_0045,9,,1,city_9510e9cd4a0a0d39c0b85c98,e2c02e70105f8b154fa2bbf5da2933399ce3d559acb8eff3d311c04ceb5c92eb
708,city_roof_88d000d6_0022,13,,1,city_9510e9cd4a0a0d39c0b85c98,e2c02e70105f8b154fa2bbf5da2933399ce3d559acb8eff3d311c04ceb5c92eb
709,city_column_db2a0dd4_0117,15,,1,city_8bde7a63e121376d5bd35c52,e2c869cee2fb2fd316e5e3105f3b8fae1b452068484a391a3dd9bfc95aee4044
709,city_ornament_9a34ea84_0271,5,,1,city_8bde7a63e121376d5bd35c52,e2c869cee2fb2fd316e5e3105f3b8fae1b452068484a391a3dd9bfc95aee4044
710,city_ornament_29298bdb_0016,6,,1,city_a76d603590d30668968c0fb3,e39353d87903899cf91492c166a74c4d9206a94c724b61d29e25a748911b92de
710,city_stairs_6920a358_0042,1,,1,city_a76d603590d30668968c0fb3,e39353d87903899cf91492c166a74c4d9206a94c724b61d29e25a748911b92de
711,city_masonry_485969a9_0006,9,,1,city_83a23d032fe57298e8118b26,e43338874cc96b405bcf7ae93d40750fa138f13cca9030b6b5bb5f3ddc223ce0
711,city_ornament_9a34ea84_0081,2,,1,city_83a23d032fe57298e8118b26,e43338874cc96b405bcf7ae93d40750fa138f13cca9030b6b5bb5f3ddc223ce0
712,city_ornament_29298bdb_0025,7,,1,city_5de37474306cdfec781f690f,e46288585814fcade3223a222af83134d1b5c6b4bf0aba33d68ead622c20db41
712,city_trim_caf156ca_0058,12,,1,city_5de37474306cdfec781f690f,e46288585814fcade3223a222af83134d1b5c6b4bf0aba33d68ead622c20db41
713,city_column_db2a0dd4_0209,9,,1,city_b615b7a284f590936aae05eb,e4b370576be01512d1f4d7254e43ecc5f18f68b4e75c9976a4f2b7205647fc72
713,city_ornament_9a34ea84_0099,2,,1,city_b615b7a284f590936aae05eb,e4b370576be01512d1f4d7254e43ecc5f18f68b4e75c9976a4f2b7205647fc72
714,city_masonry_485969a9_0194,3,,1,city_40444919b2f1229f8c21c930,e4e1dd5d86d0d43dd06ba3481d7efd4e284fb92673ab1d3e39fad58e586177d7
714,city_ornament_9a34ea84_0191,1,,1,city_40444919b2f1229f8c21c930,e4e1dd5d86d0d43dd06ba3481d7efd4e284fb92673ab1d3e39fad58e586177d7
715,city_fence_1de007a5_0080,12,,1,city_63b7cf48045c2a5a7054e534,e56c50bde5566ec2fb94f5bfddbc6c83f52d463e9bc474837b3c7d2b7fde3236
715,city_ornament_9a34ea84_0172,1,,1,city_63b7cf48045c2a5a7054e534,e56c50bde5566ec2fb94f5bfddbc6c83f52d463e9bc474837b3c7d2b7fde3236
716,city_bush_12f91e59_0006,13,,1,city_4ac36ee26ccad253a8d208b7,e5eabee61edb45138d354e1b099e61c31e0f46645910d25df2d6ddb42cb0a29d
716,city_ornament_9a34ea84_0123,1,,1,city_4ac36ee26ccad253a8d208b7,e5eabee61edb45138d354e1b099e61c31e0f46645910d25df2d6ddb42cb0a29d
717,city_fence_1de007a5_0062,1,,1,city_b143190ed55419b9c1b13597,e61d047a054869a7bf0a71b80ada1461f719e499ab719cd3d14e09c72964068c
717,city_ornament_9a34ea84_0120,7,,1,city_b143190ed55419b9c1b13597,e61d047a054869a7bf0a71b80ada1461f719e499ab719cd3d14e09c72964068c
718,city_masonry_49b8823b_0006,13,,1,city_0188b56406b71dc605b46053,e65be14c17f37ba0c6c8abeae727e3d6b810fc19fe9f430f98dc57585a58006a
718,city_ornament_29298bdb_0047,0,,1,city_0188b56406b71dc605b46053,e65be14c17f37ba0c6c8abeae727e3d6b810fc19fe9f430f98dc57585a58006a
719,city_masonry_485969a9_0097,11,,1,city_af9b4168a01ace4e1b0dff8d,e67da0a67c65439bf1fbbe477b69848a95c76d646e12caabed65f7b28e8c7a73
719,city_ornament_9a34ea84_0072,2,,1,city_af9b4168a01ace4e1b0dff8d,e67da0a67c65439bf1fbbe477b69848a95c76d646e12caabed65f7b28e8c7a73
720,city_ornament_29298bdb_0014,7,,1,city_9e9721dcf6f9f7d16e83a422,e6a7033b3208a9ffc9a4e2523c8ddcc780c68d613c2ec35e64257c1ceb0f9dbf
720,city_stairs_6920a358_0070,9,,1,city_9e9721dcf6f9f7d16e83a422,e6a7033b3208a9ffc9a4e2523c8ddcc780c68d613c2ec35e64257c1ceb0f9dbf
721,city_ornament_29298bdb_0025,9,,1,city_9cb542a622ac056c5696c541,e6fe3ca1ca2bbd4cdcece28705b91359aa11686bca8f84c24f567865ed330e94
721,city_trim_caf156ca_0046,4,,1,city_9cb542a622ac056c5696c541,e6fe3ca1ca2bbd4cdcece28705b91359aa11686bca8f84c24f567865ed330e94
722,city_ornament_9a34ea84_0228,2,,1,city_d26dd520e22f33756bfdbb43,e73c05ae07bfabb27e833fff11c37f4f163664e355ccbf217ed051708e855f5a
722,city_trim_8e15b331_0095,7,,1,city_d26dd520e22f33756bfdbb43,e73c05ae07bfabb27e833fff11c37f4f163664e355ccbf217ed051708e855f5a
723,city_ornament_9a34ea84_0205,6,,1,city_f5a8e4a8274be0147b5b43e7,e79d97972b8b7a1a376f7031e15950ab2be3135b679cf89771f46ebc8e4ee4ae
723,city_roof_88d000d6_0039,6,,1,city_f5a8e4a8274be0147b5b43e7,e79d97972b8b7a1a376f7031e15950ab2be3135b679cf89771f46ebc8e4ee4ae
724,city_ornament_29298bdb_0004,11,,1,city_c8f960591c6c47a714a9cf63,e7a39536db6daa39aec254b0962e23990870c6b27647a0e19747787e781545a3
724,city_trim_caf156ca_0121,0,,1,city_c8f960591c6c47a714a9cf63,e7a39536db6daa39aec254b0962e23990870c6b27647a0e19747787e781545a3
725,city_fence_1de007a5_0037,14,,1,city_fdf2f0357b0f4357e05b86c8,e7c4ae813af93469831fe6653de6b483d26f7f4923eecbe10f2807d45ee5abb7
725,city_ornament_9a34ea84_0097,9,,1,city_fdf2f0357b0f4357e05b86c8,e7c4ae813af93469831fe6653de6b483d26f7f4923eecbe10f2807d45ee5abb7
726,city_ornament_9a34ea84_0175,6,,1,city_06cf3551b108f7c30b6dc61c,e832da389c8d6031c92ddcd13f3f927e626aceb2dbfcce1f9486092e00660965
726,city_trim_8e15b331_0095,6,,1,city_06cf3551b108f7c30b6dc61c,e832da389c8d6031c92ddcd13f3f927e626aceb2dbfcce1f9486092e00660965
727,city_fence_1de007a5_0022,5,,1,city_edaacec911a79735ca91f05e,e8ec0ca6c02061f3e429ca1567bad4597388599cdda62dbfe9cf700fd5d43603
727,city_ornament_9a34ea84_0063,2,,1,city_edaacec911a79735ca91f05e,e8ec0ca6c02061f3e429ca1567bad4597388599cdda62dbfe9cf700fd5d43603
728,city_masonry_49b8823b_0121,5,,1,city_a63f3a99f2cd9e0758b639ce,e9816a200b39288f4d7426f958cdce8946d1d30139be0725e729af8a340bc421
728,city_ornament_29298bdb_0006,0,,1,city_a63f3a99f2cd9e0758b639ce,e9816a200b39288f4d7426f958cdce8946d1d30139be0725e729af8a340bc421
729,city_fence_1de007a5_0015,11,,1,city_3fdf40c7772397d0818b5c55,e9f4364f17712431948618bf64c5385566e218c481d0206ade116efcdf05d1b9
729,city_ornament_9a34ea84_0021,4,,1,city_3fdf40c7772397d0818b5c55,e9f4364f17712431948618bf64c5385566e218c481d0206ade116efcdf05d1b9
730,city_ornament_29298bdb_0027,9,,1,city_bd9f41a7f0238565b004e999,ea0ebba6d3adcce0349a37567d68fb92bd2428b066d0c6291a0a001ea55f04eb
730,city_ornament_29298bdb_0056,3,,1,city_bd9f41a7f0238565b004e999,ea0ebba6d3adcce0349a37567d68fb92bd2428b066d0c6291a0a001ea55f04eb
731,city_ornament_9a34ea84_0136,2,,1,city_fc45eebb3cc323159bef6b64,ea74c521aff9eccc5a84f0a1021721f242330ddfccab3fb1cf270ca42ea41113
731,city_stairs_4f20754c_0010,8,,1,city_fc45eebb3cc323159bef6b64,ea74c521aff9eccc5a84f0a1021721f242330ddfccab3fb1cf270ca42ea41113
732,city_ornament_9a34ea84_0233,12,,1,city_05b16a128dcc95ef7cb3341d,eacc9eea547bc32434f827b6aaaae9b692952afafbf4c04b63d455179ef41d30
732,city_roof_88d000d6_0038,7,,1,city_05b16a128dcc95ef7cb3341d,eacc9eea547bc32434f827b6aaaae9b692952afafbf4c04b63d455179ef41d30
733,city_fence_1de007a5_0086,11,,1,city_bf3c87964b7bdb6e152c51af,eb4f69e154b6ff26add9f881bd40bba916bf19b48114f410c2cdc540280a4a3a
733,city_ornament_9a34ea84_0239,10,,1,city_bf3c87964b7bdb6e152c51af,eb4f69e154b6ff26add9f881bd40bba916bf19b48114f410c2cdc540280a4a3a
734,city_fence_1de007a5_0032,9,,1,city_a4469a86d3d45e8a32e26988,eb500a26ade0df55e54135169c2656690fa56355e04609603c176a93594e0081
734,city_ornament_9a34ea84_0196,11,,1,city_a4469a86d3d45e8a32e26988,eb500a26ade0df55e54135169c2656690fa56355e04609603c176a93594e0081
735,city_ornament_29298bdb_0038,14,,1,city_cb876d42b765535d139b198f,eb5a21f2f9df67d788cc052603c7e6f41a54d488bb30bed0b340de9c64417a38
735,city_trim_caf156ca_0166,6,,1,city_cb876d42b765535d139b198f,eb5a21f2f9df67d788cc052603c7e6f41a54d488bb30bed0b340de9c64417a38
736,city_ornament_29298bdb_0051,2,,1,city_2613184dc1e3b3135e5775cb,eb9b089735a6f4ab25cb637dc4bfbe4ee4472a823b7747953c71b69bf36dedd8
736,city_trim_caf156ca_0299,5,,1,city_2613184dc1e3b3135e5775cb,eb9b089735a6f4ab25cb637dc4bfbe4ee4472a823b7747953c71b69bf36dedd8
737,city_column_db2a0dd4_0074,12,,1,city_b3299fae0989119dd51bf086,ebfb45e4f053047a617097e96ad5f8183c9bc3f4eac3f60c16770e6421c97802
737,city_ornament_9a34ea84_0124,5,,1,city_b3299fae0989119dd51bf086,ebfb45e4f053047a617097e96ad5f8183c9bc3f4eac3f60c16770e6421c97802
738,city_masonry_49b8823b_0133,8,,1,city_c977cbfe57155ed6db2aba0f,ec001982374b5ef6eff5b4f46a68ef204c62905724a831718adccbbaa94645df
738,city_ornament_29298bdb_0017,13,,1,city_c977cbfe57155ed6db2aba0f,ec001982374b5ef6eff5b4f46a68ef204c62905724a831718adccbbaa94645df
739,city_column_db2a0dd4_0278,4,,1,city_0c60cfd3d3a70c4bb8378790,ec3286401dc082372b9b66b529e592008991cbb1416b191d114e84e285f6a842
739,city_ornament_9a34ea84_0186,9,,1,city_0c60cfd3d3a70c4bb8378790,ec3286401dc082372b9b66b529e592008991cbb1416b191d114e84e285f6a842
740,city_ornament_9a34ea84_0187,1,,1,city_0b50bd2d143bdcecf5fed0db,ec40790856f28946edbde9fd96606a7538f51e895a256e44c626996b20e8dd3f
740,city_window_b493fb56_0029,5,,1,city_0b50bd2d143bdcecf5fed0db,ec40790856f28946edbde9fd96606a7538f51e895a256e44c626996b20e8dd3f
741,city_ornament_9a34ea84_0055,0,,1,city_3c17d5b9b18fe206c582c980,eca85ba37c5bbd2948e89ab14870e4a6202ca1d5f9b135c20a8b89edb0047e4a
741,city_trim_8e15b331_0093,7,,1,city_3c17d5b9b18fe206c582c980,eca85ba37c5bbd2948e89ab14870e4a6202ca1d5f9b135c20a8b89edb0047e4a
742,city_ornament_9a34ea84_0173,15,,1,city_15c7546932a44226108b2c9b,ed2448b6d36879705ee194f2450a26e09549c127be091daf5760291b104369f6
742,city_roof_88d000d6_0003,14,,1,city_15c7546932a44226108b2c9b,ed2448b6d36879705ee194f2450a26e09549c127be091daf5760291b104369f6
743,city_ornament_9a34ea84_0166,15,,1,city_8f967c70e8067440304727d9,ed3640fac6750d0a6dbbb648f416ebb3957f6dd8b5bb50a141fbb0923f1238d3
743,city_window_b493fb56_0036,6,,1,city_8f967c70e8067440304727d9,ed3640fac6750d0a6dbbb648f416ebb3957f6dd8b5bb50a141fbb0923f1238d3
744,city_ornament_29298bdb_0049,0,,1,city_0298915142f96383df3ad2d8,ed3a69113fbe918163df4b43bd4b75a8edc574ab32ec2925b325cad6c4c6226f
744,city_trim_caf156ca_0316,10,,1,city_0298915142f96383df3ad2d8,ed3a69113fbe918163df4b43bd4b75a8edc574ab32ec2925b325cad6c4c6226f
745,city_column_db2a0dd4_0079,8,,1,city_9eb59ea90785e5dfab7ee603,ee17400907b534932e70fb0a2087ba36008c200a5b896d9f2927dd61c9a1f9b6
745,city_ornament_9a34ea84_0096,4,,1,city_9eb59ea90785e5dfab7ee603,ee17400907b534932e70fb0a2087ba36008c200a5b896d9f2927dd61c9a1f9b6
746,city_masonry_485969a9_0043,3,,1,city_137aa5c7141dd5f6fc8a6f4b,ee2178fb13392ea2ec6f6e1605655aaa0a65d18eeb4088ebde7d8294122376bc
746,city_ornament_9a34ea84_0059,15,,1,city_137aa5c7141dd5f6fc8a6f4b,ee2178fb13392ea2ec6f6e1605655aaa0a65d18eeb4088ebde7d8294122376bc
747,city_column_db2a0dd4_0055,3,,1,city_bac2437ff6bf86b6bbeb1504,ee32a81d81f2b1c0b085159ba35a8a69ed1756f6bf12fbaca0b135c53d84a12d
747,city_ornament_9a34ea84_0058,0,,1,city_bac2437ff6bf86b6bbeb1504,ee32a81d81f2b1c0b085159ba35a8a69ed1756f6bf12fbaca0b135c53d84a12d
748,city_ornament_29298bdb_0054,12,,1,city_dacc6c9708e5687eaef95f3c,ee3cf0ecc1e41fd342cfdabcd6d8169450ca7fcf1dc22f71e1b6131567e47a12
748,city_trim_caf156ca_0300,8,,1,city_dacc6c9708e5687eaef95f3c,ee3cf0ecc1e41fd342cfdabcd6d8169450ca7fcf1dc22f71e1b6131567e47a12
749,city_ornament_9a34ea84_0156,14,,1,city_337356f73da77f5d011b47c4,ee7fe7e6f9ce01ee2d2babdf3e3d3f17a774ff7477d6906a7d2e7857ae0adc35
749,city_window_b493fb56_0028,1,,1,city_337356f73da77f5d011b47c4,ee7fe7e6f9ce01ee2d2babdf3e3d3f17a774ff7477d6906a7d2e7857ae0adc35
750,city_ornament_9a34ea84_0104,3,,1,city_3e0825e1b95793a4725be333,eecfe90fe73c3e993f00af73262575ea484869f47cd64dd11ab9a17fc585db93
750,city_trim_8e15b331_0220,4,,1,city_3e0825e1b95793a4725be333,eecfe90fe73c3e993f00af73262575ea484869f47cd64dd11ab9a17fc585db93
751,city_fence_1de007a5_0008,10,,1,city_0b48b28dcbfbf17271c72279,ef1480708208bb950565997ea941ecef090b34d4b775f1b7a15978c8d3d84e18
751,city_ornament_9a34ea84_0187,6,,1,city_0b48b28dcbfbf17271c72279,ef1480708208bb950565997ea941ecef090b34d4b775f1b7a15978c8d3d84e18
752,city_stairs_6920a358_0063,0,,1,city_a7a6795a1601d25b9966ee33,ef53dfde6976b33713479e7cbc8d5a5025a23cb8341e052c4cb54a18c77b7fdb
752,city_stairs_6920a358_0157,11,,1,city_a7a6795a1601d25b9966ee33,ef53dfde6976b33713479e7cbc8d5a5025a23cb8341e052c4cb54a18c77b7fdb
753,city_fence_1de007a5_0010,14,,1,city_eab0cd0b909c81fed2f118a8,efbda8173d175f82d559cb473bf804b1a6c5457216fc7f3b1182c75f2e42b29f
753,city_ornament_9a34ea84_0105,12,,1,city_eab0cd0b909c81fed2f118a8,efbda8173d175f82d559cb473bf804b1a6c5457216fc7f3b1182c75f2e42b29f
754,city_ornament_9a34ea84_0204,15,,1,city_c04886c759f1befb4499cf74,f13cf585c04c77f8d495b49523d76191579a67d595800b3fe08cdea5540a6223
754,city_window_b493fb56_0052,8,,1,city_c04886c759f1befb4499cf74,f13cf585c04c77f8d495b49523d76191579a67d595800b3fe08cdea5540a6223
755,city_ornament_9a34ea84_0158,10,,1,city_f6e2bd4b7e7765de735a9cc0,f15beb71b1c7e9c1f9e47131531e12263b5b69e160b82383645acca76971840f
755,city_roof_88d000d6_0008,4,,1,city_f6e2bd4b7e7765de735a9cc0,f15beb71b1c7e9c1f9e47131531e12263b5b69e160b82383645acca76971840f
756,city_ornament_29298bdb_0039,4,,1,city_e1acab42b008f54533d5a229,f1957677fb533603c93b965bb7bb5077b125474b19eeae8fa6bb6f2aefe8b380
756,city_trim_caf156ca_0007,9,,1,city_e1acab42b008f54533d5a229,f1957677fb533603c93b965bb7bb5077b125474b19eeae8fa6bb6f2aefe8b380
757,city_ornament_9a34ea84_0092,7,,1,city_faf897fc7713c761b7a9c5e0,f1ae0d2543ddcee1a9ddc5c289e66b3adf35d50798ff5f6a62a1139365c53a9e
757,city_roof_88d000d6_0013,2,,1,city_faf897fc7713c761b7a9c5e0,f1ae0d2543ddcee1a9ddc5c289e66b3adf35d50798ff5f6a62a1139365c53a9e
758,city_column_bc0c7c3a_0213,9,,1,city_c37b345db66ea14ff040ebf3,f2456a5ce1e7a7cdeb9acfc11431ec8070c8fb9d3f2ffdf1e345ffccd68beb7a
758,city_ornament_29298bdb_0045,6,,1,city_c37b345db66ea14ff040ebf3,f2456a5ce1e7a7cdeb9acfc11431ec8070c8fb9d3f2ffdf1e345ffccd68beb7a
759,city_masonry_49547950_0004,13,,1,city_b3f5da444cac572dab27f193,f29176e73fcc87df9cadd5fa80e93c8660e3346574a683b87c33f9861a3ac9d3
759,city_ornament_e937b429_0001,5,,1,city_b3f5da444cac572dab27f193,f29176e73fcc87df9cadd5fa80e93c8660e3346574a683b87c33f9861a3ac9d3
760,city_column_db2a0dd4_0174,12,,1,city_6b6430d3cd4f9cee3bb51e8e,f3377c338cc970fb3d00f599e929232da7f7398daa473e08d149bcd81f609532
760,city_ornament_9a34ea84_0057,8,,1,city_6b6430d3cd4f9cee3bb51e8e,f3377c338cc970fb3d00f599e929232da7f7398daa473e08d149bcd81f609532
761,city_masonry_485969a9_0172,0,,1,city_dfdc038c55c4bcaae46509ca,f424a0c0a35c178a2abc7a163c9535817e1d6f85fdcc9e64622aa9790aeb4f37
761,city_ornament_9a34ea84_0082,15,,1,city_dfdc038c55c4bcaae46509ca,f424a0c0a35c178a2abc7a163c9535817e1d6f85fdcc9e64622aa9790aeb4f37
762,city_ornament_9a34ea84_0187,8,,1,city_e965cecce7ac0e3437c6531a,f4d116f15fbffaaea99fc47b8b55b9f5360112b0d41b7a01ebf93641829c7c1d
762,city_window_b493fb56_0029,3,,1,city_e965cecce7ac0e3437c6531a,f4d116f15fbffaaea99fc47b8b55b9f5360112b0d41b7a01ebf93641829c7c1d
763,city_ornament_9a34ea84_0256,11,,1,city_a6539e01d160029651424c82,f586af51d844cb5b3285be4507246ffd62e53b8da66a3e06fa7f21429f691e97
763,city_trim_8e15b331_0324,2,,1,city_a6539e01d160029651424c82,f586af51d844cb5b3285be4507246ffd62e53b8da66a3e06fa7f21429f691e97
764,city_column_db2a0dd4_0148,2,,1,city_865f7926ac9e0f391b016560,f5c895ff51575ccbebe7afcc130d36b81dfca629b1c7eaf964e9f0cc27099534
764,city_ornament_9a34ea84_0119,0,,1,city_865f7926ac9e0f391b016560,f5c895ff51575ccbebe7afcc130d36b81dfca629b1c7eaf964e9f0cc27099534
765,city_ornament_9a34ea84_0245,3,,1,city_feb18e9a1ac54ce88a80d267,f62fa4980e10bce2fd7904f97ee474add8be026db8237a0272de6c6260efc170
765,city_window_b493fb56_0004,8,,1,city_feb18e9a1ac54ce88a80d267,f62fa4980e10bce2fd7904f97ee474add8be026db8237a0272de6c6260efc170
766,city_ornament_29298bdb_0004,7,,1,city_8b1e9bafe04a46d2f70e813b,f6614f509a31abca2f6880482c2dc209bc80d2c18124939d45ab47c3a4acadff
766,city_trim_caf156ca_0211,4,,1,city_8b1e9bafe04a46d2f70e813b,f6614f509a31abca2f6880482c2dc209bc80d2c18124939d45ab47c3a4acadff
767,city_column_db2a0dd4_0242,14,,1,city_546c517e8497009803463a85,f683ad5c54464f09e0bbfa2e643e2435e902b6829981fb55ea029dd44b4da79e
767,city_ornament_9a34ea84_0101,8,,1,city_546c517e8497009803463a85,f683ad5c54464f09e0bbfa2e643e2435e902b6829981fb55ea029dd44b4da79e
768,city_masonry_485969a9_0032,3,,1,city_a20042f3c34701e2308da788,f6865ea82d9526bc8be2655a401526acb80db9e46877bd02bc307e16aa8af650
768,city_ornament_9a34ea84_0190,4,,1,city_a20042f3c34701e2308da788,f6865ea82d9526bc8be2655a401526acb80db9e46877bd02bc307e16aa8af650
769,city_column_db2a0dd4_0103,4,,1,city_9f3e150fe6adadec44b9a289,f6e2c72e89eafb95e39f5cfc56f11d7c34fecf0bf0d5529b1c553a54da1c1b15
769,city_ornament_9a34ea84_0261,12,,1,city_9f3e150fe6adadec44b9a289,f6e2c72e89eafb95e39f5cfc56f11d7c34fecf0bf0d5529b1c553a54da1c1b15
770,city_column_bc0c7c3a_0429,12,,1,city_81df70a07b6b61193512b666,f7daf8ad262c415df045a365eed0a09fc01400d8709796abef5a603337a5debb
770,city_ornament_29298bdb_0010,14,,1,city_81df70a07b6b61193512b666,f7daf8ad262c415df045a365eed0a09fc01400d8709796abef5a603337a5debb
771,city_ornament_29298bdb_0047,14,,1,city_07429d911e53b11a9447f3ea,f7f1b0481af9338201b596702bf59b16ed9e2be2c01eec6df7c93f108c4f3642
771,city_slab_892b86cc_0024,9,,1,city_07429d911e53b11a9447f3ea,f7f1b0481af9338201b596702bf59b16ed9e2be2c01eec6df7c93f108c4f3642
772,city_fence_1de007a5_0077,1,,1,city_88a8520b9f9f885cab104b91,f880e1dbfe9d2cfa1e07ac2b3adcfa59c36e9b6c01a52ed81a8f451a412c743a
772,city_ornament_9a34ea84_0035,3,,1,city_88a8520b9f9f885cab104b91,f880e1dbfe9d2cfa1e07ac2b3adcfa59c36e9b6c01a52ed81a8f451a412c743a
773,city_ornament_9a34ea84_0206,5,,1,city_b41387663191b196e61f67e0,f8dccdebf06ee74194cc1866244cde51211c80f54b91c2128145c3a9e5d35832
773,city_trim_8e15b331_0133,7,,1,city_b41387663191b196e61f67e0,f8dccdebf06ee74194cc1866244cde51211c80f54b91c2128145c3a9e5d35832
774,city_column_bc0c7c3a_0156,15,,1,city_9be41549cc84cf63f2aa368d,f8e9aa337b4448a978863ec8455a9baa2c264c6876a789e85856850c7536d007
774,city_ornament_29298bdb_0057,5,,1,city_9be41549cc84cf63f2aa368d,f8e9aa337b4448a978863ec8455a9baa2c264c6876a789e85856850c7536d007
775,city_ornament_29298bdb_0031,15,,1,city_da205458dcab618e8010d2d3,f90728ada382fb9863ad56621c2f1829bc0a343fc4bc64475d298978c6ad3662
775,city_trim_caf156ca_0277,8,,1,city_da205458dcab618e8010d2d3,f90728ada382fb9863ad56621c2f1829bc0a343fc4bc64475d298978c6ad3662
776,city_column_db2a0dd4_0242,1,,1,city_206c7c590e5ff8eb1fcb5d34,f938401471118193e53d57e8a80916024789579f9fa8e98952d852404acc5da0
776,city_ornament_9a34ea84_0095,8,,1,city_206c7c590e5ff8eb1fcb5d34,f938401471118193e53d57e8a80916024789579f9fa8e98952d852404acc5da0
777,city_ornament_9a34ea84_0144,15,,1,city_6892606763c11eb4fa769854,f9652065d872cf1bceb26cf75c37e733cb54f65861171e2fe411a11db5ae0213
777,city_window_b493fb56_0038,14,,1,city_6892606763c11eb4fa769854,f9652065d872cf1bceb26cf75c37e733cb54f65861171e2fe411a11db5ae0213
778,city_fence_1de007a5_0031,13,,1,city_335492b227cfc2c7cc7311e1,fa09e32fe2ef2479a026c56caaddbb97c11ba90dfab46c7a0f6528d8eee86a06
778,city_ornament_9a34ea84_0039,1,,1,city_335492b227cfc2c7cc7311e1,fa09e32fe2ef2479a026c56caaddbb97c11ba90dfab46c7a0f6528d8eee86a06
779,city_ornament_9a34ea84_0210,13,,1,city_1656da5c4ee6cb31bf247431,fa3e60e189fc20eaadad03c4235671d3730d45ffd021db13ef7079320a7498b0
779,city_stairs_4f20754c_0045,0,,1,city_1656da5c4ee6cb31bf247431,fa3e60e189fc20eaadad03c4235671d3730d45ffd021db13ef7079320a7498b0
780,city_ornament_29298bdb_0030,9,,1,city_237713280225f3287eb2a397,fa55c73903d9fefeb24246aee9e50571d37e484243999803cf205a13d980d527
780,city_trim_caf156ca_0058,13,,1,city_237713280225f3287eb2a397,fa55c73903d9fefeb24246aee9e50571d37e484243999803cf205a13d980d527
781,city_ornament_29298bdb_0051,12,,1,city_5b6ef572aeeb8c53d7e1156e,faaa2d38ebbd31ce103b6cf6be1a5e0c86c4f433bdbb49f0fd33d2b7fc4bc57e
781,city_trim_caf156ca_0278,10,,1,city_5b6ef572aeeb8c53d7e1156e,faaa2d38ebbd31ce103b6cf6be1a5e0c86c4f433bdbb49f0fd33d2b7fc4bc57e
782,city_fence_1de007a5_0071,13,,1,city_975f5d8dda4a511742779e82,faab8f5781fbc0ff40ebd257b574df64b98446646951db439d2076af79731c9b
782,city_ornament_9a34ea84_0049,5,,1,city_975f5d8dda4a511742779e82,faab8f5781fbc0ff40ebd257b574df64b98446646951db439d2076af79731c9b
783,city_fence_1de007a5_0083,6,,1,city_c24db448e94f34adfb342081,fb252eeb1bf87a9a4d148b823b3be19c4f28eb793081e85f7f02bee249e0faa9
783,city_ornament_9a34ea84_0024,13,,1,city_c24db448e94f34adfb342081,fb252eeb1bf87a9a4d148b823b3be19c4f28eb793081e85f7f02bee249e0faa9
784,city_masonry_49b8823b_0088,8,,1,city_7edf28bc71b850dec1f2cdef,fb7ff72db18eaf5403405d107adc98e1ed68bd22b20e94a91937bbfb4327b1b1
784,city_ornament_29298bdb_0038,13,,1,city_7edf28bc71b850dec1f2cdef,fb7ff72db18eaf5403405d107adc98e1ed68bd22b20e94a91937bbfb4327b1b1
785,city_ornament_9a34ea84_0042,2,,1,city_acbd36909cbe9ef2876dbf5e,fb9db9f605f8c5dafa50149ea42b997cccf50d2aac5ad575fd8375b01453d948
785,city_trim_8e15b331_0249,12,,1,city_acbd36909cbe9ef2876dbf5e,fb9db9f605f8c5dafa50149ea42b997cccf50d2aac5ad575fd8375b01453d948
786,city_fence_1de007a5_0041,6,,1,city_8fa53419846515748ac11c54,fba6b4cf03650e2ab429ce831ac3ac00ee9cc87c27bf33c20e05fb195ad92755
786,city_ornament_9a34ea84_0179,10,,1,city_8fa53419846515748ac11c54,fba6b4cf03650e2ab429ce831ac3ac00ee9cc87c27bf33c20e05fb195ad92755
787,city_fence_1de007a5_0089,11,,1,city_ef86307c0419422012f67333,fbd2e1661920ba03d7a5bc8b30f00b84f52acbd29ecc9a5af581ca7a36cc290d
787,city_ornament_9a34ea84_0242,9,,1,city_ef86307c0419422012f67333,fbd2e1661920ba03d7a5bc8b30f00b84f52acbd29ecc9a5af581ca7a36cc290d
788,city_ornament_29298bdb_0057,14,,1,city_c88ce9edee5191e48623608a,fc04802c1f791c293c72c4a57fa475f6140e5442a532aeab439d66ce5f3fafdf
788,city_trim_caf156ca_0096,3,,1,city_c88ce9edee5191e48623608a,fc04802c1f791c293c72c4a57fa475f6140e5442a532aeab439d66ce5f3fafdf
789,city_column_db2a0dd4_0178,8,,1,city_5526bfb4fce2c6e44e5547d5,fc06fe6877389e66d492aae1b086d38f9ee3648a03f517230aec9fb7190c4f31
789,city_ornament_9a34ea84_0254,2,,1,city_5526bfb4fce2c6e44e5547d5,fc06fe6877389e66d492aae1b086d38f9ee3648a03f517230aec9fb7190c4f31
790,city_fence_1de007a5_0045,1,,1,city_b92c9cc38d21232528a9d642,fc313d2bcb0ef48b9f4dabda3dfc0fb53fa87715cdadd5fc7486da423da704a3
790,city_ornament_9a34ea84_0190,3,,1,city_b92c9cc38d21232528a9d642,fc313d2bcb0ef48b9f4dabda3dfc0fb53fa87715cdadd5fc7486da423da704a3
791,city_column_bc0c7c3a_0140,0,,1,city_4cef33c5bb5b32ba404cee58,fc53476d570e37a2c88262d1f75daaa63332ab3b12e327214c5c79b6af6e2819
791,city_ornament_29298bdb_0024,6,,1,city_4cef33c5bb5b32ba404cee58,fc53476d570e37a2c88262d1f75daaa63332ab3b12e327214c5c79b6af6e2819
792,city_fence_1de007a5_0035,2,,1,city_f55456b7d0bb33cbf53ef34c,fc5ba21d3d8c5c64041e8689143edf38c104444bab7abdba7a64d7bdfd923fd2
792,city_ornament_9a34ea84_0085,7,,1,city_f55456b7d0bb33cbf53ef34c,fc5ba21d3d8c5c64041e8689143edf38c104444bab7abdba7a64d7bdfd923fd2
793,city_column_bc0c7c3a_0056,4,,1,city_d7b830570e97410594cbe6e5,fc79200590d330f01351a8126f5d9d048659471a5589fe59a363808fe349c8e5
793,city_ornament_29298bdb_0014,6,,1,city_d7b830570e97410594cbe6e5,fc79200590d330f01351a8126f5d9d048659471a5589fe59a363808fe349c8e5
794,city_ornament_29298bdb_0043,15,,1,city_bf94c718366a01e93f75cc91,fce313db92ecc8c4017cb98e5e4de77d0a55e5a1cde728803819ca3762f5ab44
794,city_trim_caf156ca_0071,2,,1,city_bf94c718366a01e93f75cc91,fce313db92ecc8c4017cb98e5e4de77d0a55e5a1cde728803819ca3762f5ab44
795,city_fence_1de007a5_0045,9,,1,city_569d205affa946242e8a87d2,fd7c0029d2130e43d4619868156046aaf9508e6c203a65f237e4608d7961a4da
795,city_ornament_9a34ea84_0246,2,,1,city_569d205affa946242e8a87d2,fd7c0029d2130e43d4619868156046aaf9508e6c203a65f237e4608d7961a4da
796,city_masonry_49b8823b_0003,9,,1,city_c370e6e3d045e472db940e05,fd9de2af924794d249300e8285df5e4e304b0b2e6c440606cb377ca7cbf649ce
796,city_ornament_29298bdb_0019,0,,1,city_c370e6e3d045e472db940e05,fd9de2af924794d249300e8285df5e4e304b0b2e6c440606cb377ca7cbf649ce
797,city_masonry_49b8823b_0162,4,,1,city_87b21c3885de40371c4c1158,ff3ddbbcf02588a51a64168132cf4dfddbd4e7d63a6e3298f4104086e69ae158
797,city_ornament_29298bdb_0049,6,,1,city_87b21c3885de40371c4c1158,ff3ddbbcf02588a51a64168132cf4dfddbd4e7d63a6e3298f4104086e69ae158
798,city_column_db2a0dd4_0016,8,,1,city_bd29738bb0b027a375a13a10,ff89c4baabcdd389e2049d99119ea2c2ddb0f645c30c8dc87fdc6724e604b15f
798,city_ornament_9a34ea84_0064,12,,1,city_bd29738bb0b027a375a13a10,ff89c4baabcdd389e2049d99119ea2c2ddb0f645c30c8dc87fdc6724e604b15f
799,city_masonry_49b8823b_0145,0,,1,city_e30d98661bff4befa797879c,ff9d06e3fd56eb9aeffd8f8ba1aca1a2fcc28ec7b40e255c8a9090d4814425d9
799,city_ornament_29298bdb_0023,14,,1,city_e30d98661bff4befa797879c,ff9d06e3fd56eb9aeffd8f8ba1aca1a2fcc28ec7b40e255c8a9090d4814425d9
